<?xml version="1.0" encoding="UTF-8"?>
<gpx version="1.1" creator="Catch 359" xmlns="http://www.topografix.com/GPX/1/1">
  <metadata><name>Catch 359 - Denmark's biggest circle</name></metadata>
  <trk>
    <name>Catch 359 - Denmark's biggest circle</name>
    <trkseg>
      <trkpt lat="56.161764" lon="10.211100"><ele>6.7</ele></trkpt>
      <trkpt lat="56.161855" lon="10.211015"><ele>6.7</ele></trkpt>
      <trkpt lat="56.161508" lon="10.210537"><ele>6.7</ele></trkpt>
      <trkpt lat="56.161332" lon="10.210283"><ele>6.7</ele></trkpt>
      <trkpt lat="56.161019" lon="10.209816"><ele>6.9</ele></trkpt>
      <trkpt lat="56.160945" lon="10.209710"><ele>6.9</ele></trkpt>
      <trkpt lat="56.160697" lon="10.209347"><ele>7.1</ele></trkpt>
      <trkpt lat="56.160529" lon="10.209085"><ele>7.2</ele></trkpt>
      <trkpt lat="56.160437" lon="10.208817"><ele>7.3</ele></trkpt>
      <trkpt lat="56.160374" lon="10.208306"><ele>7.5</ele></trkpt>
      <trkpt lat="56.160311" lon="10.207795"><ele>7.6</ele></trkpt>
      <trkpt lat="56.158908" lon="10.207679"><ele>7.4</ele></trkpt>
      <trkpt lat="56.158817" lon="10.207651"><ele>7.4</ele></trkpt>
      <trkpt lat="56.158635" lon="10.207516"><ele>7.4</ele></trkpt>
      <trkpt lat="56.158152" lon="10.207080"><ele>7.5</ele></trkpt>
      <trkpt lat="56.158083" lon="10.207042"><ele>7.6</ele></trkpt>
      <trkpt lat="56.158015" lon="10.207037"><ele>7.6</ele></trkpt>
      <trkpt lat="56.157932" lon="10.207054"><ele>7.7</ele></trkpt>
      <trkpt lat="56.157793" lon="10.207078"><ele>7.7</ele></trkpt>
      <trkpt lat="56.157621" lon="10.207303"><ele>7.9</ele></trkpt>
      <trkpt lat="56.157471" lon="10.207314"><ele>8.0</ele></trkpt>
      <trkpt lat="56.157117" lon="10.207091"><ele>8.2</ele></trkpt>
      <trkpt lat="56.156973" lon="10.207010"><ele>8.3</ele></trkpt>
      <trkpt lat="56.156901" lon="10.206975"><ele>8.4</ele></trkpt>
      <trkpt lat="56.156857" lon="10.206950"><ele>8.4</ele></trkpt>
      <trkpt lat="56.156832" lon="10.206936"><ele>8.4</ele></trkpt>
      <trkpt lat="56.156629" lon="10.206850"><ele>8.7</ele></trkpt>
      <trkpt lat="56.156617" lon="10.206845"><ele>8.8</ele></trkpt>
      <trkpt lat="56.156449" lon="10.206791"><ele>9.2</ele></trkpt>
      <trkpt lat="56.156357" lon="10.206743"><ele>9.4</ele></trkpt>
      <trkpt lat="56.155951" lon="10.206442"><ele>10.4</ele></trkpt>
      <trkpt lat="56.155812" lon="10.206425"><ele>10.7</ele></trkpt>
      <trkpt lat="56.155811" lon="10.206328"><ele>10.8</ele></trkpt>
      <trkpt lat="56.155796" lon="10.206207"><ele>10.9</ele></trkpt>
      <trkpt lat="56.155811" lon="10.206328"><ele>11.1</ele></trkpt>
      <trkpt lat="56.155812" lon="10.206425"><ele>11.2</ele></trkpt>
      <trkpt lat="56.155790" lon="10.206473"><ele>11.3</ele></trkpt>
      <trkpt lat="56.155772" lon="10.206510"><ele>11.4</ele></trkpt>
      <trkpt lat="56.155600" lon="10.206876"><ele>12.0</ele></trkpt>
      <trkpt lat="56.155477" lon="10.206682"><ele>12.3</ele></trkpt>
      <trkpt lat="56.155438" lon="10.206600"><ele>12.5</ele></trkpt>
      <trkpt lat="56.155378" lon="10.206496"><ele>12.6</ele></trkpt>
      <trkpt lat="56.155242" lon="10.206325"><ele>12.9</ele></trkpt>
      <trkpt lat="56.155177" lon="10.206247"><ele>13.1</ele></trkpt>
      <trkpt lat="56.155141" lon="10.206213"><ele>13.2</ele></trkpt>
      <trkpt lat="56.155120" lon="10.206193"><ele>13.2</ele></trkpt>
      <trkpt lat="56.154926" lon="10.206001"><ele>13.6</ele></trkpt>
      <trkpt lat="56.154886" lon="10.205962"><ele>13.7</ele></trkpt>
      <trkpt lat="56.154664" lon="10.205743"><ele>14.1</ele></trkpt>
      <trkpt lat="56.154339" lon="10.205462"><ele>14.8</ele></trkpt>
      <trkpt lat="56.154427" lon="10.205052"><ele>15.3</ele></trkpt>
      <trkpt lat="56.154581" lon="10.204313"><ele>15.9</ele></trkpt>
      <trkpt lat="56.154331" lon="10.203942"><ele>16.2</ele></trkpt>
      <trkpt lat="56.154230" lon="10.203800"><ele>16.3</ele></trkpt>
      <trkpt lat="56.153729" lon="10.203098"><ele>16.8</ele></trkpt>
      <trkpt lat="56.153351" lon="10.202624"><ele>17.2</ele></trkpt>
      <trkpt lat="56.153283" lon="10.202472"><ele>17.2</ele></trkpt>
      <trkpt lat="56.153148" lon="10.202343"><ele>17.3</ele></trkpt>
      <trkpt lat="56.152954" lon="10.202138"><ele>17.4</ele></trkpt>
      <trkpt lat="56.152716" lon="10.201875"><ele>17.6</ele></trkpt>
      <trkpt lat="56.152585" lon="10.201731"><ele>17.6</ele></trkpt>
      <trkpt lat="56.152528" lon="10.201664"><ele>17.7</ele></trkpt>
      <trkpt lat="56.152462" lon="10.201588"><ele>17.7</ele></trkpt>
      <trkpt lat="56.152232" lon="10.201334"><ele>17.8</ele></trkpt>
      <trkpt lat="56.152135" lon="10.201228"><ele>17.9</ele></trkpt>
      <trkpt lat="56.151964" lon="10.201035"><ele>18.0</ele></trkpt>
      <trkpt lat="56.151815" lon="10.200868"><ele>18.1</ele></trkpt>
      <trkpt lat="56.151759" lon="10.200805"><ele>18.1</ele></trkpt>
      <trkpt lat="56.151719" lon="10.200763"><ele>18.1</ele></trkpt>
      <trkpt lat="56.151714" lon="10.200616"><ele>17.9</ele></trkpt>
      <trkpt lat="56.151590" lon="10.200444"><ele>17.7</ele></trkpt>
      <trkpt lat="56.151202" lon="10.200024"><ele>16.9</ele></trkpt>
      <trkpt lat="56.151039" lon="10.200001"><ele>16.6</ele></trkpt>
      <trkpt lat="56.150808" lon="10.199727"><ele>16.1</ele></trkpt>
      <trkpt lat="56.150605" lon="10.199479"><ele>15.7</ele></trkpt>
      <trkpt lat="56.150496" lon="10.199345"><ele>15.5</ele></trkpt>
      <trkpt lat="56.150048" lon="10.198844"><ele>14.9</ele></trkpt>
      <trkpt lat="56.149921" lon="10.198697"><ele>14.9</ele></trkpt>
      <trkpt lat="56.149790" lon="10.198501"><ele>14.8</ele></trkpt>
      <trkpt lat="56.149734" lon="10.198447"><ele>14.8</ele></trkpt>
      <trkpt lat="56.149609" lon="10.198356"><ele>14.8</ele></trkpt>
      <trkpt lat="56.149594" lon="10.198339"><ele>14.8</ele></trkpt>
      <trkpt lat="56.149096" lon="10.197766"><ele>14.6</ele></trkpt>
      <trkpt lat="56.148863" lon="10.197498"><ele>14.5</ele></trkpt>
      <trkpt lat="56.148830" lon="10.197455"><ele>14.5</ele></trkpt>
      <trkpt lat="56.148781" lon="10.197393"><ele>14.5</ele></trkpt>
      <trkpt lat="56.148476" lon="10.197003"><ele>15.0</ele></trkpt>
      <trkpt lat="56.148175" lon="10.196591"><ele>15.5</ele></trkpt>
      <trkpt lat="56.148094" lon="10.196471"><ele>15.7</ele></trkpt>
      <trkpt lat="56.147839" lon="10.196076"><ele>16.2</ele></trkpt>
      <trkpt lat="56.147565" lon="10.195691"><ele>16.7</ele></trkpt>
      <trkpt lat="56.147202" lon="10.195182"><ele>17.2</ele></trkpt>
      <trkpt lat="56.147056" lon="10.194978"><ele>17.3</ele></trkpt>
      <trkpt lat="56.147004" lon="10.194906"><ele>17.3</ele></trkpt>
      <trkpt lat="56.146963" lon="10.194994"><ele>17.4</ele></trkpt>
      <trkpt lat="56.147109" lon="10.195200"><ele>17.5</ele></trkpt>
      <trkpt lat="56.147042" lon="10.195342"><ele>17.5</ele></trkpt>
      <trkpt lat="56.146965" lon="10.195341"><ele>17.6</ele></trkpt>
      <trkpt lat="56.146921" lon="10.195083"><ele>17.7</ele></trkpt>
      <trkpt lat="56.146840" lon="10.195244"><ele>17.7</ele></trkpt>
      <trkpt lat="56.146794" lon="10.195248"><ele>17.7</ele></trkpt>
      <trkpt lat="56.146782" lon="10.195247"><ele>17.8</ele></trkpt>
      <trkpt lat="56.145835" lon="10.195164"><ele>18.3</ele></trkpt>
      <trkpt lat="56.145091" lon="10.195103"><ele>18.8</ele></trkpt>
      <trkpt lat="56.144989" lon="10.195045"><ele>18.9</ele></trkpt>
      <trkpt lat="56.144921" lon="10.194911"><ele>18.9</ele></trkpt>
      <trkpt lat="56.144703" lon="10.195003"><ele>19.1</ele></trkpt>
      <trkpt lat="56.144675" lon="10.194655"><ele>19.2</ele></trkpt>
      <trkpt lat="56.144613" lon="10.193880"><ele>19.7</ele></trkpt>
      <trkpt lat="56.144599" lon="10.193710"><ele>19.8</ele></trkpt>
      <trkpt lat="56.144278" lon="10.193787"><ele>20.1</ele></trkpt>
      <trkpt lat="56.144284" lon="10.193852"><ele>20.2</ele></trkpt>
      <trkpt lat="56.143970" lon="10.193923"><ele>20.5</ele></trkpt>
      <trkpt lat="56.143790" lon="10.193964"><ele>20.7</ele></trkpt>
      <trkpt lat="56.143288" lon="10.194077"><ele>21.3</ele></trkpt>
      <trkpt lat="56.143238" lon="10.193452"><ele>21.6</ele></trkpt>
      <trkpt lat="56.143189" lon="10.192826"><ele>21.8</ele></trkpt>
      <trkpt lat="56.143105" lon="10.191823"><ele>22.3</ele></trkpt>
      <trkpt lat="56.143099" lon="10.191661"><ele>22.3</ele></trkpt>
      <trkpt lat="56.143081" lon="10.191470"><ele>22.4</ele></trkpt>
      <trkpt lat="56.143048" lon="10.191375"><ele>22.5</ele></trkpt>
      <trkpt lat="56.142973" lon="10.191228"><ele>22.6</ele></trkpt>
      <trkpt lat="56.142903" lon="10.191102"><ele>22.6</ele></trkpt>
      <trkpt lat="56.142838" lon="10.190968"><ele>22.6</ele></trkpt>
      <trkpt lat="56.142757" lon="10.190831"><ele>22.5</ele></trkpt>
      <trkpt lat="56.142670" lon="10.190719"><ele>22.3</ele></trkpt>
      <trkpt lat="56.142582" lon="10.190664"><ele>22.2</ele></trkpt>
      <trkpt lat="56.142387" lon="10.190681"><ele>22.0</ele></trkpt>
      <trkpt lat="56.141842" lon="10.190613"><ele>21.2</ele></trkpt>
      <trkpt lat="56.141676" lon="10.190592"><ele>21.0</ele></trkpt>
      <trkpt lat="56.141197" lon="10.190514"><ele>20.4</ele></trkpt>
      <trkpt lat="56.141150" lon="10.190507"><ele>20.3</ele></trkpt>
      <trkpt lat="56.141089" lon="10.190497"><ele>20.2</ele></trkpt>
      <trkpt lat="56.140264" lon="10.190402"><ele>18.4</ele></trkpt>
      <trkpt lat="56.140122" lon="10.190322"><ele>18.1</ele></trkpt>
      <trkpt lat="56.140002" lon="10.190307"><ele>17.8</ele></trkpt>
      <trkpt lat="56.139879" lon="10.190291"><ele>17.6</ele></trkpt>
      <trkpt lat="56.139752" lon="10.190274"><ele>17.3</ele></trkpt>
      <trkpt lat="56.139643" lon="10.190260"><ele>17.1</ele></trkpt>
      <trkpt lat="56.139008" lon="10.190226"><ele>15.8</ele></trkpt>
      <trkpt lat="56.138820" lon="10.190201"><ele>15.4</ele></trkpt>
      <trkpt lat="56.138440" lon="10.190149"><ele>14.7</ele></trkpt>
      <trkpt lat="56.138399" lon="10.190143"><ele>14.6</ele></trkpt>
      <trkpt lat="56.138348" lon="10.190136"><ele>14.5</ele></trkpt>
      <trkpt lat="56.138133" lon="10.190107"><ele>14.1</ele></trkpt>
      <trkpt lat="56.138051" lon="10.190095"><ele>13.9</ele></trkpt>
      <trkpt lat="56.137998" lon="10.190088"><ele>13.8</ele></trkpt>
      <trkpt lat="56.137732" lon="10.190052"><ele>13.3</ele></trkpt>
      <trkpt lat="56.137522" lon="10.190023"><ele>13.0</ele></trkpt>
      <trkpt lat="56.137335" lon="10.189997"><ele>13.1</ele></trkpt>
      <trkpt lat="56.137269" lon="10.189988"><ele>13.1</ele></trkpt>
      <trkpt lat="56.137181" lon="10.189976"><ele>13.1</ele></trkpt>
      <trkpt lat="56.137115" lon="10.189967"><ele>13.2</ele></trkpt>
      <trkpt lat="56.136960" lon="10.189945"><ele>13.2</ele></trkpt>
      <trkpt lat="56.136831" lon="10.189895"><ele>13.3</ele></trkpt>
      <trkpt lat="56.136688" lon="10.189838"><ele>13.4</ele></trkpt>
      <trkpt lat="56.136606" lon="10.189817"><ele>13.4</ele></trkpt>
      <trkpt lat="56.136431" lon="10.189788"><ele>13.5</ele></trkpt>
      <trkpt lat="56.136305" lon="10.189770"><ele>13.6</ele></trkpt>
      <trkpt lat="56.136216" lon="10.189376"><ele>13.7</ele></trkpt>
      <trkpt lat="56.136187" lon="10.189268"><ele>13.7</ele></trkpt>
      <trkpt lat="56.136069" lon="10.188895"><ele>13.9</ele></trkpt>
      <trkpt lat="56.135966" lon="10.188603"><ele>14.0</ele></trkpt>
      <trkpt lat="56.135440" lon="10.187189"><ele>14.9</ele></trkpt>
      <trkpt lat="56.134630" lon="10.185037"><ele>16.9</ele></trkpt>
      <trkpt lat="56.134573" lon="10.184875"><ele>17.1</ele></trkpt>
      <trkpt lat="56.134649" lon="10.184717"><ele>17.3</ele></trkpt>
      <trkpt lat="56.134686" lon="10.183979"><ele>18.0</ele></trkpt>
      <trkpt lat="56.134698" lon="10.183686"><ele>18.3</ele></trkpt>
      <trkpt lat="56.134739" lon="10.182682"><ele>19.6</ele></trkpt>
      <trkpt lat="56.134395" lon="10.182627"><ele>20.5</ele></trkpt>
      <trkpt lat="56.134095" lon="10.182683"><ele>21.3</ele></trkpt>
      <trkpt lat="56.133814" lon="10.182853"><ele>22.1</ele></trkpt>
      <trkpt lat="56.133679" lon="10.183004"><ele>22.6</ele></trkpt>
      <trkpt lat="56.133641" lon="10.182970"><ele>22.7</ele></trkpt>
      <trkpt lat="56.133599" lon="10.182988"><ele>22.8</ele></trkpt>
      <trkpt lat="56.133568" lon="10.183087"><ele>23.0</ele></trkpt>
      <trkpt lat="56.133468" lon="10.183105"><ele>23.2</ele></trkpt>
      <trkpt lat="56.132831" lon="10.183009"><ele>24.0</ele></trkpt>
      <trkpt lat="56.132547" lon="10.182966"><ele>24.2</ele></trkpt>
      <trkpt lat="56.132212" lon="10.180741"><ele>24.8</ele></trkpt>
      <trkpt lat="56.131394" lon="10.181261"><ele>24.0</ele></trkpt>
      <trkpt lat="56.131325" lon="10.180825"><ele>23.7</ele></trkpt>
      <trkpt lat="56.131274" lon="10.180496"><ele>23.5</ele></trkpt>
      <trkpt lat="56.131248" lon="10.180337"><ele>23.4</ele></trkpt>
      <trkpt lat="56.131199" lon="10.180030"><ele>23.1</ele></trkpt>
      <trkpt lat="56.131051" lon="10.179102"><ele>22.0</ele></trkpt>
      <trkpt lat="56.130838" lon="10.177764"><ele>20.5</ele></trkpt>
      <trkpt lat="56.130699" lon="10.176864"><ele>19.6</ele></trkpt>
      <trkpt lat="56.130641" lon="10.176481"><ele>19.5</ele></trkpt>
      <trkpt lat="56.130617" lon="10.176319"><ele>19.5</ele></trkpt>
      <trkpt lat="56.130545" lon="10.175802"><ele>19.4</ele></trkpt>
      <trkpt lat="56.130539" lon="10.175762"><ele>19.4</ele></trkpt>
      <trkpt lat="56.130529" lon="10.175676"><ele>19.4</ele></trkpt>
      <trkpt lat="56.130450" lon="10.175041"><ele>19.2</ele></trkpt>
      <trkpt lat="56.130419" lon="10.174753"><ele>19.2</ele></trkpt>
      <trkpt lat="56.130352" lon="10.173945"><ele>19.0</ele></trkpt>
      <trkpt lat="56.129916" lon="10.173746"><ele>20.4</ele></trkpt>
      <trkpt lat="56.129574" lon="10.173592"><ele>21.5</ele></trkpt>
      <trkpt lat="56.129501" lon="10.173559"><ele>21.8</ele></trkpt>
      <trkpt lat="56.128935" lon="10.173303"><ele>23.6</ele></trkpt>
      <trkpt lat="56.128855" lon="10.173269"><ele>23.8</ele></trkpt>
      <trkpt lat="56.127990" lon="10.172859"><ele>27.0</ele></trkpt>
      <trkpt lat="56.127931" lon="10.172832"><ele>27.2</ele></trkpt>
      <trkpt lat="56.127761" lon="10.172754"><ele>27.9</ele></trkpt>
      <trkpt lat="56.127616" lon="10.172688"><ele>28.4</ele></trkpt>
      <trkpt lat="56.126984" lon="10.172398"><ele>30.9</ele></trkpt>
      <trkpt lat="56.126750" lon="10.172289"><ele>31.7</ele></trkpt>
      <trkpt lat="56.126632" lon="10.172239"><ele>32.0</ele></trkpt>
      <trkpt lat="56.126093" lon="10.171988"><ele>33.6</ele></trkpt>
      <trkpt lat="56.125593" lon="10.171756"><ele>35.1</ele></trkpt>
      <trkpt lat="56.125490" lon="10.171710"><ele>35.4</ele></trkpt>
      <trkpt lat="56.125205" lon="10.171587"><ele>36.3</ele></trkpt>
      <trkpt lat="56.125029" lon="10.171511"><ele>36.7</ele></trkpt>
      <trkpt lat="56.124616" lon="10.171323"><ele>37.6</ele></trkpt>
      <trkpt lat="56.124522" lon="10.171279"><ele>37.8</ele></trkpt>
      <trkpt lat="56.124112" lon="10.171092"><ele>38.7</ele></trkpt>
      <trkpt lat="56.123406" lon="10.170755"><ele>40.2</ele></trkpt>
      <trkpt lat="56.123228" lon="10.170674"><ele>40.5</ele></trkpt>
      <trkpt lat="56.122606" lon="10.170383"><ele>41.3</ele></trkpt>
      <trkpt lat="56.122362" lon="10.170250"><ele>41.7</ele></trkpt>
      <trkpt lat="56.122336" lon="10.170250"><ele>41.7</ele></trkpt>
      <trkpt lat="56.122340" lon="10.170174"><ele>41.8</ele></trkpt>
      <trkpt lat="56.122221" lon="10.170127"><ele>41.9</ele></trkpt>
      <trkpt lat="56.122130" lon="10.170001"><ele>42.1</ele></trkpt>
      <trkpt lat="56.122081" lon="10.169972"><ele>42.1</ele></trkpt>
      <trkpt lat="56.122048" lon="10.170061"><ele>42.2</ele></trkpt>
      <trkpt lat="56.121941" lon="10.170088"><ele>42.4</ele></trkpt>
      <trkpt lat="56.121875" lon="10.170017"><ele>42.5</ele></trkpt>
      <trkpt lat="56.121806" lon="10.169943"><ele>42.6</ele></trkpt>
      <trkpt lat="56.121490" lon="10.169553"><ele>43.0</ele></trkpt>
      <trkpt lat="56.121227" lon="10.169176"><ele>43.4</ele></trkpt>
      <trkpt lat="56.120512" lon="10.168099"><ele>44.5</ele></trkpt>
      <trkpt lat="56.120239" lon="10.167715"><ele>44.8</ele></trkpt>
      <trkpt lat="56.119945" lon="10.167300"><ele>45.0</ele></trkpt>
      <trkpt lat="56.119294" lon="10.166390"><ele>45.3</ele></trkpt>
      <trkpt lat="56.118959" lon="10.165914"><ele>45.5</ele></trkpt>
      <trkpt lat="56.118390" lon="10.165107"><ele>46.6</ele></trkpt>
      <trkpt lat="56.117897" lon="10.164401"><ele>47.7</ele></trkpt>
      <trkpt lat="56.117391" lon="10.163694"><ele>48.7</ele></trkpt>
      <trkpt lat="56.117238" lon="10.163486"><ele>49.0</ele></trkpt>
      <trkpt lat="56.116147" lon="10.161971"><ele>51.2</ele></trkpt>
      <trkpt lat="56.115654" lon="10.161264"><ele>52.0</ele></trkpt>
      <trkpt lat="56.115177" lon="10.160618"><ele>52.7</ele></trkpt>
      <trkpt lat="56.114787" lon="10.160036"><ele>53.4</ele></trkpt>
      <trkpt lat="56.114310" lon="10.159372"><ele>54.3</ele></trkpt>
      <trkpt lat="56.113685" lon="10.158490"><ele>55.5</ele></trkpt>
      <trkpt lat="56.113111" lon="10.157692"><ele>56.6</ele></trkpt>
      <trkpt lat="56.112999" lon="10.157464"><ele>57.0</ele></trkpt>
      <trkpt lat="56.112866" lon="10.157238"><ele>57.3</ele></trkpt>
      <trkpt lat="56.112572" lon="10.156812"><ele>58.0</ele></trkpt>
      <trkpt lat="56.112490" lon="10.156699"><ele>58.2</ele></trkpt>
      <trkpt lat="56.112395" lon="10.156566"><ele>58.4</ele></trkpt>
      <trkpt lat="56.112318" lon="10.156458"><ele>58.5</ele></trkpt>
      <trkpt lat="56.111813" lon="10.155790"><ele>59.7</ele></trkpt>
      <trkpt lat="56.108790" lon="10.151532"><ele>68.4</ele></trkpt>
      <trkpt lat="56.108103" lon="10.150491"><ele>70.6</ele></trkpt>
      <trkpt lat="56.108083" lon="10.150461"><ele>70.7</ele></trkpt>
      <trkpt lat="56.107986" lon="10.150314"><ele>71.0</ele></trkpt>
      <trkpt lat="56.107933" lon="10.150065"><ele>71.4</ele></trkpt>
      <trkpt lat="56.107673" lon="10.149740"><ele>72.0</ele></trkpt>
      <trkpt lat="56.107439" lon="10.149619"><ele>72.2</ele></trkpt>
      <trkpt lat="56.105352" lon="10.146694"><ele>74.0</ele></trkpt>
      <trkpt lat="56.104909" lon="10.146045"><ele>74.3</ele></trkpt>
      <trkpt lat="56.104551" lon="10.145530"><ele>74.4</ele></trkpt>
      <trkpt lat="56.104455" lon="10.145390"><ele>74.4</ele></trkpt>
      <trkpt lat="56.104381" lon="10.145277"><ele>74.4</ele></trkpt>
      <trkpt lat="56.103893" lon="10.144524"><ele>74.5</ele></trkpt>
      <trkpt lat="56.103734" lon="10.144272"><ele>74.5</ele></trkpt>
      <trkpt lat="56.103479" lon="10.143865"><ele>74.5</ele></trkpt>
      <trkpt lat="56.102740" lon="10.142672"><ele>73.6</ele></trkpt>
      <trkpt lat="56.102675" lon="10.142459"><ele>73.5</ele></trkpt>
      <trkpt lat="56.102232" lon="10.141764"><ele>72.9</ele></trkpt>
      <trkpt lat="56.101996" lon="10.141458"><ele>72.8</ele></trkpt>
      <trkpt lat="56.101677" lon="10.141064"><ele>72.6</ele></trkpt>
      <trkpt lat="56.101273" lon="10.140676"><ele>72.4</ele></trkpt>
      <trkpt lat="56.100642" lon="10.140194"><ele>72.1</ele></trkpt>
      <trkpt lat="56.099837" lon="10.139752"><ele>71.9</ele></trkpt>
      <trkpt lat="56.098942" lon="10.139441"><ele>71.7</ele></trkpt>
      <trkpt lat="56.098892" lon="10.139425"><ele>71.6</ele></trkpt>
      <trkpt lat="56.098795" lon="10.139395"><ele>71.6</ele></trkpt>
      <trkpt lat="56.097220" lon="10.139227"><ele>70.8</ele></trkpt>
      <trkpt lat="56.096623" lon="10.139070"><ele>70.8</ele></trkpt>
      <trkpt lat="56.096250" lon="10.138912"><ele>70.9</ele></trkpt>
      <trkpt lat="56.095877" lon="10.138697"><ele>70.9</ele></trkpt>
      <trkpt lat="56.095539" lon="10.138457"><ele>71.0</ele></trkpt>
      <trkpt lat="56.095257" lon="10.138203"><ele>71.0</ele></trkpt>
      <trkpt lat="56.094960" lon="10.137916"><ele>71.1</ele></trkpt>
      <trkpt lat="56.094575" lon="10.137468"><ele>71.2</ele></trkpt>
      <trkpt lat="56.094217" lon="10.136958"><ele>71.4</ele></trkpt>
      <trkpt lat="56.093494" lon="10.135661"><ele>71.4</ele></trkpt>
      <trkpt lat="56.093022" lon="10.134730"><ele>71.3</ele></trkpt>
      <trkpt lat="56.092953" lon="10.134611"><ele>71.3</ele></trkpt>
      <trkpt lat="56.092894" lon="10.134503"><ele>71.3</ele></trkpt>
      <trkpt lat="56.092829" lon="10.134397"><ele>71.3</ele></trkpt>
      <trkpt lat="56.092623" lon="10.134092"><ele>71.2</ele></trkpt>
      <trkpt lat="56.092417" lon="10.133786"><ele>71.2</ele></trkpt>
      <trkpt lat="56.092229" lon="10.133586"><ele>71.1</ele></trkpt>
      <trkpt lat="56.091513" lon="10.132583"><ele>70.8</ele></trkpt>
      <trkpt lat="56.091623" lon="10.132290"><ele>70.7</ele></trkpt>
      <trkpt lat="56.091217" lon="10.131770"><ele>70.4</ele></trkpt>
      <trkpt lat="56.091173" lon="10.132009"><ele>70.4</ele></trkpt>
      <trkpt lat="56.091166" lon="10.132055"><ele>70.4</ele></trkpt>
      <trkpt lat="56.091048" lon="10.132696"><ele>70.1</ele></trkpt>
      <trkpt lat="56.090902" lon="10.133517"><ele>69.9</ele></trkpt>
      <trkpt lat="56.090873" lon="10.133420"><ele>69.8</ele></trkpt>
      <trkpt lat="56.090950" lon="10.132945"><ele>69.7</ele></trkpt>
      <trkpt lat="56.090933" lon="10.132845"><ele>69.6</ele></trkpt>
      <trkpt lat="56.089977" lon="10.131621"><ele>68.2</ele></trkpt>
      <trkpt lat="56.089447" lon="10.130935"><ele>67.4</ele></trkpt>
      <trkpt lat="56.088705" lon="10.129902"><ele>66.1</ele></trkpt>
      <trkpt lat="56.087827" lon="10.128465"><ele>64.5</ele></trkpt>
      <trkpt lat="56.087160" lon="10.127358"><ele>63.1</ele></trkpt>
      <trkpt lat="56.086185" lon="10.125711"><ele>61.5</ele></trkpt>
      <trkpt lat="56.085672" lon="10.124985"><ele>60.9</ele></trkpt>
      <trkpt lat="56.085344" lon="10.124592"><ele>60.5</ele></trkpt>
      <trkpt lat="56.084701" lon="10.123940"><ele>60.1</ele></trkpt>
      <trkpt lat="56.084514" lon="10.123752"><ele>60.0</ele></trkpt>
      <trkpt lat="56.084306" lon="10.123526"><ele>59.9</ele></trkpt>
      <trkpt lat="56.084264" lon="10.123351"><ele>59.8</ele></trkpt>
      <trkpt lat="56.084223" lon="10.123290"><ele>59.8</ele></trkpt>
      <trkpt lat="56.084175" lon="10.123240"><ele>59.8</ele></trkpt>
      <trkpt lat="56.084141" lon="10.123210"><ele>59.7</ele></trkpt>
      <trkpt lat="56.084175" lon="10.123045"><ele>59.7</ele></trkpt>
      <trkpt lat="56.084052" lon="10.122948"><ele>59.6</ele></trkpt>
      <trkpt lat="56.084092" lon="10.122766"><ele>59.6</ele></trkpt>
      <trkpt lat="56.084026" lon="10.122647"><ele>59.6</ele></trkpt>
      <trkpt lat="56.083314" lon="10.122069"><ele>59.7</ele></trkpt>
      <trkpt lat="56.082678" lon="10.121661"><ele>59.8</ele></trkpt>
      <trkpt lat="56.081772" lon="10.121146"><ele>58.5</ele></trkpt>
      <trkpt lat="56.081149" lon="10.120802"><ele>57.3</ele></trkpt>
      <trkpt lat="56.081116" lon="10.120784"><ele>57.2</ele></trkpt>
      <trkpt lat="56.080830" lon="10.120624"><ele>56.6</ele></trkpt>
      <trkpt lat="56.080774" lon="10.120593"><ele>56.5</ele></trkpt>
      <trkpt lat="56.080188" lon="10.120242"><ele>56.5</ele></trkpt>
      <trkpt lat="56.079944" lon="10.119984"><ele>56.6</ele></trkpt>
      <trkpt lat="56.079790" lon="10.119749"><ele>56.6</ele></trkpt>
      <trkpt lat="56.079669" lon="10.119537"><ele>56.6</ele></trkpt>
      <trkpt lat="56.079151" lon="10.118605"><ele>56.9</ele></trkpt>
      <trkpt lat="56.079080" lon="10.118480"><ele>57.1</ele></trkpt>
      <trkpt lat="56.079022" lon="10.118438"><ele>57.1</ele></trkpt>
      <trkpt lat="56.079006" lon="10.118346"><ele>57.2</ele></trkpt>
      <trkpt lat="56.078787" lon="10.117954"><ele>57.6</ele></trkpt>
      <trkpt lat="56.077791" lon="10.116207"><ele>58.9</ele></trkpt>
      <trkpt lat="56.077613" lon="10.115893"><ele>58.8</ele></trkpt>
      <trkpt lat="56.077591" lon="10.115854"><ele>58.8</ele></trkpt>
      <trkpt lat="56.077400" lon="10.115518"><ele>58.6</ele></trkpt>
      <trkpt lat="56.077300" lon="10.115201"><ele>58.5</ele></trkpt>
      <trkpt lat="56.077268" lon="10.114913"><ele>58.4</ele></trkpt>
      <trkpt lat="56.077411" lon="10.114870"><ele>58.3</ele></trkpt>
      <trkpt lat="56.077571" lon="10.114681"><ele>58.2</ele></trkpt>
      <trkpt lat="56.078477" lon="10.113015"><ele>57.6</ele></trkpt>
      <trkpt lat="56.078711" lon="10.112736"><ele>57.4</ele></trkpt>
      <trkpt lat="56.078716" lon="10.112599"><ele>57.4</ele></trkpt>
      <trkpt lat="56.078793" lon="10.112416"><ele>57.4</ele></trkpt>
      <trkpt lat="56.077761" lon="10.110842"><ele>57.0</ele></trkpt>
      <trkpt lat="56.076487" lon="10.108963"><ele>56.8</ele></trkpt>
      <trkpt lat="56.068645" lon="10.097333"><ele>55.9</ele></trkpt>
      <trkpt lat="56.068538" lon="10.097172"><ele>56.0</ele></trkpt>
      <trkpt lat="56.067284" lon="10.095325"><ele>58.0</ele></trkpt>
      <trkpt lat="56.066300" lon="10.094024"><ele>59.1</ele></trkpt>
      <trkpt lat="56.065368" lon="10.092893"><ele>58.4</ele></trkpt>
      <trkpt lat="56.064612" lon="10.092068"><ele>57.4</ele></trkpt>
      <trkpt lat="56.063811" lon="10.091267"><ele>57.1</ele></trkpt>
      <trkpt lat="56.063148" lon="10.090661"><ele>57.0</ele></trkpt>
      <trkpt lat="56.063031" lon="10.090554"><ele>57.0</ele></trkpt>
      <trkpt lat="56.062917" lon="10.090455"><ele>57.0</ele></trkpt>
      <trkpt lat="56.062096" lon="10.089777"><ele>59.0</ele></trkpt>
      <trkpt lat="56.061036" lon="10.089012"><ele>61.6</ele></trkpt>
      <trkpt lat="56.060364" lon="10.088576"><ele>63.0</ele></trkpt>
      <trkpt lat="56.055130" lon="10.085598"><ele>70.6</ele></trkpt>
      <trkpt lat="56.054339" lon="10.085202"><ele>70.8</ele></trkpt>
      <trkpt lat="56.053883" lon="10.084898"><ele>69.9</ele></trkpt>
      <trkpt lat="56.052909" lon="10.084349"><ele>68.2</ele></trkpt>
      <trkpt lat="56.052493" lon="10.084117"><ele>67.2</ele></trkpt>
      <trkpt lat="56.052425" lon="10.084078"><ele>67.1</ele></trkpt>
      <trkpt lat="56.052387" lon="10.084292"><ele>66.7</ele></trkpt>
      <trkpt lat="56.052368" lon="10.084403"><ele>66.5</ele></trkpt>
      <trkpt lat="56.052376" lon="10.084605"><ele>66.2</ele></trkpt>
      <trkpt lat="56.051535" lon="10.083995"><ele>63.8</ele></trkpt>
      <trkpt lat="56.049241" lon="10.082752"><ele>56.5</ele></trkpt>
      <trkpt lat="56.048363" lon="10.082490"><ele>54.9</ele></trkpt>
      <trkpt lat="56.046603" lon="10.081853"><ele>54.0</ele></trkpt>
      <trkpt lat="56.046522" lon="10.081870"><ele>54.0</ele></trkpt>
      <trkpt lat="56.046485" lon="10.081919"><ele>54.0</ele></trkpt>
      <trkpt lat="56.046326" lon="10.082341"><ele>54.0</ele></trkpt>
      <trkpt lat="56.046247" lon="10.082235"><ele>54.0</ele></trkpt>
      <trkpt lat="56.046313" lon="10.082037"><ele>54.0</ele></trkpt>
      <trkpt lat="56.046328" lon="10.081970"><ele>54.0</ele></trkpt>
      <trkpt lat="56.046388" lon="10.081829"><ele>54.0</ele></trkpt>
      <trkpt lat="56.046423" lon="10.081559"><ele>54.1</ele></trkpt>
      <trkpt lat="56.046448" lon="10.081338"><ele>54.1</ele></trkpt>
      <trkpt lat="56.046465" lon="10.081070"><ele>54.1</ele></trkpt>
      <trkpt lat="56.046442" lon="10.080920"><ele>54.2</ele></trkpt>
      <trkpt lat="56.046446" lon="10.080750"><ele>54.2</ele></trkpt>
      <trkpt lat="56.046460" lon="10.079891"><ele>54.3</ele></trkpt>
      <trkpt lat="56.045273" lon="10.079414"><ele>53.9</ele></trkpt>
      <trkpt lat="56.045207" lon="10.079336"><ele>53.8</ele></trkpt>
      <trkpt lat="56.045156" lon="10.079204"><ele>53.7</ele></trkpt>
      <trkpt lat="56.045017" lon="10.079076"><ele>53.6</ele></trkpt>
      <trkpt lat="56.044792" lon="10.079040"><ele>53.4</ele></trkpt>
      <trkpt lat="56.044621" lon="10.079192"><ele>53.3</ele></trkpt>
      <trkpt lat="56.043999" lon="10.079915"><ele>52.5</ele></trkpt>
      <trkpt lat="56.043885" lon="10.079990"><ele>52.4</ele></trkpt>
      <trkpt lat="56.043631" lon="10.080065"><ele>52.0</ele></trkpt>
      <trkpt lat="56.043395" lon="10.080027"><ele>51.7</ele></trkpt>
      <trkpt lat="56.043046" lon="10.079901"><ele>51.3</ele></trkpt>
      <trkpt lat="56.042382" lon="10.079574"><ele>50.8</ele></trkpt>
      <trkpt lat="56.041846" lon="10.079250"><ele>51.1</ele></trkpt>
      <trkpt lat="56.041734" lon="10.079115"><ele>51.2</ele></trkpt>
      <trkpt lat="56.041683" lon="10.079068"><ele>51.2</ele></trkpt>
      <trkpt lat="56.041653" lon="10.079040"><ele>51.2</ele></trkpt>
      <trkpt lat="56.041287" lon="10.078756"><ele>51.4</ele></trkpt>
      <trkpt lat="56.041093" lon="10.078627"><ele>51.5</ele></trkpt>
      <trkpt lat="56.040716" lon="10.078316"><ele>52.5</ele></trkpt>
      <trkpt lat="56.040648" lon="10.078216"><ele>52.8</ele></trkpt>
      <trkpt lat="56.040589" lon="10.078071"><ele>53.1</ele></trkpt>
      <trkpt lat="56.040380" lon="10.077797"><ele>54.0</ele></trkpt>
      <trkpt lat="56.040333" lon="10.077687"><ele>54.3</ele></trkpt>
      <trkpt lat="56.040290" lon="10.077438"><ele>54.8</ele></trkpt>
      <trkpt lat="56.040282" lon="10.077111"><ele>55.4</ele></trkpt>
      <trkpt lat="56.040189" lon="10.076806"><ele>56.1</ele></trkpt>
      <trkpt lat="56.040074" lon="10.076653"><ele>56.6</ele></trkpt>
      <trkpt lat="56.039692" lon="10.076205"><ele>58.4</ele></trkpt>
      <trkpt lat="56.039615" lon="10.076107"><ele>59.0</ele></trkpt>
      <trkpt lat="56.039221" lon="10.075720"><ele>61.7</ele></trkpt>
      <trkpt lat="56.038662" lon="10.075198"><ele>65.6</ele></trkpt>
      <trkpt lat="56.038814" lon="10.074501"><ele>68.1</ele></trkpt>
      <trkpt lat="56.038956" lon="10.073986"><ele>69.9</ele></trkpt>
      <trkpt lat="56.039358" lon="10.072926"><ele>73.8</ele></trkpt>
      <trkpt lat="56.039457" lon="10.072599"><ele>74.9</ele></trkpt>
      <trkpt lat="56.039557" lon="10.072178"><ele>76.3</ele></trkpt>
      <trkpt lat="56.039617" lon="10.071806"><ele>77.5</ele></trkpt>
      <trkpt lat="56.039711" lon="10.070755"><ele>79.7</ele></trkpt>
      <trkpt lat="56.039776" lon="10.069942"><ele>81.1</ele></trkpt>
      <trkpt lat="56.039885" lon="10.068848"><ele>83.0</ele></trkpt>
      <trkpt lat="56.039955" lon="10.068437"><ele>83.7</ele></trkpt>
      <trkpt lat="56.040211" lon="10.067284"><ele>84.3</ele></trkpt>
      <trkpt lat="56.040364" lon="10.066592"><ele>84.6</ele></trkpt>
      <trkpt lat="56.040464" lon="10.066061"><ele>84.8</ele></trkpt>
      <trkpt lat="56.040470" lon="10.066032"><ele>84.8</ele></trkpt>
      <trkpt lat="56.040536" lon="10.065679"><ele>85.0</ele></trkpt>
      <trkpt lat="56.040564" lon="10.065525"><ele>85.0</ele></trkpt>
      <trkpt lat="56.040887" lon="10.063859"><ele>85.8</ele></trkpt>
      <trkpt lat="56.040990" lon="10.063557"><ele>86.0</ele></trkpt>
      <trkpt lat="56.041131" lon="10.063143"><ele>86.2</ele></trkpt>
      <trkpt lat="56.041052" lon="10.063032"><ele>86.3</ele></trkpt>
      <trkpt lat="56.038896" lon="10.061146"><ele>90.6</ele></trkpt>
      <trkpt lat="56.038347" lon="10.060417"><ele>91.5</ele></trkpt>
      <trkpt lat="56.038120" lon="10.060220"><ele>91.8</ele></trkpt>
      <trkpt lat="56.037862" lon="10.060096"><ele>92.1</ele></trkpt>
      <trkpt lat="56.037814" lon="10.060039"><ele>92.2</ele></trkpt>
      <trkpt lat="56.037760" lon="10.059862"><ele>92.3</ele></trkpt>
      <trkpt lat="56.037752" lon="10.059427"><ele>92.5</ele></trkpt>
      <trkpt lat="56.037716" lon="10.058222"><ele>91.8</ele></trkpt>
      <trkpt lat="56.037606" lon="10.057492"><ele>91.4</ele></trkpt>
      <trkpt lat="56.037464" lon="10.056691"><ele>90.9</ele></trkpt>
      <trkpt lat="56.037365" lon="10.054652"><ele>89.5</ele></trkpt>
      <trkpt lat="56.037322" lon="10.054329"><ele>89.3</ele></trkpt>
      <trkpt lat="56.036979" lon="10.052820"><ele>88.6</ele></trkpt>
      <trkpt lat="56.036905" lon="10.051340"><ele>89.1</ele></trkpt>
      <trkpt lat="56.036866" lon="10.051039"><ele>89.2</ele></trkpt>
      <trkpt lat="56.036803" lon="10.050794"><ele>89.3</ele></trkpt>
      <trkpt lat="56.035746" lon="10.047766"><ele>92.1</ele></trkpt>
      <trkpt lat="56.035598" lon="10.047246"><ele>92.5</ele></trkpt>
      <trkpt lat="56.035309" lon="10.046291"><ele>93.0</ele></trkpt>
      <trkpt lat="56.035006" lon="10.045416"><ele>93.4</ele></trkpt>
      <trkpt lat="56.034058" lon="10.042681"><ele>94.1</ele></trkpt>
      <trkpt lat="56.032937" lon="10.039470"><ele>95.7</ele></trkpt>
      <trkpt lat="56.032920" lon="10.039425"><ele>95.7</ele></trkpt>
      <trkpt lat="56.032634" lon="10.038729"><ele>95.6</ele></trkpt>
      <trkpt lat="56.032445" lon="10.038440"><ele>95.4</ele></trkpt>
      <trkpt lat="56.032209" lon="10.039198"><ele>95.0</ele></trkpt>
      <trkpt lat="56.032019" lon="10.040266"><ele>94.5</ele></trkpt>
      <trkpt lat="56.031874" lon="10.040183"><ele>94.4</ele></trkpt>
      <trkpt lat="56.031775" lon="10.040068"><ele>94.3</ele></trkpt>
      <trkpt lat="56.031646" lon="10.039766"><ele>94.2</ele></trkpt>
      <trkpt lat="56.031543" lon="10.039188"><ele>94.0</ele></trkpt>
      <trkpt lat="56.031423" lon="10.038507"><ele>93.7</ele></trkpt>
      <trkpt lat="56.030824" lon="10.038730"><ele>93.3</ele></trkpt>
      <trkpt lat="56.030410" lon="10.038765"><ele>93.6</ele></trkpt>
      <trkpt lat="56.030384" lon="10.038449"><ele>93.7</ele></trkpt>
      <trkpt lat="56.030272" lon="10.037950"><ele>94.0</ele></trkpt>
      <trkpt lat="56.030263" lon="10.037828"><ele>94.0</ele></trkpt>
      <trkpt lat="56.030299" lon="10.037542"><ele>94.2</ele></trkpt>
      <trkpt lat="56.030291" lon="10.037449"><ele>94.2</ele></trkpt>
      <trkpt lat="56.030028" lon="10.037178"><ele>94.5</ele></trkpt>
      <trkpt lat="56.029946" lon="10.036962"><ele>94.6</ele></trkpt>
      <trkpt lat="56.029852" lon="10.036521"><ele>94.8</ele></trkpt>
      <trkpt lat="56.029834" lon="10.036065"><ele>95.3</ele></trkpt>
      <trkpt lat="56.029797" lon="10.036083"><ele>95.4</ele></trkpt>
      <trkpt lat="56.029659" lon="10.036182"><ele>95.7</ele></trkpt>
      <trkpt lat="56.029471" lon="10.036328"><ele>96.1</ele></trkpt>
      <trkpt lat="56.029081" lon="10.036699"><ele>96.9</ele></trkpt>
      <trkpt lat="56.028846" lon="10.036193"><ele>97.6</ele></trkpt>
      <trkpt lat="56.028435" lon="10.035361"><ele>98.5</ele></trkpt>
      <trkpt lat="56.028496" lon="10.035217"><ele>98.6</ele></trkpt>
      <trkpt lat="56.028531" lon="10.034975"><ele>98.8</ele></trkpt>
      <trkpt lat="56.028480" lon="10.034682"><ele>98.9</ele></trkpt>
      <trkpt lat="56.028249" lon="10.034139"><ele>99.3</ele></trkpt>
      <trkpt lat="56.028189" lon="10.033916"><ele>99.4</ele></trkpt>
      <trkpt lat="56.028200" lon="10.033531"><ele>99.6</ele></trkpt>
      <trkpt lat="56.028213" lon="10.032953"><ele>100.0</ele></trkpt>
      <trkpt lat="56.027882" lon="10.032852"><ele>100.8</ele></trkpt>
      <trkpt lat="56.027734" lon="10.032802"><ele>101.2</ele></trkpt>
      <trkpt lat="56.027787" lon="10.032269"><ele>102.0</ele></trkpt>
      <trkpt lat="56.027782" lon="10.031755"><ele>102.8</ele></trkpt>
      <trkpt lat="56.027779" lon="10.031681"><ele>102.9</ele></trkpt>
      <trkpt lat="56.027721" lon="10.031239"><ele>103.6</ele></trkpt>
      <trkpt lat="56.027642" lon="10.030898"><ele>104.1</ele></trkpt>
      <trkpt lat="56.027449" lon="10.030376"><ele>105.2</ele></trkpt>
      <trkpt lat="56.027164" lon="10.029675"><ele>107.1</ele></trkpt>
      <trkpt lat="56.027045" lon="10.029295"><ele>108.1</ele></trkpt>
      <trkpt lat="56.026666" lon="10.027764"><ele>111.8</ele></trkpt>
      <trkpt lat="56.026576" lon="10.027519"><ele>112.4</ele></trkpt>
      <trkpt lat="56.026389" lon="10.027185"><ele>113.2</ele></trkpt>
      <trkpt lat="56.026195" lon="10.026964"><ele>114.0</ele></trkpt>
      <trkpt lat="56.025545" lon="10.026573"><ele>116.3</ele></trkpt>
      <trkpt lat="56.025350" lon="10.026313"><ele>117.1</ele></trkpt>
      <trkpt lat="56.024887" lon="10.025277"><ele>118.5</ele></trkpt>
      <trkpt lat="56.024559" lon="10.024785"><ele>119.0</ele></trkpt>
      <trkpt lat="56.023795" lon="10.023992"><ele>120.1</ele></trkpt>
      <trkpt lat="56.023266" lon="10.023708"><ele>119.6</ele></trkpt>
      <trkpt lat="56.023139" lon="10.023515"><ele>119.5</ele></trkpt>
      <trkpt lat="56.022625" lon="10.021916"><ele>118.7</ele></trkpt>
      <trkpt lat="56.022364" lon="10.021396"><ele>117.8</ele></trkpt>
      <trkpt lat="56.021756" lon="10.020325"><ele>115.7</ele></trkpt>
      <trkpt lat="56.021683" lon="10.020121"><ele>115.4</ele></trkpt>
      <trkpt lat="56.021618" lon="10.019889"><ele>115.0</ele></trkpt>
      <trkpt lat="56.021321" lon="10.018290"><ele>112.3</ele></trkpt>
      <trkpt lat="56.020910" lon="10.016905"><ele>109.5</ele></trkpt>
      <trkpt lat="56.020288" lon="10.015301"><ele>105.9</ele></trkpt>
      <trkpt lat="56.019741" lon="10.014168"><ele>103.1</ele></trkpt>
      <trkpt lat="56.018929" lon="10.012072"><ele>98.2</ele></trkpt>
      <trkpt lat="56.018784" lon="10.011789"><ele>97.4</ele></trkpt>
      <trkpt lat="56.018608" lon="10.011528"><ele>96.6</ele></trkpt>
      <trkpt lat="56.018076" lon="10.010966"><ele>95.9</ele></trkpt>
      <trkpt lat="56.018014" lon="10.010914"><ele>95.8</ele></trkpt>
      <trkpt lat="56.017657" lon="10.010641"><ele>95.5</ele></trkpt>
      <trkpt lat="56.017309" lon="10.010428"><ele>95.3</ele></trkpt>
      <trkpt lat="56.017261" lon="10.010405"><ele>95.2</ele></trkpt>
      <trkpt lat="56.017134" lon="10.010253"><ele>95.1</ele></trkpt>
      <trkpt lat="56.016992" lon="10.009978"><ele>94.9</ele></trkpt>
      <trkpt lat="56.016875" lon="10.009609"><ele>95.2</ele></trkpt>
      <trkpt lat="56.016838" lon="10.009420"><ele>95.4</ele></trkpt>
      <trkpt lat="56.016748" lon="10.008965"><ele>95.8</ele></trkpt>
      <trkpt lat="56.016777" lon="10.008887"><ele>95.8</ele></trkpt>
      <trkpt lat="56.016882" lon="10.008426"><ele>96.2</ele></trkpt>
      <trkpt lat="56.017020" lon="10.007946"><ele>96.7</ele></trkpt>
      <trkpt lat="56.017093" lon="10.007693"><ele>96.9</ele></trkpt>
      <trkpt lat="56.017124" lon="10.007569"><ele>97.0</ele></trkpt>
      <trkpt lat="56.017192" lon="10.007277"><ele>97.3</ele></trkpt>
      <trkpt lat="56.017180" lon="10.006801"><ele>97.3</ele></trkpt>
      <trkpt lat="56.017131" lon="10.006561"><ele>97.1</ele></trkpt>
      <trkpt lat="56.016912" lon="10.005488"><ele>96.1</ele></trkpt>
      <trkpt lat="56.016867" lon="10.005264"><ele>95.9</ele></trkpt>
      <trkpt lat="56.016854" lon="10.005200"><ele>95.8</ele></trkpt>
      <trkpt lat="56.016771" lon="10.004783"><ele>95.4</ele></trkpt>
      <trkpt lat="56.016765" lon="10.004745"><ele>95.4</ele></trkpt>
      <trkpt lat="56.016120" lon="10.000911"><ele>89.5</ele></trkpt>
      <trkpt lat="56.016110" lon="10.000350"><ele>87.6</ele></trkpt>
      <trkpt lat="56.016379" lon="9.997742"><ele>78.2</ele></trkpt>
      <trkpt lat="56.016381" lon="9.997422"><ele>76.4</ele></trkpt>
      <trkpt lat="56.016334" lon="9.997073"><ele>74.2</ele></trkpt>
      <trkpt lat="56.016123" lon="9.996163"><ele>68.2</ele></trkpt>
      <trkpt lat="56.015968" lon="9.995491"><ele>63.7</ele></trkpt>
      <trkpt lat="56.015913" lon="9.995357"><ele>62.7</ele></trkpt>
      <trkpt lat="56.015825" lon="9.995139"><ele>61.1</ele></trkpt>
      <trkpt lat="56.015681" lon="9.994899"><ele>58.9</ele></trkpt>
      <trkpt lat="56.015450" lon="9.994611"><ele>56.8</ele></trkpt>
      <trkpt lat="56.015246" lon="9.994351"><ele>55.1</ele></trkpt>
      <trkpt lat="56.014983" lon="9.994020"><ele>52.9</ele></trkpt>
      <trkpt lat="56.014893" lon="9.993848"><ele>52.0</ele></trkpt>
      <trkpt lat="56.014780" lon="9.993515"><ele>50.5</ele></trkpt>
      <trkpt lat="56.014740" lon="9.993326"><ele>49.8</ele></trkpt>
      <trkpt lat="56.014682" lon="9.992303"><ele>45.9</ele></trkpt>
      <trkpt lat="56.014574" lon="9.991911"><ele>44.9</ele></trkpt>
      <trkpt lat="56.014143" lon="9.991137"><ele>42.4</ele></trkpt>
      <trkpt lat="56.013989" lon="9.990766"><ele>41.4</ele></trkpt>
      <trkpt lat="56.013741" lon="9.989993"><ele>39.3</ele></trkpt>
      <trkpt lat="56.013694" lon="9.989735"><ele>38.7</ele></trkpt>
      <trkpt lat="56.013698" lon="9.988729"><ele>37.0</ele></trkpt>
      <trkpt lat="56.013672" lon="9.988517"><ele>36.7</ele></trkpt>
      <trkpt lat="56.013448" lon="9.987916"><ele>35.5</ele></trkpt>
      <trkpt lat="56.014054" lon="9.986992"><ele>33.1</ele></trkpt>
      <trkpt lat="56.013784" lon="9.986584"><ele>32.0</ele></trkpt>
      <trkpt lat="56.013425" lon="9.986081"><ele>30.6</ele></trkpt>
      <trkpt lat="56.013291" lon="9.985964"><ele>30.1</ele></trkpt>
      <trkpt lat="56.013129" lon="9.985908"><ele>29.6</ele></trkpt>
      <trkpt lat="56.012320" lon="9.985812"><ele>27.6</ele></trkpt>
      <trkpt lat="56.011665" lon="9.985408"><ele>27.1</ele></trkpt>
      <trkpt lat="56.011412" lon="9.985209"><ele>26.8</ele></trkpt>
      <trkpt lat="56.010329" lon="9.984042"><ele>28.1</ele></trkpt>
      <trkpt lat="56.010149" lon="9.983898"><ele>28.6</ele></trkpt>
      <trkpt lat="56.010021" lon="9.983832"><ele>28.9</ele></trkpt>
      <trkpt lat="56.009187" lon="9.983608"><ele>31.2</ele></trkpt>
      <trkpt lat="56.008823" lon="9.983477"><ele>33.1</ele></trkpt>
      <trkpt lat="56.008474" lon="9.983189"><ele>35.0</ele></trkpt>
      <trkpt lat="56.008288" lon="9.983137"><ele>35.9</ele></trkpt>
      <trkpt lat="56.008199" lon="9.983239"><ele>36.4</ele></trkpt>
      <trkpt lat="56.007559" lon="9.984298"><ele>40.4</ele></trkpt>
      <trkpt lat="56.007254" lon="9.984629"><ele>41.3</ele></trkpt>
      <trkpt lat="56.007102" lon="9.984881"><ele>41.9</ele></trkpt>
      <trkpt lat="56.006750" lon="9.985561"><ele>43.2</ele></trkpt>
      <trkpt lat="56.006409" lon="9.986063"><ele>44.4</ele></trkpt>
      <trkpt lat="56.006005" lon="9.986574"><ele>45.0</ele></trkpt>
      <trkpt lat="56.005852" lon="9.986681"><ele>45.1</ele></trkpt>
      <trkpt lat="56.005657" lon="9.986699"><ele>45.3</ele></trkpt>
      <trkpt lat="56.004376" lon="9.986647"><ele>45.9</ele></trkpt>
      <trkpt lat="56.003082" lon="9.986498"><ele>44.9</ele></trkpt>
      <trkpt lat="56.002660" lon="9.986405"><ele>44.6</ele></trkpt>
      <trkpt lat="56.002139" lon="9.986214"><ele>44.5</ele></trkpt>
      <trkpt lat="56.000988" lon="9.985680"><ele>44.2</ele></trkpt>
      <trkpt lat="56.000740" lon="9.985532"><ele>43.9</ele></trkpt>
      <trkpt lat="56.000258" lon="9.985140"><ele>43.5</ele></trkpt>
      <trkpt lat="56.000061" lon="9.985037"><ele>43.3</ele></trkpt>
      <trkpt lat="55.998610" lon="9.984914"><ele>42.3</ele></trkpt>
      <trkpt lat="55.998239" lon="9.984932"><ele>42.1</ele></trkpt>
      <trkpt lat="55.997342" lon="9.985406"><ele>41.5</ele></trkpt>
      <trkpt lat="55.997129" lon="9.985563"><ele>41.2</ele></trkpt>
      <trkpt lat="55.996128" lon="9.986301"><ele>39.9</ele></trkpt>
      <trkpt lat="55.995739" lon="9.986587"><ele>39.0</ele></trkpt>
      <trkpt lat="55.995595" lon="9.986772"><ele>38.4</ele></trkpt>
      <trkpt lat="55.995496" lon="9.987014"><ele>37.9</ele></trkpt>
      <trkpt lat="55.995341" lon="9.987530"><ele>36.8</ele></trkpt>
      <trkpt lat="55.992659" lon="9.986664"><ele>27.4</ele></trkpt>
      <trkpt lat="55.992129" lon="9.986474"><ele>26.9</ele></trkpt>
      <trkpt lat="55.991943" lon="9.986460"><ele>26.8</ele></trkpt>
      <trkpt lat="55.991691" lon="9.986566"><ele>26.7</ele></trkpt>
      <trkpt lat="55.991630" lon="9.986656"><ele>26.6</ele></trkpt>
      <trkpt lat="55.991592" lon="9.986767"><ele>26.6</ele></trkpt>
      <trkpt lat="55.991562" lon="9.987184"><ele>26.4</ele></trkpt>
      <trkpt lat="55.991542" lon="9.987272"><ele>26.4</ele></trkpt>
      <trkpt lat="55.991497" lon="9.987334"><ele>26.4</ele></trkpt>
      <trkpt lat="55.991375" lon="9.987325"><ele>26.3</ele></trkpt>
      <trkpt lat="55.991025" lon="9.987087"><ele>26.1</ele></trkpt>
      <trkpt lat="55.988532" lon="9.985412"><ele>26.8</ele></trkpt>
      <trkpt lat="55.988448" lon="9.985471"><ele>26.9</ele></trkpt>
      <trkpt lat="55.988356" lon="9.985608"><ele>27.0</ele></trkpt>
      <trkpt lat="55.987605" lon="9.987135"><ele>27.8</ele></trkpt>
      <trkpt lat="55.987503" lon="9.987277"><ele>27.9</ele></trkpt>
      <trkpt lat="55.987371" lon="9.987369"><ele>28.0</ele></trkpt>
      <trkpt lat="55.986719" lon="9.987577"><ele>28.6</ele></trkpt>
      <trkpt lat="55.986476" lon="9.987706"><ele>28.8</ele></trkpt>
      <trkpt lat="55.985970" lon="9.988111"><ele>28.5</ele></trkpt>
      <trkpt lat="55.985742" lon="9.988367"><ele>28.2</ele></trkpt>
      <trkpt lat="55.985625" lon="9.988641"><ele>28.1</ele></trkpt>
      <trkpt lat="55.985582" lon="9.988868"><ele>28.0</ele></trkpt>
      <trkpt lat="55.985517" lon="9.989709"><ele>27.6</ele></trkpt>
      <trkpt lat="55.985626" lon="9.994186"><ele>27.4</ele></trkpt>
      <trkpt lat="55.985613" lon="9.994375"><ele>27.4</ele></trkpt>
      <trkpt lat="55.985580" lon="9.994490"><ele>27.5</ele></trkpt>
      <trkpt lat="55.985517" lon="9.994592"><ele>27.5</ele></trkpt>
      <trkpt lat="55.984297" lon="9.994963"><ele>28.1</ele></trkpt>
      <trkpt lat="55.983928" lon="9.994961"><ele>28.5</ele></trkpt>
      <trkpt lat="55.982540" lon="9.994493"><ele>30.4</ele></trkpt>
      <trkpt lat="55.982084" lon="9.994266"><ele>31.1</ele></trkpt>
      <trkpt lat="55.981628" lon="9.993910"><ele>31.8</ele></trkpt>
      <trkpt lat="55.981339" lon="9.993588"><ele>32.3</ele></trkpt>
      <trkpt lat="55.981181" lon="9.993291"><ele>32.7</ele></trkpt>
      <trkpt lat="55.980370" lon="9.991650"><ele>33.9</ele></trkpt>
      <trkpt lat="55.980083" lon="9.990988"><ele>34.3</ele></trkpt>
      <trkpt lat="55.979812" lon="9.990361"><ele>34.2</ele></trkpt>
      <trkpt lat="55.979579" lon="9.989822"><ele>33.6</ele></trkpt>
      <trkpt lat="55.978200" lon="9.986508"><ele>29.9</ele></trkpt>
      <trkpt lat="55.977850" lon="9.985887"><ele>29.1</ele></trkpt>
      <trkpt lat="55.977975" lon="9.985773"><ele>28.8</ele></trkpt>
      <trkpt lat="55.978808" lon="9.985347"><ele>28.1</ele></trkpt>
      <trkpt lat="55.979727" lon="9.984940"><ele>27.3</ele></trkpt>
      <trkpt lat="55.979838" lon="9.984924"><ele>27.2</ele></trkpt>
      <trkpt lat="55.980737" lon="9.985050"><ele>26.8</ele></trkpt>
      <trkpt lat="55.981235" lon="9.985074"><ele>26.6</ele></trkpt>
      <trkpt lat="55.981599" lon="9.985273"><ele>26.4</ele></trkpt>
      <trkpt lat="55.981662" lon="9.985261"><ele>26.4</ele></trkpt>
      <trkpt lat="55.981697" lon="9.985135"><ele>26.3</ele></trkpt>
      <trkpt lat="55.981694" lon="9.983123"><ele>26.0</ele></trkpt>
      <trkpt lat="55.981725" lon="9.981705"><ele>25.7</ele></trkpt>
      <trkpt lat="55.981997" lon="9.976592"><ele>24.6</ele></trkpt>
      <trkpt lat="55.982179" lon="9.974901"><ele>25.2</ele></trkpt>
      <trkpt lat="55.982179" lon="9.974588"><ele>25.4</ele></trkpt>
      <trkpt lat="55.982126" lon="9.974279"><ele>25.6</ele></trkpt>
      <trkpt lat="55.981749" lon="9.972694"><ele>27.1</ele></trkpt>
      <trkpt lat="55.981492" lon="9.971181"><ele>30.6</ele></trkpt>
      <trkpt lat="55.981406" lon="9.970868"><ele>31.4</ele></trkpt>
      <trkpt lat="55.981339" lon="9.970726"><ele>31.8</ele></trkpt>
      <trkpt lat="55.981187" lon="9.970551"><ele>32.5</ele></trkpt>
      <trkpt lat="55.981028" lon="9.970523"><ele>33.1</ele></trkpt>
      <trkpt lat="55.980774" lon="9.970560"><ele>34.2</ele></trkpt>
      <trkpt lat="55.980778" lon="9.970540"><ele>34.2</ele></trkpt>
      <trkpt lat="55.977989" lon="9.964756"><ele>53.9</ele></trkpt>
      <trkpt lat="55.977931" lon="9.964590"><ele>54.5</ele></trkpt>
      <trkpt lat="55.976639" lon="9.961925"><ele>63.4</ele></trkpt>
      <trkpt lat="55.976462" lon="9.961626"><ele>64.4</ele></trkpt>
      <trkpt lat="55.976258" lon="9.961379"><ele>65.4</ele></trkpt>
      <trkpt lat="55.975553" lon="9.960810"><ele>67.0</ele></trkpt>
      <trkpt lat="55.975523" lon="9.960729"><ele>67.0</ele></trkpt>
      <trkpt lat="55.975752" lon="9.960586"><ele>67.2</ele></trkpt>
      <trkpt lat="55.975872" lon="9.960456"><ele>67.3</ele></trkpt>
      <trkpt lat="55.975953" lon="9.960307"><ele>67.4</ele></trkpt>
      <trkpt lat="55.976020" lon="9.960118"><ele>67.5</ele></trkpt>
      <trkpt lat="55.976214" lon="9.959255"><ele>68.0</ele></trkpt>
      <trkpt lat="55.976248" lon="9.959109"><ele>68.0</ele></trkpt>
      <trkpt lat="55.976636" lon="9.957402"><ele>67.7</ele></trkpt>
      <trkpt lat="55.977228" lon="9.954795"><ele>67.2</ele></trkpt>
      <trkpt lat="55.977440" lon="9.953988"><ele>67.1</ele></trkpt>
      <trkpt lat="55.977460" lon="9.953680"><ele>67.1</ele></trkpt>
      <trkpt lat="55.977441" lon="9.953522"><ele>67.1</ele></trkpt>
      <trkpt lat="55.977357" lon="9.953171"><ele>67.0</ele></trkpt>
      <trkpt lat="55.977287" lon="9.952943"><ele>67.5</ele></trkpt>
      <trkpt lat="55.977090" lon="9.952253"><ele>69.0</ele></trkpt>
      <trkpt lat="55.977052" lon="9.951981"><ele>69.6</ele></trkpt>
      <trkpt lat="55.977058" lon="9.951712"><ele>70.1</ele></trkpt>
      <trkpt lat="55.977105" lon="9.951406"><ele>70.8</ele></trkpt>
      <trkpt lat="55.977514" lon="9.949722"><ele>75.0</ele></trkpt>
      <trkpt lat="55.978291" lon="9.946617"><ele>85.2</ele></trkpt>
      <trkpt lat="55.978579" lon="9.945078"><ele>89.1</ele></trkpt>
      <trkpt lat="55.978860" lon="9.945089"><ele>90.2</ele></trkpt>
      <trkpt lat="55.979104" lon="9.944887"><ele>91.3</ele></trkpt>
      <trkpt lat="55.979279" lon="9.944495"><ele>91.6</ele></trkpt>
      <trkpt lat="55.979290" lon="9.944464"><ele>91.7</ele></trkpt>
      <trkpt lat="55.979332" lon="9.944161"><ele>91.9</ele></trkpt>
      <trkpt lat="55.979424" lon="9.943273"><ele>92.5</ele></trkpt>
      <trkpt lat="55.979643" lon="9.942571"><ele>93.1</ele></trkpt>
      <trkpt lat="55.979713" lon="9.942252"><ele>93.3</ele></trkpt>
      <trkpt lat="55.979790" lon="9.942087"><ele>93.5</ele></trkpt>
      <trkpt lat="55.979904" lon="9.941988"><ele>93.3</ele></trkpt>
      <trkpt lat="55.980104" lon="9.941931"><ele>92.9</ele></trkpt>
      <trkpt lat="55.980170" lon="9.941818"><ele>92.7</ele></trkpt>
      <trkpt lat="55.980315" lon="9.941651"><ele>92.4</ele></trkpt>
      <trkpt lat="55.980170" lon="9.941818"><ele>92.1</ele></trkpt>
      <trkpt lat="55.980104" lon="9.941931"><ele>91.9</ele></trkpt>
      <trkpt lat="55.979904" lon="9.941988"><ele>91.6</ele></trkpt>
      <trkpt lat="55.979790" lon="9.942087"><ele>91.3</ele></trkpt>
      <trkpt lat="55.979760" lon="9.941954"><ele>91.2</ele></trkpt>
      <trkpt lat="55.979754" lon="9.941775"><ele>91.0</ele></trkpt>
      <trkpt lat="55.979898" lon="9.940100"><ele>88.7</ele></trkpt>
      <trkpt lat="55.980188" lon="9.937742"><ele>84.8</ele></trkpt>
      <trkpt lat="55.980321" lon="9.937261"><ele>84.6</ele></trkpt>
      <trkpt lat="55.980920" lon="9.935692"><ele>84.1</ele></trkpt>
      <trkpt lat="55.980994" lon="9.935438"><ele>84.0</ele></trkpt>
      <trkpt lat="55.981675" lon="9.932663"><ele>86.0</ele></trkpt>
      <trkpt lat="55.982024" lon="9.931190"><ele>87.0</ele></trkpt>
      <trkpt lat="55.982780" lon="9.928287"><ele>88.6</ele></trkpt>
      <trkpt lat="55.982856" lon="9.927733"><ele>88.9</ele></trkpt>
      <trkpt lat="55.982880" lon="9.926521"><ele>89.6</ele></trkpt>
      <trkpt lat="55.982843" lon="9.925961"><ele>89.9</ele></trkpt>
      <trkpt lat="55.982780" lon="9.925696"><ele>90.1</ele></trkpt>
      <trkpt lat="55.982684" lon="9.925428"><ele>90.4</ele></trkpt>
      <trkpt lat="55.982265" lon="9.924568"><ele>91.4</ele></trkpt>
      <trkpt lat="55.982241" lon="9.924450"><ele>91.5</ele></trkpt>
      <trkpt lat="55.982274" lon="9.924124"><ele>91.7</ele></trkpt>
      <trkpt lat="55.982652" lon="9.922546"><ele>93.3</ele></trkpt>
      <trkpt lat="55.983085" lon="9.920482"><ele>95.4</ele></trkpt>
      <trkpt lat="55.982961" lon="9.920354"><ele>95.6</ele></trkpt>
      <trkpt lat="55.982751" lon="9.920216"><ele>95.9</ele></trkpt>
      <trkpt lat="55.982514" lon="9.920122"><ele>96.3</ele></trkpt>
      <trkpt lat="55.982197" lon="9.920062"><ele>96.8</ele></trkpt>
      <trkpt lat="55.982104" lon="9.920021"><ele>97.0</ele></trkpt>
      <trkpt lat="55.982017" lon="9.919899"><ele>97.1</ele></trkpt>
      <trkpt lat="55.981888" lon="9.919619"><ele>97.5</ele></trkpt>
      <trkpt lat="55.981746" lon="9.919426"><ele>97.7</ele></trkpt>
      <trkpt lat="55.980934" lon="9.918541"><ele>98.9</ele></trkpt>
      <trkpt lat="55.980850" lon="9.918484"><ele>99.0</ele></trkpt>
      <trkpt lat="55.980685" lon="9.918490"><ele>99.2</ele></trkpt>
      <trkpt lat="55.980297" lon="9.918740"><ele>99.7</ele></trkpt>
      <trkpt lat="55.980189" lon="9.918726"><ele>99.8</ele></trkpt>
      <trkpt lat="55.979988" lon="9.918572"><ele>100.0</ele></trkpt>
      <trkpt lat="55.977717" lon="9.916623"><ele>104.3</ele></trkpt>
      <trkpt lat="55.977386" lon="9.916331"><ele>105.2</ele></trkpt>
      <trkpt lat="55.976651" lon="9.915674"><ele>107.2</ele></trkpt>
      <trkpt lat="55.976593" lon="9.915584"><ele>107.4</ele></trkpt>
      <trkpt lat="55.976274" lon="9.914733"><ele>108.5</ele></trkpt>
      <trkpt lat="55.976003" lon="9.914379"><ele>109.1</ele></trkpt>
      <trkpt lat="55.975687" lon="9.914070"><ele>109.7</ele></trkpt>
      <trkpt lat="55.975508" lon="9.913825"><ele>110.1</ele></trkpt>
      <trkpt lat="55.975372" lon="9.913546"><ele>110.5</ele></trkpt>
      <trkpt lat="55.975045" lon="9.912620"><ele>110.7</ele></trkpt>
      <trkpt lat="55.975014" lon="9.912392"><ele>110.7</ele></trkpt>
      <trkpt lat="55.975018" lon="9.912204"><ele>110.7</ele></trkpt>
      <trkpt lat="55.975158" lon="9.911308"><ele>110.7</ele></trkpt>
      <trkpt lat="55.975274" lon="9.910562"><ele>110.7</ele></trkpt>
      <trkpt lat="55.975265" lon="9.910192"><ele>110.7</ele></trkpt>
      <trkpt lat="55.975213" lon="9.910029"><ele>110.8</ele></trkpt>
      <trkpt lat="55.975127" lon="9.909920"><ele>110.8</ele></trkpt>
      <trkpt lat="55.974751" lon="9.909736"><ele>111.1</ele></trkpt>
      <trkpt lat="55.974613" lon="9.909590"><ele>111.2</ele></trkpt>
      <trkpt lat="55.974141" lon="9.908911"><ele>111.6</ele></trkpt>
      <trkpt lat="55.973735" lon="9.908326"><ele>112.0</ele></trkpt>
      <trkpt lat="55.973320" lon="9.907887"><ele>112.4</ele></trkpt>
      <trkpt lat="55.972585" lon="9.907110"><ele>113.0</ele></trkpt>
      <trkpt lat="55.972030" lon="9.906551"><ele>112.4</ele></trkpt>
      <trkpt lat="55.971876" lon="9.906564"><ele>112.0</ele></trkpt>
      <trkpt lat="55.971125" lon="9.906857"><ele>109.9</ele></trkpt>
      <trkpt lat="55.969480" lon="9.907173"><ele>105.7</ele></trkpt>
      <trkpt lat="55.968876" lon="9.907236"><ele>104.2</ele></trkpt>
      <trkpt lat="55.968758" lon="9.907195"><ele>103.9</ele></trkpt>
      <trkpt lat="55.968654" lon="9.907101"><ele>103.7</ele></trkpt>
      <trkpt lat="55.968423" lon="9.906793"><ele>103.1</ele></trkpt>
      <trkpt lat="55.968270" lon="9.906647"><ele>102.8</ele></trkpt>
      <trkpt lat="55.968111" lon="9.906618"><ele>102.5</ele></trkpt>
      <trkpt lat="55.966974" lon="9.906730"><ele>100.1</ele></trkpt>
      <trkpt lat="55.966853" lon="9.906686"><ele>99.7</ele></trkpt>
      <trkpt lat="55.966644" lon="9.906516"><ele>98.9</ele></trkpt>
      <trkpt lat="55.966240" lon="9.906287"><ele>97.5</ele></trkpt>
      <trkpt lat="55.965679" lon="9.906035"><ele>95.6</ele></trkpt>
      <trkpt lat="55.965359" lon="9.905959"><ele>94.5</ele></trkpt>
      <trkpt lat="55.964965" lon="9.905978"><ele>93.9</ele></trkpt>
      <trkpt lat="55.964632" lon="9.905976"><ele>93.4</ele></trkpt>
      <trkpt lat="55.963651" lon="9.905741"><ele>91.9</ele></trkpt>
      <trkpt lat="55.963515" lon="9.905680"><ele>91.7</ele></trkpt>
      <trkpt lat="55.962703" lon="9.904910"><ele>90.3</ele></trkpt>
      <trkpt lat="55.961547" lon="9.904419"><ele>88.7</ele></trkpt>
      <trkpt lat="55.961563" lon="9.904339"><ele>88.7</ele></trkpt>
      <trkpt lat="55.961742" lon="9.903459"><ele>88.3</ele></trkpt>
      <trkpt lat="55.961846" lon="9.902125"><ele>87.6</ele></trkpt>
      <trkpt lat="55.961891" lon="9.901933"><ele>87.5</ele></trkpt>
      <trkpt lat="55.961788" lon="9.901876"><ele>87.3</ele></trkpt>
      <trkpt lat="55.961552" lon="9.901886"><ele>86.9</ele></trkpt>
      <trkpt lat="55.960848" lon="9.901980"><ele>85.7</ele></trkpt>
      <trkpt lat="55.960672" lon="9.901916"><ele>85.4</ele></trkpt>
      <trkpt lat="55.960588" lon="9.901815"><ele>85.2</ele></trkpt>
      <trkpt lat="55.959961" lon="9.900513"><ele>83.8</ele></trkpt>
      <trkpt lat="55.959074" lon="9.898260"><ele>82.4</ele></trkpt>
      <trkpt lat="55.958990" lon="9.898091"><ele>82.4</ele></trkpt>
      <trkpt lat="55.958868" lon="9.897967"><ele>82.4</ele></trkpt>
      <trkpt lat="55.958573" lon="9.897786"><ele>82.5</ele></trkpt>
      <trkpt lat="55.958297" lon="9.897728"><ele>82.5</ele></trkpt>
      <trkpt lat="55.957834" lon="9.897986"><ele>82.6</ele></trkpt>
      <trkpt lat="55.957687" lon="9.898033"><ele>82.6</ele></trkpt>
      <trkpt lat="55.957516" lon="9.898062"><ele>82.4</ele></trkpt>
      <trkpt lat="55.957254" lon="9.898042"><ele>82.0</ele></trkpt>
      <trkpt lat="55.956772" lon="9.897994"><ele>81.2</ele></trkpt>
      <trkpt lat="55.956617" lon="9.897875"><ele>81.0</ele></trkpt>
      <trkpt lat="55.956438" lon="9.897739"><ele>80.7</ele></trkpt>
      <trkpt lat="55.955737" lon="9.897576"><ele>79.5</ele></trkpt>
      <trkpt lat="55.955641" lon="9.897584"><ele>79.3</ele></trkpt>
      <trkpt lat="55.955176" lon="9.897658"><ele>78.3</ele></trkpt>
      <trkpt lat="55.955077" lon="9.897724"><ele>78.1</ele></trkpt>
      <trkpt lat="55.954946" lon="9.897811"><ele>77.8</ele></trkpt>
      <trkpt lat="55.954559" lon="9.897920"><ele>76.9</ele></trkpt>
      <trkpt lat="55.954037" lon="9.898008"><ele>75.9</ele></trkpt>
      <trkpt lat="55.953770" lon="9.897998"><ele>75.5</ele></trkpt>
      <trkpt lat="55.953192" lon="9.897846"><ele>74.7</ele></trkpt>
      <trkpt lat="55.949599" lon="9.897370"><ele>70.0</ele></trkpt>
      <trkpt lat="55.949550" lon="9.896420"><ele>69.3</ele></trkpt>
      <trkpt lat="55.949433" lon="9.895511"><ele>68.5</ele></trkpt>
      <trkpt lat="55.949196" lon="9.894369"><ele>67.3</ele></trkpt>
      <trkpt lat="55.948954" lon="9.893412"><ele>66.2</ele></trkpt>
      <trkpt lat="55.948821" lon="9.892975"><ele>65.7</ele></trkpt>
      <trkpt lat="55.947849" lon="9.890170"><ele>61.6</ele></trkpt>
      <trkpt lat="55.947833" lon="9.890116"><ele>61.5</ele></trkpt>
      <trkpt lat="55.947792" lon="9.889996"><ele>61.5</ele></trkpt>
      <trkpt lat="55.944413" lon="9.880400"><ele>58.0</ele></trkpt>
      <trkpt lat="55.944259" lon="9.879846"><ele>57.9</ele></trkpt>
      <trkpt lat="55.944131" lon="9.879210"><ele>57.8</ele></trkpt>
      <trkpt lat="55.944003" lon="9.878272"><ele>57.7</ele></trkpt>
      <trkpt lat="55.943834" lon="9.876625"><ele>57.6</ele></trkpt>
      <trkpt lat="55.943822" lon="9.876069"><ele>57.6</ele></trkpt>
      <trkpt lat="55.943845" lon="9.875255"><ele>56.8</ele></trkpt>
      <trkpt lat="55.944005" lon="9.869592"><ele>50.0</ele></trkpt>
      <trkpt lat="55.944087" lon="9.866842"><ele>47.9</ele></trkpt>
      <trkpt lat="55.944128" lon="9.866267"><ele>47.5</ele></trkpt>
      <trkpt lat="55.944226" lon="9.865354"><ele>46.8</ele></trkpt>
      <trkpt lat="55.944248" lon="9.865057"><ele>46.6</ele></trkpt>
      <trkpt lat="55.944290" lon="9.864069"><ele>45.8</ele></trkpt>
      <trkpt lat="55.944330" lon="9.861283"><ele>43.1</ele></trkpt>
      <trkpt lat="55.944375" lon="9.860690"><ele>42.5</ele></trkpt>
      <trkpt lat="55.944567" lon="9.859589"><ele>41.6</ele></trkpt>
      <trkpt lat="55.944786" lon="9.858771"><ele>41.4</ele></trkpt>
      <trkpt lat="55.945490" lon="9.856146"><ele>41.4</ele></trkpt>
      <trkpt lat="55.945516" lon="9.856048"><ele>41.4</ele></trkpt>
      <trkpt lat="55.945652" lon="9.855541"><ele>41.6</ele></trkpt>
      <trkpt lat="55.945901" lon="9.854766"><ele>41.8</ele></trkpt>
      <trkpt lat="55.944628" lon="9.853210"><ele>43.0</ele></trkpt>
      <trkpt lat="55.943204" lon="9.851470"><ele>44.8</ele></trkpt>
      <trkpt lat="55.942934" lon="9.851227"><ele>45.2</ele></trkpt>
      <trkpt lat="55.942501" lon="9.850997"><ele>45.7</ele></trkpt>
      <trkpt lat="55.941614" lon="9.850577"><ele>45.9</ele></trkpt>
      <trkpt lat="55.940903" lon="9.850248"><ele>46.0</ele></trkpt>
      <trkpt lat="55.940767" lon="9.850164"><ele>46.0</ele></trkpt>
      <trkpt lat="55.940569" lon="9.850022"><ele>46.1</ele></trkpt>
      <trkpt lat="55.940357" lon="9.849792"><ele>46.1</ele></trkpt>
      <trkpt lat="55.940101" lon="9.849417"><ele>46.1</ele></trkpt>
      <trkpt lat="55.939574" lon="9.848657"><ele>46.2</ele></trkpt>
      <trkpt lat="55.939374" lon="9.848375"><ele>46.2</ele></trkpt>
      <trkpt lat="55.939143" lon="9.848049"><ele>46.4</ele></trkpt>
      <trkpt lat="55.938935" lon="9.847769"><ele>46.6</ele></trkpt>
      <trkpt lat="55.938855" lon="9.847651"><ele>46.6</ele></trkpt>
      <trkpt lat="55.938387" lon="9.846966"><ele>47.1</ele></trkpt>
      <trkpt lat="55.937927" lon="9.846292"><ele>47.6</ele></trkpt>
      <trkpt lat="55.937518" lon="9.845868"><ele>49.1</ele></trkpt>
      <trkpt lat="55.936961" lon="9.845364"><ele>51.0</ele></trkpt>
      <trkpt lat="55.936721" lon="9.845206"><ele>51.8</ele></trkpt>
      <trkpt lat="55.936278" lon="9.844960"><ele>53.1</ele></trkpt>
      <trkpt lat="55.935905" lon="9.844772"><ele>53.6</ele></trkpt>
      <trkpt lat="55.935853" lon="9.844744"><ele>53.7</ele></trkpt>
      <trkpt lat="55.935102" lon="9.844349"><ele>54.6</ele></trkpt>
      <trkpt lat="55.935207" lon="9.843874"><ele>54.9</ele></trkpt>
      <trkpt lat="55.935418" lon="9.843022"><ele>55.0</ele></trkpt>
      <trkpt lat="55.935544" lon="9.842558"><ele>54.9</ele></trkpt>
      <trkpt lat="55.935586" lon="9.842411"><ele>54.9</ele></trkpt>
      <trkpt lat="55.935642" lon="9.842213"><ele>54.9</ele></trkpt>
      <trkpt lat="55.935655" lon="9.842165"><ele>54.8</ele></trkpt>
      <trkpt lat="55.935856" lon="9.841420"><ele>54.7</ele></trkpt>
      <trkpt lat="55.936003" lon="9.840857"><ele>54.5</ele></trkpt>
      <trkpt lat="55.936166" lon="9.840247"><ele>54.7</ele></trkpt>
      <trkpt lat="55.936258" lon="9.839846"><ele>54.9</ele></trkpt>
      <trkpt lat="55.936366" lon="9.839125"><ele>55.2</ele></trkpt>
      <trkpt lat="55.936401" lon="9.838883"><ele>55.3</ele></trkpt>
      <trkpt lat="55.936537" lon="9.837927"><ele>55.8</ele></trkpt>
      <trkpt lat="55.936832" lon="9.835780"><ele>56.0</ele></trkpt>
      <trkpt lat="55.937003" lon="9.834067"><ele>56.0</ele></trkpt>
      <trkpt lat="55.937109" lon="9.832932"><ele>56.1</ele></trkpt>
      <trkpt lat="55.937353" lon="9.830905"><ele>56.4</ele></trkpt>
      <trkpt lat="55.937358" lon="9.830583"><ele>56.7</ele></trkpt>
      <trkpt lat="55.937252" lon="9.829153"><ele>57.7</ele></trkpt>
      <trkpt lat="55.937243" lon="9.828725"><ele>58.0</ele></trkpt>
      <trkpt lat="55.937309" lon="9.827948"><ele>58.5</ele></trkpt>
      <trkpt lat="55.937426" lon="9.826526"><ele>59.8</ele></trkpt>
      <trkpt lat="55.937571" lon="9.824041"><ele>61.9</ele></trkpt>
      <trkpt lat="55.937566" lon="9.823731"><ele>62.1</ele></trkpt>
      <trkpt lat="55.937527" lon="9.823388"><ele>62.4</ele></trkpt>
      <trkpt lat="55.937079" lon="9.821850"><ele>63.8</ele></trkpt>
      <trkpt lat="55.936001" lon="9.818761"><ele>67.5</ele></trkpt>
      <trkpt lat="55.935851" lon="9.818333"><ele>68.2</ele></trkpt>
      <trkpt lat="55.935609" lon="9.817612"><ele>69.3</ele></trkpt>
      <trkpt lat="55.935442" lon="9.816864"><ele>70.3</ele></trkpt>
      <trkpt lat="55.935334" lon="9.816262"><ele>71.2</ele></trkpt>
      <trkpt lat="55.935263" lon="9.815638"><ele>72.0</ele></trkpt>
      <trkpt lat="55.935241" lon="9.814782"><ele>73.1</ele></trkpt>
      <trkpt lat="55.935250" lon="9.812206"><ele>75.5</ele></trkpt>
      <trkpt lat="55.935246" lon="9.811866"><ele>75.7</ele></trkpt>
      <trkpt lat="55.935240" lon="9.811314"><ele>75.9</ele></trkpt>
      <trkpt lat="55.935188" lon="9.810528"><ele>76.2</ele></trkpt>
      <trkpt lat="55.935110" lon="9.809760"><ele>76.5</ele></trkpt>
      <trkpt lat="55.934974" lon="9.808928"><ele>76.8</ele></trkpt>
      <trkpt lat="55.934791" lon="9.808182"><ele>77.0</ele></trkpt>
      <trkpt lat="55.934579" lon="9.807474"><ele>77.2</ele></trkpt>
      <trkpt lat="55.934360" lon="9.806878"><ele>77.5</ele></trkpt>
      <trkpt lat="55.933648" lon="9.805325"><ele>78.6</ele></trkpt>
      <trkpt lat="55.933431" lon="9.804781"><ele>79.0</ele></trkpt>
      <trkpt lat="55.932563" lon="9.802082"><ele>80.2</ele></trkpt>
      <trkpt lat="55.932396" lon="9.801164"><ele>80.6</ele></trkpt>
      <trkpt lat="55.932350" lon="9.800769"><ele>80.7</ele></trkpt>
      <trkpt lat="55.932353" lon="9.800464"><ele>80.8</ele></trkpt>
      <trkpt lat="55.932414" lon="9.800146"><ele>80.9</ele></trkpt>
      <trkpt lat="55.932580" lon="9.799605"><ele>81.1</ele></trkpt>
      <trkpt lat="55.932600" lon="9.799367"><ele>81.2</ele></trkpt>
      <trkpt lat="55.932551" lon="9.799008"><ele>81.3</ele></trkpt>
      <trkpt lat="55.932509" lon="9.798868"><ele>81.4</ele></trkpt>
      <trkpt lat="55.932176" lon="9.799393"><ele>81.2</ele></trkpt>
      <trkpt lat="55.930861" lon="9.794806"><ele>78.4</ele></trkpt>
      <trkpt lat="55.929229" lon="9.797551"><ele>75.8</ele></trkpt>
      <trkpt lat="55.929175" lon="9.797578"><ele>75.7</ele></trkpt>
      <trkpt lat="55.928645" lon="9.797415"><ele>74.7</ele></trkpt>
      <trkpt lat="55.928373" lon="9.797471"><ele>74.2</ele></trkpt>
      <trkpt lat="55.928321" lon="9.797616"><ele>74.0</ele></trkpt>
      <trkpt lat="55.928240" lon="9.798195"><ele>73.3</ele></trkpt>
      <trkpt lat="55.928019" lon="9.798460"><ele>72.8</ele></trkpt>
      <trkpt lat="55.927118" lon="9.797638"><ele>71.9</ele></trkpt>
      <trkpt lat="55.926686" lon="9.797294"><ele>71.6</ele></trkpt>
      <trkpt lat="55.925736" lon="9.796566"><ele>71.4</ele></trkpt>
      <trkpt lat="55.925626" lon="9.796430"><ele>71.5</ele></trkpt>
      <trkpt lat="55.925528" lon="9.796232"><ele>71.6</ele></trkpt>
      <trkpt lat="55.924790" lon="9.794294"><ele>71.8</ele></trkpt>
      <trkpt lat="55.924537" lon="9.792725"><ele>71.3</ele></trkpt>
      <trkpt lat="55.924460" lon="9.792443"><ele>71.3</ele></trkpt>
      <trkpt lat="55.924371" lon="9.792197"><ele>71.2</ele></trkpt>
      <trkpt lat="55.922481" lon="9.787869"><ele>67.0</ele></trkpt>
      <trkpt lat="55.922452" lon="9.787803"><ele>66.9</ele></trkpt>
      <trkpt lat="55.922395" lon="9.787632"><ele>66.8</ele></trkpt>
      <trkpt lat="55.922377" lon="9.787496"><ele>66.8</ele></trkpt>
      <trkpt lat="55.922545" lon="9.786866"><ele>66.4</ele></trkpt>
      <trkpt lat="55.922587" lon="9.786560"><ele>66.2</ele></trkpt>
      <trkpt lat="55.922638" lon="9.785992"><ele>65.6</ele></trkpt>
      <trkpt lat="55.922728" lon="9.785684"><ele>65.3</ele></trkpt>
      <trkpt lat="55.922889" lon="9.785358"><ele>64.9</ele></trkpt>
      <trkpt lat="55.923075" lon="9.784857"><ele>64.3</ele></trkpt>
      <trkpt lat="55.922137" lon="9.783412"><ele>60.2</ele></trkpt>
      <trkpt lat="55.921783" lon="9.782833"><ele>57.8</ele></trkpt>
      <trkpt lat="55.921699" lon="9.782801"><ele>57.4</ele></trkpt>
      <trkpt lat="55.921403" lon="9.782891"><ele>55.8</ele></trkpt>
      <trkpt lat="55.921278" lon="9.782876"><ele>55.2</ele></trkpt>
      <trkpt lat="55.920460" lon="9.782222"><ele>49.2</ele></trkpt>
      <trkpt lat="55.920179" lon="9.781952"><ele>46.9</ele></trkpt>
      <trkpt lat="55.920046" lon="9.781771"><ele>45.6</ele></trkpt>
      <trkpt lat="55.919938" lon="9.781417"><ele>44.0</ele></trkpt>
      <trkpt lat="55.919691" lon="9.780344"><ele>39.1</ele></trkpt>
      <trkpt lat="55.919500" lon="9.779838"><ele>36.3</ele></trkpt>
      <trkpt lat="55.919006" lon="9.778928"><ele>30.6</ele></trkpt>
      <trkpt lat="55.918803" lon="9.778347"><ele>27.5</ele></trkpt>
      <trkpt lat="55.918550" lon="9.777489"><ele>24.1</ele></trkpt>
      <trkpt lat="55.917973" lon="9.776233"><ele>19.0</ele></trkpt>
      <trkpt lat="55.917887" lon="9.775988"><ele>18.1</ele></trkpt>
      <trkpt lat="55.917696" lon="9.775257"><ele>16.2</ele></trkpt>
      <trkpt lat="55.916339" lon="9.772473"><ele>14.4</ele></trkpt>
      <trkpt lat="55.916283" lon="9.772319"><ele>14.2</ele></trkpt>
      <trkpt lat="55.915847" lon="9.771457"><ele>13.3</ele></trkpt>
      <trkpt lat="55.915667" lon="9.771216"><ele>13.0</ele></trkpt>
      <trkpt lat="55.914808" lon="9.771374"><ele>12.0</ele></trkpt>
      <trkpt lat="55.914759" lon="9.771183"><ele>11.9</ele></trkpt>
      <trkpt lat="55.914663" lon="9.770957"><ele>11.7</ele></trkpt>
      <trkpt lat="55.914144" lon="9.769842"><ele>11.0</ele></trkpt>
      <trkpt lat="55.913695" lon="9.770064"><ele>10.5</ele></trkpt>
      <trkpt lat="55.913044" lon="9.770297"><ele>9.6</ele></trkpt>
      <trkpt lat="55.912303" lon="9.770437"><ele>8.6</ele></trkpt>
      <trkpt lat="55.911515" lon="9.770480"><ele>7.6</ele></trkpt>
      <trkpt lat="55.911131" lon="9.770438"><ele>7.1</ele></trkpt>
      <trkpt lat="55.911014" lon="9.770430"><ele>6.9</ele></trkpt>
      <trkpt lat="55.910138" lon="9.770244"><ele>6.2</ele></trkpt>
      <trkpt lat="55.909271" lon="9.769920"><ele>7.3</ele></trkpt>
      <trkpt lat="55.908306" lon="9.769365"><ele>8.8</ele></trkpt>
      <trkpt lat="55.907384" lon="9.768604"><ele>10.9</ele></trkpt>
      <trkpt lat="55.907337" lon="9.768546"><ele>11.0</ele></trkpt>
      <trkpt lat="55.906999" lon="9.768206"><ele>11.8</ele></trkpt>
      <trkpt lat="55.905050" lon="9.766015"><ele>17.4</ele></trkpt>
      <trkpt lat="55.904548" lon="9.765373"><ele>18.8</ele></trkpt>
      <trkpt lat="55.904105" lon="9.764656"><ele>20.1</ele></trkpt>
      <trkpt lat="55.903765" lon="9.763980"><ele>21.2</ele></trkpt>
      <trkpt lat="55.902302" lon="9.760492"><ele>26.0</ele></trkpt>
      <trkpt lat="55.902006" lon="9.759908"><ele>26.7</ele></trkpt>
      <trkpt lat="55.901876" lon="9.758615"><ele>27.7</ele></trkpt>
      <trkpt lat="55.901516" lon="9.757318"><ele>28.6</ele></trkpt>
      <trkpt lat="55.901259" lon="9.756405"><ele>29.2</ele></trkpt>
      <trkpt lat="55.901154" lon="9.756033"><ele>29.6</ele></trkpt>
      <trkpt lat="55.901054" lon="9.755678"><ele>30.0</ele></trkpt>
      <trkpt lat="55.901054" lon="9.755497"><ele>30.1</ele></trkpt>
      <trkpt lat="55.901109" lon="9.755222"><ele>30.4</ele></trkpt>
      <trkpt lat="55.901218" lon="9.754693"><ele>31.0</ele></trkpt>
      <trkpt lat="55.901328" lon="9.754162"><ele>31.5</ele></trkpt>
      <trkpt lat="55.901391" lon="9.753857"><ele>31.8</ele></trkpt>
      <trkpt lat="55.901530" lon="9.753176"><ele>32.8</ele></trkpt>
      <trkpt lat="55.901570" lon="9.752984"><ele>33.2</ele></trkpt>
      <trkpt lat="55.901685" lon="9.752347"><ele>34.6</ele></trkpt>
      <trkpt lat="55.901864" lon="9.751258"><ele>36.9</ele></trkpt>
      <trkpt lat="55.901962" lon="9.750869"><ele>37.7</ele></trkpt>
      <trkpt lat="55.902133" lon="9.750293"><ele>39.0</ele></trkpt>
      <trkpt lat="55.902338" lon="9.749414"><ele>41.0</ele></trkpt>
      <trkpt lat="55.902340" lon="9.749278"><ele>41.3</ele></trkpt>
      <trkpt lat="55.902309" lon="9.749165"><ele>41.5</ele></trkpt>
      <trkpt lat="55.901843" lon="9.748389"><ele>43.8</ele></trkpt>
      <trkpt lat="55.901797" lon="9.748357"><ele>44.0</ele></trkpt>
      <trkpt lat="55.901761" lon="9.748410"><ele>44.2</ele></trkpt>
      <trkpt lat="55.901592" lon="9.748740"><ele>45.1</ele></trkpt>
      <trkpt lat="55.901537" lon="9.748606"><ele>45.4</ele></trkpt>
      <trkpt lat="55.901524" lon="9.748506"><ele>45.5</ele></trkpt>
      <trkpt lat="55.901468" lon="9.747065"><ele>46.9</ele></trkpt>
      <trkpt lat="55.901443" lon="9.746906"><ele>47.1</ele></trkpt>
      <trkpt lat="55.902422" lon="9.745570"><ele>48.8</ele></trkpt>
      <trkpt lat="55.902943" lon="9.744709"><ele>49.1</ele></trkpt>
      <trkpt lat="55.903355" lon="9.743897"><ele>49.4</ele></trkpt>
      <trkpt lat="55.903599" lon="9.743336"><ele>49.5</ele></trkpt>
      <trkpt lat="55.903995" lon="9.742196"><ele>49.6</ele></trkpt>
      <trkpt lat="55.904754" lon="9.739611"><ele>50.2</ele></trkpt>
      <trkpt lat="55.904758" lon="9.739371"><ele>50.2</ele></trkpt>
      <trkpt lat="55.905964" lon="9.735331"><ele>53.4</ele></trkpt>
      <trkpt lat="55.905996" lon="9.735219"><ele>53.6</ele></trkpt>
      <trkpt lat="55.906461" lon="9.733576"><ele>56.0</ele></trkpt>
      <trkpt lat="55.906675" lon="9.732671"><ele>57.3</ele></trkpt>
      <trkpt lat="55.906746" lon="9.732413"><ele>57.7</ele></trkpt>
      <trkpt lat="55.907103" lon="9.730517"><ele>60.0</ele></trkpt>
      <trkpt lat="55.907568" lon="9.727489"><ele>64.0</ele></trkpt>
      <trkpt lat="55.907645" lon="9.727040"><ele>64.6</ele></trkpt>
      <trkpt lat="55.907764" lon="9.726376"><ele>65.5</ele></trkpt>
      <trkpt lat="55.908127" lon="9.724787"><ele>67.3</ele></trkpt>
      <trkpt lat="55.905123" lon="9.723502"><ele>70.0</ele></trkpt>
      <trkpt lat="55.902148" lon="9.722234"><ele>73.5</ele></trkpt>
      <trkpt lat="55.901843" lon="9.722104"><ele>73.6</ele></trkpt>
      <trkpt lat="55.900578" lon="9.721565"><ele>73.2</ele></trkpt>
      <trkpt lat="55.899640" lon="9.721278"><ele>74.5</ele></trkpt>
      <trkpt lat="55.896045" lon="9.720134"><ele>85.4</ele></trkpt>
      <trkpt lat="55.895854" lon="9.720073"><ele>86.0</ele></trkpt>
      <trkpt lat="55.895901" lon="9.718875"><ele>88.1</ele></trkpt>
      <trkpt lat="55.895902" lon="9.717623"><ele>89.2</ele></trkpt>
      <trkpt lat="55.895872" lon="9.716313"><ele>89.8</ele></trkpt>
      <trkpt lat="55.895770" lon="9.714625"><ele>89.8</ele></trkpt>
      <trkpt lat="55.895718" lon="9.713603"><ele>89.1</ele></trkpt>
      <trkpt lat="55.895245" lon="9.705358"><ele>82.4</ele></trkpt>
      <trkpt lat="55.895171" lon="9.703755"><ele>81.0</ele></trkpt>
      <trkpt lat="55.894766" lon="9.703716"><ele>80.4</ele></trkpt>
      <trkpt lat="55.894507" lon="9.703635"><ele>80.0</ele></trkpt>
      <trkpt lat="55.894357" lon="9.703496"><ele>79.8</ele></trkpt>
      <trkpt lat="55.894244" lon="9.703182"><ele>79.7</ele></trkpt>
      <trkpt lat="55.894169" lon="9.702282"><ele>79.3</ele></trkpt>
      <trkpt lat="55.894112" lon="9.701479"><ele>79.0</ele></trkpt>
      <trkpt lat="55.894065" lon="9.699310"><ele>78.6</ele></trkpt>
      <trkpt lat="55.894056" lon="9.696998"><ele>78.8</ele></trkpt>
      <trkpt lat="55.894138" lon="9.696694"><ele>78.9</ele></trkpt>
      <trkpt lat="55.894073" lon="9.696561"><ele>78.9</ele></trkpt>
      <trkpt lat="55.894067" lon="9.696432"><ele>78.9</ele></trkpt>
      <trkpt lat="55.894050" lon="9.694333"><ele>79.5</ele></trkpt>
      <trkpt lat="55.894243" lon="9.694203"><ele>79.4</ele></trkpt>
      <trkpt lat="55.894092" lon="9.692890"><ele>79.0</ele></trkpt>
      <trkpt lat="55.893967" lon="9.691801"><ele>78.7</ele></trkpt>
      <trkpt lat="55.893817" lon="9.690531"><ele>78.7</ele></trkpt>
      <trkpt lat="55.893528" lon="9.687967"><ele>79.1</ele></trkpt>
      <trkpt lat="55.893243" lon="9.685399"><ele>81.0</ele></trkpt>
      <trkpt lat="55.893144" lon="9.684178"><ele>82.0</ele></trkpt>
      <trkpt lat="55.893074" lon="9.683315"><ele>82.7</ele></trkpt>
      <trkpt lat="55.892942" lon="9.681199"><ele>84.5</ele></trkpt>
      <trkpt lat="55.892922" lon="9.680787"><ele>85.0</ele></trkpt>
      <trkpt lat="55.892892" lon="9.680182"><ele>85.6</ele></trkpt>
      <trkpt lat="55.892874" lon="9.679814"><ele>86.0</ele></trkpt>
      <trkpt lat="55.892848" lon="9.679282"><ele>86.5</ele></trkpt>
      <trkpt lat="55.892778" lon="9.677844"><ele>88.3</ele></trkpt>
      <trkpt lat="55.892615" lon="9.674397"><ele>92.2</ele></trkpt>
      <trkpt lat="55.892450" lon="9.671015"><ele>93.7</ele></trkpt>
      <trkpt lat="55.892304" lon="9.667758"><ele>93.6</ele></trkpt>
      <trkpt lat="55.892300" lon="9.667685"><ele>93.6</ele></trkpt>
      <trkpt lat="55.892202" lon="9.665629"><ele>93.2</ele></trkpt>
      <trkpt lat="55.892182" lon="9.665034"><ele>92.8</ele></trkpt>
      <trkpt lat="55.892181" lon="9.663891"><ele>92.1</ele></trkpt>
      <trkpt lat="55.892229" lon="9.662856"><ele>91.5</ele></trkpt>
      <trkpt lat="55.892336" lon="9.661612"><ele>90.8</ele></trkpt>
      <trkpt lat="55.892114" lon="9.661419"><ele>90.5</ele></trkpt>
      <trkpt lat="55.892008" lon="9.661250"><ele>90.4</ele></trkpt>
      <trkpt lat="55.891942" lon="9.661025"><ele>90.2</ele></trkpt>
      <trkpt lat="55.891913" lon="9.660765"><ele>90.1</ele></trkpt>
      <trkpt lat="55.891863" lon="9.659462"><ele>89.3</ele></trkpt>
      <trkpt lat="55.891869" lon="9.658400"><ele>88.6</ele></trkpt>
      <trkpt lat="55.891893" lon="9.657956"><ele>88.3</ele></trkpt>
      <trkpt lat="55.891923" lon="9.657428"><ele>88.0</ele></trkpt>
      <trkpt lat="55.892003" lon="9.656622"><ele>87.5</ele></trkpt>
      <trkpt lat="55.892157" lon="9.655519"><ele>87.5</ele></trkpt>
      <trkpt lat="55.892231" lon="9.655017"><ele>87.5</ele></trkpt>
      <trkpt lat="55.892116" lon="9.654999"><ele>87.5</ele></trkpt>
      <trkpt lat="55.890925" lon="9.655176"><ele>87.5</ele></trkpt>
      <trkpt lat="55.890722" lon="9.655241"><ele>87.5</ele></trkpt>
      <trkpt lat="55.890451" lon="9.655484"><ele>87.6</ele></trkpt>
      <trkpt lat="55.890349" lon="9.655131"><ele>87.6</ele></trkpt>
      <trkpt lat="55.890257" lon="9.655074"><ele>87.6</ele></trkpt>
      <trkpt lat="55.890138" lon="9.655128"><ele>87.6</ele></trkpt>
      <trkpt lat="55.889786" lon="9.655289"><ele>87.6</ele></trkpt>
      <trkpt lat="55.889652" lon="9.654363"><ele>86.9</ele></trkpt>
      <trkpt lat="55.889478" lon="9.652861"><ele>85.9</ele></trkpt>
      <trkpt lat="55.889365" lon="9.651888"><ele>85.2</ele></trkpt>
      <trkpt lat="55.889118" lon="9.648969"><ele>83.6</ele></trkpt>
      <trkpt lat="55.889054" lon="9.648530"><ele>83.4</ele></trkpt>
      <trkpt lat="55.888649" lon="9.646538"><ele>82.1</ele></trkpt>
      <trkpt lat="55.888501" lon="9.646053"><ele>81.8</ele></trkpt>
      <trkpt lat="55.887511" lon="9.643398"><ele>79.6</ele></trkpt>
      <trkpt lat="55.887376" lon="9.642834"><ele>79.4</ele></trkpt>
      <trkpt lat="55.886635" lon="9.639233"><ele>78.4</ele></trkpt>
      <trkpt lat="55.886468" lon="9.638129"><ele>78.1</ele></trkpt>
      <trkpt lat="55.886319" lon="9.637252"><ele>77.9</ele></trkpt>
      <trkpt lat="55.886310" lon="9.637225"><ele>77.9</ele></trkpt>
      <trkpt lat="55.886219" lon="9.637017"><ele>77.8</ele></trkpt>
      <trkpt lat="55.885661" lon="9.636121"><ele>77.6</ele></trkpt>
      <trkpt lat="55.885523" lon="9.635943"><ele>77.6</ele></trkpt>
      <trkpt lat="55.885192" lon="9.635625"><ele>77.5</ele></trkpt>
      <trkpt lat="55.884917" lon="9.635450"><ele>77.4</ele></trkpt>
      <trkpt lat="55.884647" lon="9.635371"><ele>77.4</ele></trkpt>
      <trkpt lat="55.883759" lon="9.635534"><ele>77.2</ele></trkpt>
      <trkpt lat="55.883433" lon="9.635544"><ele>77.1</ele></trkpt>
      <trkpt lat="55.883262" lon="9.635476"><ele>77.1</ele></trkpt>
      <trkpt lat="55.883209" lon="9.635417"><ele>77.1</ele></trkpt>
      <trkpt lat="55.883083" lon="9.635276"><ele>77.0</ele></trkpt>
      <trkpt lat="55.883035" lon="9.635196"><ele>77.0</ele></trkpt>
      <trkpt lat="55.882964" lon="9.634907"><ele>76.8</ele></trkpt>
      <trkpt lat="55.882967" lon="9.634561"><ele>76.7</ele></trkpt>
      <trkpt lat="55.883138" lon="9.632823"><ele>75.9</ele></trkpt>
      <trkpt lat="55.883146" lon="9.632702"><ele>75.9</ele></trkpt>
      <trkpt lat="55.883102" lon="9.632411"><ele>75.8</ele></trkpt>
      <trkpt lat="55.883021" lon="9.632235"><ele>75.6</ele></trkpt>
      <trkpt lat="55.882928" lon="9.632153"><ele>75.5</ele></trkpt>
      <trkpt lat="55.882578" lon="9.631987"><ele>75.1</ele></trkpt>
      <trkpt lat="55.882458" lon="9.631892"><ele>74.9</ele></trkpt>
      <trkpt lat="55.882270" lon="9.631701"><ele>74.6</ele></trkpt>
      <trkpt lat="55.881935" lon="9.631350"><ele>74.1</ele></trkpt>
      <trkpt lat="55.881842" lon="9.631144"><ele>74.0</ele></trkpt>
      <trkpt lat="55.881793" lon="9.630928"><ele>73.8</ele></trkpt>
      <trkpt lat="55.881703" lon="9.629982"><ele>73.2</ele></trkpt>
      <trkpt lat="55.881593" lon="9.629344"><ele>72.9</ele></trkpt>
      <trkpt lat="55.881482" lon="9.628808"><ele>72.6</ele></trkpt>
      <trkpt lat="55.881328" lon="9.628223"><ele>72.3</ele></trkpt>
      <trkpt lat="55.880987" lon="9.627020"><ele>71.5</ele></trkpt>
      <trkpt lat="55.880571" lon="9.625555"><ele>70.4</ele></trkpt>
      <trkpt lat="55.879900" lon="9.623099"><ele>68.1</ele></trkpt>
      <trkpt lat="55.879655" lon="9.621940"><ele>66.9</ele></trkpt>
      <trkpt lat="55.879410" lon="9.620432"><ele>65.7</ele></trkpt>
      <trkpt lat="55.879328" lon="9.620101"><ele>65.4</ele></trkpt>
      <trkpt lat="55.879174" lon="9.619664"><ele>65.0</ele></trkpt>
      <trkpt lat="55.879019" lon="9.619381"><ele>64.7</ele></trkpt>
      <trkpt lat="55.877610" lon="9.616789"><ele>65.1</ele></trkpt>
      <trkpt lat="55.876697" lon="9.615073"><ele>67.8</ele></trkpt>
      <trkpt lat="55.876539" lon="9.614801"><ele>68.3</ele></trkpt>
      <trkpt lat="55.876315" lon="9.614534"><ele>68.9</ele></trkpt>
      <trkpt lat="55.875941" lon="9.614130"><ele>68.7</ele></trkpt>
      <trkpt lat="55.875782" lon="9.613958"><ele>68.3</ele></trkpt>
      <trkpt lat="55.875549" lon="9.613706"><ele>67.9</ele></trkpt>
      <trkpt lat="55.875175" lon="9.613175"><ele>67.0</ele></trkpt>
      <trkpt lat="55.874248" lon="9.611455"><ele>62.4</ele></trkpt>
      <trkpt lat="55.874214" lon="9.611391"><ele>62.2</ele></trkpt>
      <trkpt lat="55.873735" lon="9.610492"><ele>59.0</ele></trkpt>
      <trkpt lat="55.873377" lon="9.609898"><ele>57.5</ele></trkpt>
      <trkpt lat="55.873107" lon="9.609497"><ele>57.0</ele></trkpt>
      <trkpt lat="55.872684" lon="9.608903"><ele>56.4</ele></trkpt>
      <trkpt lat="55.872504" lon="9.608649"><ele>56.1</ele></trkpt>
      <trkpt lat="55.872388" lon="9.608486"><ele>55.9</ele></trkpt>
      <trkpt lat="55.872146" lon="9.608133"><ele>55.5</ele></trkpt>
      <trkpt lat="55.872721" lon="9.607124"><ele>55.0</ele></trkpt>
      <trkpt lat="55.872916" lon="9.606677"><ele>54.8</ele></trkpt>
      <trkpt lat="55.873232" lon="9.605769"><ele>54.4</ele></trkpt>
      <trkpt lat="55.875013" lon="9.600039"><ele>53.2</ele></trkpt>
      <trkpt lat="55.875109" lon="9.599587"><ele>53.3</ele></trkpt>
      <trkpt lat="55.875172" lon="9.599115"><ele>53.4</ele></trkpt>
      <trkpt lat="55.875188" lon="9.598714"><ele>53.5</ele></trkpt>
      <trkpt lat="55.875172" lon="9.598343"><ele>53.6</ele></trkpt>
      <trkpt lat="55.874900" lon="9.595906"><ele>53.9</ele></trkpt>
      <trkpt lat="55.874807" lon="9.595137"><ele>53.9</ele></trkpt>
      <trkpt lat="55.874536" lon="9.595242"><ele>53.9</ele></trkpt>
      <trkpt lat="55.874617" lon="9.595980"><ele>53.8</ele></trkpt>
      <trkpt lat="55.874536" lon="9.595242"><ele>53.7</ele></trkpt>
      <trkpt lat="55.874807" lon="9.595137"><ele>53.7</ele></trkpt>
      <trkpt lat="55.874712" lon="9.593861"><ele>53.6</ele></trkpt>
      <trkpt lat="55.874626" lon="9.590589"><ele>54.4</ele></trkpt>
      <trkpt lat="55.874637" lon="9.589905"><ele>54.6</ele></trkpt>
      <trkpt lat="55.874710" lon="9.589119"><ele>55.8</ele></trkpt>
      <trkpt lat="55.874880" lon="9.587978"><ele>57.7</ele></trkpt>
      <trkpt lat="55.875063" lon="9.586735"><ele>59.8</ele></trkpt>
      <trkpt lat="55.875450" lon="9.584029"><ele>62.3</ele></trkpt>
      <trkpt lat="55.875492" lon="9.583723"><ele>62.6</ele></trkpt>
      <trkpt lat="55.875703" lon="9.582245"><ele>61.3</ele></trkpt>
      <trkpt lat="55.874179" lon="9.581977"><ele>58.9</ele></trkpt>
      <trkpt lat="55.873889" lon="9.581769"><ele>58.4</ele></trkpt>
      <trkpt lat="55.872051" lon="9.580869"><ele>55.5</ele></trkpt>
      <trkpt lat="55.871526" lon="9.581899"><ele>54.2</ele></trkpt>
      <trkpt lat="55.871188" lon="9.582499"><ele>53.6</ele></trkpt>
      <trkpt lat="55.871045" lon="9.582568"><ele>53.4</ele></trkpt>
      <trkpt lat="55.870929" lon="9.582564"><ele>53.3</ele></trkpt>
      <trkpt lat="55.870725" lon="9.582438"><ele>53.0</ele></trkpt>
      <trkpt lat="55.870584" lon="9.582395"><ele>52.8</ele></trkpt>
      <trkpt lat="55.870458" lon="9.582427"><ele>52.7</ele></trkpt>
      <trkpt lat="55.870352" lon="9.582529"><ele>52.5</ele></trkpt>
      <trkpt lat="55.870289" lon="9.582648"><ele>52.4</ele></trkpt>
      <trkpt lat="55.870215" lon="9.582789"><ele>52.3</ele></trkpt>
      <trkpt lat="55.870040" lon="9.582598"><ele>52.0</ele></trkpt>
      <trkpt lat="55.869439" lon="9.582147"><ele>51.7</ele></trkpt>
      <trkpt lat="55.868173" lon="9.581797"><ele>51.2</ele></trkpt>
      <trkpt lat="55.867168" lon="9.581048"><ele>50.9</ele></trkpt>
      <trkpt lat="55.866728" lon="9.580798"><ele>50.7</ele></trkpt>
      <trkpt lat="55.866613" lon="9.580946"><ele>50.6</ele></trkpt>
      <trkpt lat="55.866484" lon="9.581026"><ele>50.6</ele></trkpt>
      <trkpt lat="55.863694" lon="9.582051"><ele>50.3</ele></trkpt>
      <trkpt lat="55.863288" lon="9.582139"><ele>50.3</ele></trkpt>
      <trkpt lat="55.863194" lon="9.582129"><ele>50.3</ele></trkpt>
      <trkpt lat="55.863172" lon="9.582016"><ele>50.3</ele></trkpt>
      <trkpt lat="55.863192" lon="9.581595"><ele>50.3</ele></trkpt>
      <trkpt lat="55.863339" lon="9.580141"><ele>50.4</ele></trkpt>
      <trkpt lat="55.863300" lon="9.580000"><ele>50.4</ele></trkpt>
      <trkpt lat="55.863272" lon="9.579946"><ele>50.4</ele></trkpt>
      <trkpt lat="55.863239" lon="9.579951"><ele>50.4</ele></trkpt>
      <trkpt lat="55.863090" lon="9.580116"><ele>50.4</ele></trkpt>
      <trkpt lat="55.862946" lon="9.580071"><ele>50.5</ele></trkpt>
      <trkpt lat="55.862870" lon="9.579869"><ele>50.5</ele></trkpt>
      <trkpt lat="55.862763" lon="9.579170"><ele>50.5</ele></trkpt>
      <trkpt lat="55.862670" lon="9.578871"><ele>50.6</ele></trkpt>
      <trkpt lat="55.862476" lon="9.578571"><ele>50.7</ele></trkpt>
      <trkpt lat="55.862215" lon="9.578085"><ele>50.8</ele></trkpt>
      <trkpt lat="55.861592" lon="9.578055"><ele>50.9</ele></trkpt>
      <trkpt lat="55.861728" lon="9.577797"><ele>51.0</ele></trkpt>
      <trkpt lat="55.861776" lon="9.577621"><ele>51.0</ele></trkpt>
      <trkpt lat="55.861819" lon="9.577417"><ele>50.9</ele></trkpt>
      <trkpt lat="55.862208" lon="9.575702"><ele>50.7</ele></trkpt>
      <trkpt lat="55.862515" lon="9.573819"><ele>50.5</ele></trkpt>
      <trkpt lat="55.862551" lon="9.573407"><ele>50.4</ele></trkpt>
      <trkpt lat="55.862550" lon="9.572957"><ele>50.4</ele></trkpt>
      <trkpt lat="55.862493" lon="9.572043"><ele>50.3</ele></trkpt>
      <trkpt lat="55.862490" lon="9.571264"><ele>50.2</ele></trkpt>
      <trkpt lat="55.862576" lon="9.570673"><ele>50.2</ele></trkpt>
      <trkpt lat="55.862858" lon="9.569552"><ele>50.0</ele></trkpt>
      <trkpt lat="55.862928" lon="9.568854"><ele>49.9</ele></trkpt>
      <trkpt lat="55.863028" lon="9.568328"><ele>49.9</ele></trkpt>
      <trkpt lat="55.863234" lon="9.567969"><ele>49.8</ele></trkpt>
      <trkpt lat="55.863662" lon="9.567553"><ele>49.7</ele></trkpt>
      <trkpt lat="55.863777" lon="9.567235"><ele>49.7</ele></trkpt>
      <trkpt lat="55.864065" lon="9.565981"><ele>49.6</ele></trkpt>
      <trkpt lat="55.864301" lon="9.565286"><ele>49.5</ele></trkpt>
      <trkpt lat="55.864392" lon="9.564697"><ele>49.5</ele></trkpt>
      <trkpt lat="55.864395" lon="9.564599"><ele>49.5</ele></trkpt>
      <trkpt lat="55.864357" lon="9.564491"><ele>49.5</ele></trkpt>
      <trkpt lat="55.865606" lon="9.564293"><ele>49.4</ele></trkpt>
      <trkpt lat="55.865845" lon="9.564317"><ele>49.4</ele></trkpt>
      <trkpt lat="55.866188" lon="9.564537"><ele>49.4</ele></trkpt>
      <trkpt lat="55.866511" lon="9.564629"><ele>49.4</ele></trkpt>
      <trkpt lat="55.867173" lon="9.564479"><ele>49.3</ele></trkpt>
      <trkpt lat="55.867390" lon="9.564702"><ele>49.3</ele></trkpt>
      <trkpt lat="55.867466" lon="9.564697"><ele>49.3</ele></trkpt>
      <trkpt lat="55.867513" lon="9.564647"><ele>49.3</ele></trkpt>
      <trkpt lat="55.867921" lon="9.564001"><ele>49.2</ele></trkpt>
      <trkpt lat="55.867999" lon="9.563815"><ele>49.2</ele></trkpt>
      <trkpt lat="55.868186" lon="9.563356"><ele>49.2</ele></trkpt>
      <trkpt lat="55.868386" lon="9.562806"><ele>49.2</ele></trkpt>
      <trkpt lat="55.868422" lon="9.562671"><ele>49.2</ele></trkpt>
      <trkpt lat="55.868369" lon="9.562446"><ele>49.2</ele></trkpt>
      <trkpt lat="55.868377" lon="9.562360"><ele>49.2</ele></trkpt>
      <trkpt lat="55.868513" lon="9.561954"><ele>49.2</ele></trkpt>
      <trkpt lat="55.868686" lon="9.561467"><ele>49.1</ele></trkpt>
      <trkpt lat="55.868923" lon="9.560856"><ele>49.1</ele></trkpt>
      <trkpt lat="55.869000" lon="9.560729"><ele>49.1</ele></trkpt>
      <trkpt lat="55.869092" lon="9.560719"><ele>49.1</ele></trkpt>
      <trkpt lat="55.869181" lon="9.560791"><ele>49.1</ele></trkpt>
      <trkpt lat="55.869226" lon="9.560844"><ele>49.1</ele></trkpt>
      <trkpt lat="55.869297" lon="9.561000"><ele>49.1</ele></trkpt>
      <trkpt lat="55.869344" lon="9.561039"><ele>49.1</ele></trkpt>
      <trkpt lat="55.869390" lon="9.560998"><ele>49.1</ele></trkpt>
      <trkpt lat="55.869512" lon="9.560708"><ele>49.1</ele></trkpt>
      <trkpt lat="55.869564" lon="9.560650"><ele>49.2</ele></trkpt>
      <trkpt lat="55.869732" lon="9.560635"><ele>49.2</ele></trkpt>
      <trkpt lat="55.869787" lon="9.560576"><ele>49.2</ele></trkpt>
      <trkpt lat="55.869833" lon="9.560391"><ele>49.2</ele></trkpt>
      <trkpt lat="55.869847" lon="9.560218"><ele>49.2</ele></trkpt>
      <trkpt lat="55.869782" lon="9.559801"><ele>49.2</ele></trkpt>
      <trkpt lat="55.869857" lon="9.559397"><ele>49.2</ele></trkpt>
      <trkpt lat="55.869838" lon="9.559294"><ele>49.2</ele></trkpt>
      <trkpt lat="55.869778" lon="9.559205"><ele>49.2</ele></trkpt>
      <trkpt lat="55.869701" lon="9.557647"><ele>49.4</ele></trkpt>
      <trkpt lat="55.869604" lon="9.557152"><ele>49.5</ele></trkpt>
      <trkpt lat="55.869583" lon="9.556420"><ele>49.5</ele></trkpt>
      <trkpt lat="55.869586" lon="9.555313"><ele>49.7</ele></trkpt>
      <trkpt lat="55.869549" lon="9.553935"><ele>50.0</ele></trkpt>
      <trkpt lat="55.869582" lon="9.553244"><ele>50.1</ele></trkpt>
      <trkpt lat="55.869464" lon="9.553247"><ele>50.1</ele></trkpt>
      <trkpt lat="55.866818" lon="9.551118"><ele>50.7</ele></trkpt>
      <trkpt lat="55.865703" lon="9.550271"><ele>50.7</ele></trkpt>
      <trkpt lat="55.865041" lon="9.549730"><ele>50.5</ele></trkpt>
      <trkpt lat="55.864569" lon="9.549249"><ele>50.4</ele></trkpt>
      <trkpt lat="55.863502" lon="9.551841"><ele>49.9</ele></trkpt>
      <trkpt lat="55.862682" lon="9.550996"><ele>49.8</ele></trkpt>
      <trkpt lat="55.862598" lon="9.550998"><ele>49.8</ele></trkpt>
      <trkpt lat="55.862463" lon="9.551150"><ele>49.8</ele></trkpt>
      <trkpt lat="55.862305" lon="9.551509"><ele>49.8</ele></trkpt>
      <trkpt lat="55.862040" lon="9.551640"><ele>49.8</ele></trkpt>
      <trkpt lat="55.861716" lon="9.552825"><ele>49.8</ele></trkpt>
      <trkpt lat="55.861675" lon="9.552922"><ele>49.8</ele></trkpt>
      <trkpt lat="55.860785" lon="9.551527"><ele>49.8</ele></trkpt>
      <trkpt lat="55.860653" lon="9.551282"><ele>49.8</ele></trkpt>
      <trkpt lat="55.860516" lon="9.550951"><ele>49.8</ele></trkpt>
      <trkpt lat="55.859935" lon="9.549274"><ele>49.9</ele></trkpt>
      <trkpt lat="55.859180" lon="9.547202"><ele>50.0</ele></trkpt>
      <trkpt lat="55.858962" lon="9.546807"><ele>50.1</ele></trkpt>
      <trkpt lat="55.858689" lon="9.546328"><ele>50.1</ele></trkpt>
      <trkpt lat="55.858580" lon="9.545928"><ele>50.1</ele></trkpt>
      <trkpt lat="55.858391" lon="9.542902"><ele>50.3</ele></trkpt>
      <trkpt lat="55.858278" lon="9.540417"><ele>50.5</ele></trkpt>
      <trkpt lat="55.858229" lon="9.539565"><ele>50.6</ele></trkpt>
      <trkpt lat="55.858146" lon="9.538926"><ele>50.7</ele></trkpt>
      <trkpt lat="55.858146" lon="9.538735"><ele>50.7</ele></trkpt>
      <trkpt lat="55.858176" lon="9.538547"><ele>50.7</ele></trkpt>
      <trkpt lat="55.858770" lon="9.536473"><ele>50.9</ele></trkpt>
      <trkpt lat="55.859252" lon="9.535278"><ele>51.1</ele></trkpt>
      <trkpt lat="55.859495" lon="9.534692"><ele>51.3</ele></trkpt>
      <trkpt lat="55.859552" lon="9.534490"><ele>51.3</ele></trkpt>
      <trkpt lat="55.859635" lon="9.534018"><ele>51.4</ele></trkpt>
      <trkpt lat="55.859683" lon="9.533266"><ele>51.6</ele></trkpt>
      <trkpt lat="55.859677" lon="9.532701"><ele>51.7</ele></trkpt>
      <trkpt lat="55.859562" lon="9.532139"><ele>51.9</ele></trkpt>
      <trkpt lat="55.858802" lon="9.529454"><ele>52.2</ele></trkpt>
      <trkpt lat="55.858126" lon="9.527082"><ele>52.1</ele></trkpt>
      <trkpt lat="55.858097" lon="9.526982"><ele>52.0</ele></trkpt>
      <trkpt lat="55.858002" lon="9.527028"><ele>52.0</ele></trkpt>
      <trkpt lat="55.857891" lon="9.527024"><ele>52.0</ele></trkpt>
      <trkpt lat="55.857785" lon="9.526907"><ele>51.9</ele></trkpt>
      <trkpt lat="55.857734" lon="9.526263"><ele>51.8</ele></trkpt>
      <trkpt lat="55.857667" lon="9.525791"><ele>51.7</ele></trkpt>
      <trkpt lat="55.857388" lon="9.524766"><ele>51.7</ele></trkpt>
      <trkpt lat="55.856916" lon="9.523282"><ele>51.7</ele></trkpt>
      <trkpt lat="55.856408" lon="9.522100"><ele>51.9</ele></trkpt>
      <trkpt lat="55.855694" lon="9.520613"><ele>52.3</ele></trkpt>
      <trkpt lat="55.855139" lon="9.519495"><ele>52.5</ele></trkpt>
      <trkpt lat="55.854692" lon="9.518617"><ele>52.6</ele></trkpt>
      <trkpt lat="55.854405" lon="9.517976"><ele>52.7</ele></trkpt>
      <trkpt lat="55.853904" lon="9.516860"><ele>52.8</ele></trkpt>
      <trkpt lat="55.853617" lon="9.516135"><ele>52.9</ele></trkpt>
      <trkpt lat="55.853420" lon="9.515639"><ele>52.9</ele></trkpt>
      <trkpt lat="55.852950" lon="9.514379"><ele>53.0</ele></trkpt>
      <trkpt lat="55.852598" lon="9.513285"><ele>53.0</ele></trkpt>
      <trkpt lat="55.852426" lon="9.512536"><ele>53.1</ele></trkpt>
      <trkpt lat="55.852361" lon="9.512077"><ele>53.1</ele></trkpt>
      <trkpt lat="55.852363" lon="9.511804"><ele>53.1</ele></trkpt>
      <trkpt lat="55.852383" lon="9.511438"><ele>53.2</ele></trkpt>
      <trkpt lat="55.852453" lon="9.511058"><ele>53.2</ele></trkpt>
      <trkpt lat="55.853088" lon="9.508233"><ele>53.9</ele></trkpt>
      <trkpt lat="55.853197" lon="9.507707"><ele>54.1</ele></trkpt>
      <trkpt lat="55.853492" lon="9.506401"><ele>54.5</ele></trkpt>
      <trkpt lat="55.853596" lon="9.505919"><ele>54.6</ele></trkpt>
      <trkpt lat="55.853644" lon="9.505706"><ele>54.6</ele></trkpt>
      <trkpt lat="55.853739" lon="9.505342"><ele>54.7</ele></trkpt>
      <trkpt lat="55.853768" lon="9.505218"><ele>54.7</ele></trkpt>
      <trkpt lat="55.853975" lon="9.504247"><ele>54.9</ele></trkpt>
      <trkpt lat="55.855289" lon="9.498006"><ele>55.6</ele></trkpt>
      <trkpt lat="55.855911" lon="9.495018"><ele>56.1</ele></trkpt>
      <trkpt lat="55.855931" lon="9.494908"><ele>56.1</ele></trkpt>
      <trkpt lat="55.855948" lon="9.494779"><ele>56.1</ele></trkpt>
      <trkpt lat="55.855952" lon="9.494747"><ele>56.1</ele></trkpt>
      <trkpt lat="55.855973" lon="9.494609"><ele>56.1</ele></trkpt>
      <trkpt lat="55.856250" lon="9.492718"><ele>57.0</ele></trkpt>
      <trkpt lat="55.856543" lon="9.490786"><ele>57.9</ele></trkpt>
      <trkpt lat="55.856607" lon="9.490317"><ele>58.1</ele></trkpt>
      <trkpt lat="55.856653" lon="9.490086"><ele>58.2</ele></trkpt>
      <trkpt lat="55.856851" lon="9.489421"><ele>58.6</ele></trkpt>
      <trkpt lat="55.857054" lon="9.488999"><ele>58.9</ele></trkpt>
      <trkpt lat="55.857296" lon="9.488496"><ele>59.1</ele></trkpt>
      <trkpt lat="55.857380" lon="9.488328"><ele>59.2</ele></trkpt>
      <trkpt lat="55.857686" lon="9.487700"><ele>59.4</ele></trkpt>
      <trkpt lat="55.857751" lon="9.487557"><ele>59.4</ele></trkpt>
      <trkpt lat="55.857889" lon="9.487267"><ele>59.5</ele></trkpt>
      <trkpt lat="55.857838" lon="9.487185"><ele>59.5</ele></trkpt>
      <trkpt lat="55.857810" lon="9.487016"><ele>59.6</ele></trkpt>
      <trkpt lat="55.857787" lon="9.486541"><ele>59.7</ele></trkpt>
      <trkpt lat="55.857768" lon="9.486166"><ele>59.8</ele></trkpt>
      <trkpt lat="55.857724" lon="9.485485"><ele>59.7</ele></trkpt>
      <trkpt lat="55.857613" lon="9.485490"><ele>59.7</ele></trkpt>
      <trkpt lat="55.857505" lon="9.485495"><ele>59.7</ele></trkpt>
      <trkpt lat="55.857503" lon="9.485247"><ele>59.7</ele></trkpt>
      <trkpt lat="55.857501" lon="9.484965"><ele>59.6</ele></trkpt>
      <trkpt lat="55.857552" lon="9.484191"><ele>59.6</ele></trkpt>
      <trkpt lat="55.857621" lon="9.484146"><ele>59.5</ele></trkpt>
      <trkpt lat="55.857615" lon="9.484085"><ele>59.5</ele></trkpt>
      <trkpt lat="55.857755" lon="9.483221"><ele>59.4</ele></trkpt>
      <trkpt lat="55.857519" lon="9.483080"><ele>59.4</ele></trkpt>
      <trkpt lat="55.857486" lon="9.483023"><ele>59.3</ele></trkpt>
      <trkpt lat="55.857591" lon="9.482830"><ele>59.3</ele></trkpt>
      <trkpt lat="55.857692" lon="9.482545"><ele>59.2</ele></trkpt>
      <trkpt lat="55.857746" lon="9.482393"><ele>59.2</ele></trkpt>
      <trkpt lat="55.857897" lon="9.481946"><ele>59.1</ele></trkpt>
      <trkpt lat="55.858036" lon="9.481563"><ele>59.0</ele></trkpt>
      <trkpt lat="55.858121" lon="9.481329"><ele>59.0</ele></trkpt>
      <trkpt lat="55.858358" lon="9.480921"><ele>58.9</ele></trkpt>
      <trkpt lat="55.858246" lon="9.480569"><ele>58.6</ele></trkpt>
      <trkpt lat="55.858240" lon="9.480553"><ele>58.6</ele></trkpt>
      <trkpt lat="55.858014" lon="9.480044"><ele>58.1</ele></trkpt>
      <trkpt lat="55.857721" lon="9.479387"><ele>57.5</ele></trkpt>
      <trkpt lat="55.857408" lon="9.478683"><ele>56.8</ele></trkpt>
      <trkpt lat="55.857258" lon="9.478332"><ele>56.5</ele></trkpt>
      <trkpt lat="55.857189" lon="9.478169"><ele>56.6</ele></trkpt>
      <trkpt lat="55.857074" lon="9.477906"><ele>56.7</ele></trkpt>
      <trkpt lat="55.856951" lon="9.477528"><ele>56.8</ele></trkpt>
      <trkpt lat="55.856799" lon="9.476346"><ele>57.0</ele></trkpt>
      <trkpt lat="55.856754" lon="9.475991"><ele>57.1</ele></trkpt>
      <trkpt lat="55.856754" lon="9.475674"><ele>57.2</ele></trkpt>
      <trkpt lat="55.856832" lon="9.475326"><ele>57.3</ele></trkpt>
      <trkpt lat="55.857253" lon="9.474023"><ele>58.0</ele></trkpt>
      <trkpt lat="55.857276" lon="9.473950"><ele>58.0</ele></trkpt>
      <trkpt lat="55.857550" lon="9.473103"><ele>58.5</ele></trkpt>
      <trkpt lat="55.857783" lon="9.472364"><ele>58.8</ele></trkpt>
      <trkpt lat="55.857947" lon="9.471685"><ele>58.9</ele></trkpt>
      <trkpt lat="55.858053" lon="9.471025"><ele>59.0</ele></trkpt>
      <trkpt lat="55.858104" lon="9.470455"><ele>59.0</ele></trkpt>
      <trkpt lat="55.858252" lon="9.470374"><ele>59.1</ele></trkpt>
      <trkpt lat="55.858414" lon="9.470125"><ele>59.1</ele></trkpt>
      <trkpt lat="55.858492" lon="9.469805"><ele>59.1</ele></trkpt>
      <trkpt lat="55.858498" lon="9.469619"><ele>59.0</ele></trkpt>
      <trkpt lat="55.858473" lon="9.469366"><ele>58.9</ele></trkpt>
      <trkpt lat="55.858403" lon="9.468865"><ele>58.8</ele></trkpt>
      <trkpt lat="55.858387" lon="9.468716"><ele>58.7</ele></trkpt>
      <trkpt lat="55.858397" lon="9.468534"><ele>58.7</ele></trkpt>
      <trkpt lat="55.858545" lon="9.467541"><ele>58.4</ele></trkpt>
      <trkpt lat="55.858520" lon="9.467384"><ele>58.3</ele></trkpt>
      <trkpt lat="55.858412" lon="9.467327"><ele>58.3</ele></trkpt>
      <trkpt lat="55.858453" lon="9.466935"><ele>58.2</ele></trkpt>
      <trkpt lat="55.858675" lon="9.465251"><ele>58.4</ele></trkpt>
      <trkpt lat="55.858771" lon="9.464627"><ele>58.5</ele></trkpt>
      <trkpt lat="55.858795" lon="9.464329"><ele>58.5</ele></trkpt>
      <trkpt lat="55.858785" lon="9.464179"><ele>58.6</ele></trkpt>
      <trkpt lat="55.858725" lon="9.463898"><ele>58.6</ele></trkpt>
      <trkpt lat="55.858611" lon="9.463682"><ele>58.8</ele></trkpt>
      <trkpt lat="55.858044" lon="9.462615"><ele>59.6</ele></trkpt>
      <trkpt lat="55.857764" lon="9.462122"><ele>60.0</ele></trkpt>
      <trkpt lat="55.857656" lon="9.462005"><ele>60.1</ele></trkpt>
      <trkpt lat="55.857415" lon="9.461873"><ele>60.3</ele></trkpt>
      <trkpt lat="55.857163" lon="9.461892"><ele>60.5</ele></trkpt>
      <trkpt lat="55.856426" lon="9.462199"><ele>60.9</ele></trkpt>
      <trkpt lat="55.856225" lon="9.462261"><ele>61.0</ele></trkpt>
      <trkpt lat="55.855945" lon="9.462208"><ele>61.2</ele></trkpt>
      <trkpt lat="55.855722" lon="9.462206"><ele>61.3</ele></trkpt>
      <trkpt lat="55.855799" lon="9.461857"><ele>61.4</ele></trkpt>
      <trkpt lat="55.856359" lon="9.459318"><ele>61.8</ele></trkpt>
      <trkpt lat="55.855799" lon="9.461857"><ele>61.9</ele></trkpt>
      <trkpt lat="55.855722" lon="9.462206"><ele>61.9</ele></trkpt>
      <trkpt lat="55.853049" lon="9.459907"><ele>64.0</ele></trkpt>
      <trkpt lat="55.852932" lon="9.459708"><ele>64.1</ele></trkpt>
      <trkpt lat="55.852887" lon="9.459475"><ele>64.2</ele></trkpt>
      <trkpt lat="55.852898" lon="9.459195"><ele>64.4</ele></trkpt>
      <trkpt lat="55.852985" lon="9.458728"><ele>64.7</ele></trkpt>
      <trkpt lat="55.853005" lon="9.458460"><ele>64.8</ele></trkpt>
      <trkpt lat="55.852995" lon="9.458189"><ele>65.1</ele></trkpt>
      <trkpt lat="55.852918" lon="9.457895"><ele>65.4</ele></trkpt>
      <trkpt lat="55.852735" lon="9.457469"><ele>65.9</ele></trkpt>
      <trkpt lat="55.852535" lon="9.457131"><ele>66.4</ele></trkpt>
      <trkpt lat="55.852406" lon="9.457019"><ele>66.6</ele></trkpt>
      <trkpt lat="55.850129" lon="9.455559"><ele>71.4</ele></trkpt>
      <trkpt lat="55.849945" lon="9.455472"><ele>71.8</ele></trkpt>
      <trkpt lat="55.848000" lon="9.455070"><ele>77.7</ele></trkpt>
      <trkpt lat="55.847877" lon="9.454975"><ele>78.2</ele></trkpt>
      <trkpt lat="55.847768" lon="9.454813"><ele>78.7</ele></trkpt>
      <trkpt lat="55.847297" lon="9.453846"><ele>81.3</ele></trkpt>
      <trkpt lat="55.846953" lon="9.453124"><ele>83.2</ele></trkpt>
      <trkpt lat="55.845515" lon="9.450859"><ele>90.5</ele></trkpt>
      <trkpt lat="55.844793" lon="9.449787"><ele>93.4</ele></trkpt>
      <trkpt lat="55.843508" lon="9.448001"><ele>96.9</ele></trkpt>
      <trkpt lat="55.843388" lon="9.447791"><ele>97.1</ele></trkpt>
      <trkpt lat="55.843372" lon="9.447513"><ele>97.3</ele></trkpt>
      <trkpt lat="55.843789" lon="9.441946"><ele>98.5</ele></trkpt>
      <trkpt lat="55.844122" lon="9.437577"><ele>100.2</ele></trkpt>
      <trkpt lat="55.844116" lon="9.437297"><ele>100.4</ele></trkpt>
      <trkpt lat="55.844251" lon="9.437068"><ele>100.6</ele></trkpt>
      <trkpt lat="55.845170" lon="9.435187"><ele>102.7</ele></trkpt>
      <trkpt lat="55.845462" lon="9.434657"><ele>103.3</ele></trkpt>
      <trkpt lat="55.845685" lon="9.434310"><ele>103.5</ele></trkpt>
      <trkpt lat="55.845925" lon="9.434062"><ele>103.6</ele></trkpt>
      <trkpt lat="55.846137" lon="9.433903"><ele>103.7</ele></trkpt>
      <trkpt lat="55.846316" lon="9.430245"><ele>104.1</ele></trkpt>
      <trkpt lat="55.846254" lon="9.429937"><ele>104.1</ele></trkpt>
      <trkpt lat="55.846103" lon="9.429623"><ele>104.1</ele></trkpt>
      <trkpt lat="55.846097" lon="9.429419"><ele>104.1</ele></trkpt>
      <trkpt lat="55.846167" lon="9.428604"><ele>103.9</ele></trkpt>
      <trkpt lat="55.846198" lon="9.428149"><ele>103.8</ele></trkpt>
      <trkpt lat="55.846162" lon="9.427669"><ele>103.6</ele></trkpt>
      <trkpt lat="55.845760" lon="9.426016"><ele>102.8</ele></trkpt>
      <trkpt lat="55.845712" lon="9.425892"><ele>102.8</ele></trkpt>
      <trkpt lat="55.845634" lon="9.425690"><ele>102.7</ele></trkpt>
      <trkpt lat="55.845421" lon="9.425498"><ele>102.5</ele></trkpt>
      <trkpt lat="55.844955" lon="9.425315"><ele>102.1</ele></trkpt>
      <trkpt lat="55.844860" lon="9.425220"><ele>102.1</ele></trkpt>
      <trkpt lat="55.844795" lon="9.424951"><ele>101.9</ele></trkpt>
      <trkpt lat="55.845133" lon="9.420359"><ele>100.8</ele></trkpt>
      <trkpt lat="55.842982" lon="9.420127"><ele>99.1</ele></trkpt>
      <trkpt lat="55.841449" lon="9.419927"><ele>97.9</ele></trkpt>
      <trkpt lat="55.841187" lon="9.419826"><ele>97.5</ele></trkpt>
      <trkpt lat="55.840926" lon="9.419626"><ele>97.0</ele></trkpt>
      <trkpt lat="55.840722" lon="9.419368"><ele>96.6</ele></trkpt>
      <trkpt lat="55.840483" lon="9.418996"><ele>96.1</ele></trkpt>
      <trkpt lat="55.839820" lon="9.417707"><ele>93.3</ele></trkpt>
      <trkpt lat="55.839165" lon="9.416464"><ele>89.8</ele></trkpt>
      <trkpt lat="55.838952" lon="9.416125"><ele>88.8</ele></trkpt>
      <trkpt lat="55.838281" lon="9.415349"><ele>88.1</ele></trkpt>
      <trkpt lat="55.838453" lon="9.415113"><ele>87.8</ele></trkpt>
      <trkpt lat="55.839015" lon="9.414481"><ele>87.2</ele></trkpt>
      <trkpt lat="55.839165" lon="9.414128"><ele>87.6</ele></trkpt>
      <trkpt lat="55.839363" lon="9.413395"><ele>89.2</ele></trkpt>
      <trkpt lat="55.839875" lon="9.412435"><ele>91.7</ele></trkpt>
      <trkpt lat="55.840292" lon="9.411724"><ele>93.5</ele></trkpt>
      <trkpt lat="55.840335" lon="9.411546"><ele>93.7</ele></trkpt>
      <trkpt lat="55.840359" lon="9.411158"><ele>94.0</ele></trkpt>
      <trkpt lat="55.840371" lon="9.409998"><ele>95.2</ele></trkpt>
      <trkpt lat="55.840459" lon="9.409517"><ele>95.7</ele></trkpt>
      <trkpt lat="55.840685" lon="9.408638"><ele>96.6</ele></trkpt>
      <trkpt lat="55.841710" lon="9.404677"><ele>100.9</ele></trkpt>
      <trkpt lat="55.841799" lon="9.404483"><ele>101.1</ele></trkpt>
      <trkpt lat="55.841868" lon="9.404400"><ele>101.2</ele></trkpt>
      <trkpt lat="55.841983" lon="9.404175"><ele>101.5</ele></trkpt>
      <trkpt lat="55.842273" lon="9.403415"><ele>102.2</ele></trkpt>
      <trkpt lat="55.842367" lon="9.402945"><ele>102.4</ele></trkpt>
      <trkpt lat="55.842366" lon="9.402705"><ele>102.5</ele></trkpt>
      <trkpt lat="55.842241" lon="9.400433"><ele>102.8</ele></trkpt>
      <trkpt lat="55.842166" lon="9.399983"><ele>102.8</ele></trkpt>
      <trkpt lat="55.841903" lon="9.399321"><ele>102.7</ele></trkpt>
      <trkpt lat="55.841906" lon="9.399213"><ele>102.7</ele></trkpt>
      <trkpt lat="55.841995" lon="9.399043"><ele>102.7</ele></trkpt>
      <trkpt lat="55.842314" lon="9.398502"><ele>102.6</ele></trkpt>
      <trkpt lat="55.842672" lon="9.397893"><ele>102.5</ele></trkpt>
      <trkpt lat="55.845587" lon="9.392507"><ele>100.8</ele></trkpt>
      <trkpt lat="55.846081" lon="9.391061"><ele>101.3</ele></trkpt>
      <trkpt lat="55.846732" lon="9.386573"><ele>104.6</ele></trkpt>
      <trkpt lat="55.846884" lon="9.386058"><ele>104.7</ele></trkpt>
      <trkpt lat="55.847333" lon="9.384814"><ele>105.0</ele></trkpt>
      <trkpt lat="55.847426" lon="9.384446"><ele>105.1</ele></trkpt>
      <trkpt lat="55.847556" lon="9.383611"><ele>104.6</ele></trkpt>
      <trkpt lat="55.847694" lon="9.382158"><ele>103.8</ele></trkpt>
      <trkpt lat="55.847796" lon="9.381795"><ele>103.6</ele></trkpt>
      <trkpt lat="55.847885" lon="9.381699"><ele>103.5</ele></trkpt>
      <trkpt lat="55.848000" lon="9.381693"><ele>103.3</ele></trkpt>
      <trkpt lat="55.848433" lon="9.381809"><ele>103.0</ele></trkpt>
      <trkpt lat="55.848532" lon="9.381760"><ele>103.0</ele></trkpt>
      <trkpt lat="55.848607" lon="9.381670"><ele>102.9</ele></trkpt>
      <trkpt lat="55.848666" lon="9.381483"><ele>102.8</ele></trkpt>
      <trkpt lat="55.848707" lon="9.380877"><ele>102.6</ele></trkpt>
      <trkpt lat="55.849016" lon="9.375760"><ele>101.0</ele></trkpt>
      <trkpt lat="55.849060" lon="9.375441"><ele>101.1</ele></trkpt>
      <trkpt lat="55.849180" lon="9.375052"><ele>101.3</ele></trkpt>
      <trkpt lat="55.849579" lon="9.374438"><ele>101.7</ele></trkpt>
      <trkpt lat="55.850125" lon="9.373243"><ele>103.0</ele></trkpt>
      <trkpt lat="55.850221" lon="9.372934"><ele>103.4</ele></trkpt>
      <trkpt lat="55.850258" lon="9.372540"><ele>104.0</ele></trkpt>
      <trkpt lat="55.850260" lon="9.372110"><ele>104.5</ele></trkpt>
      <trkpt lat="55.850213" lon="9.371874"><ele>104.8</ele></trkpt>
      <trkpt lat="55.850249" lon="9.371373"><ele>105.5</ele></trkpt>
      <trkpt lat="55.850271" lon="9.370737"><ele>106.3</ele></trkpt>
      <trkpt lat="55.850324" lon="9.370348"><ele>106.6</ele></trkpt>
      <trkpt lat="55.850663" lon="9.368572"><ele>108.0</ele></trkpt>
      <trkpt lat="55.851345" lon="9.364983"><ele>108.9</ele></trkpt>
      <trkpt lat="55.851597" lon="9.363137"><ele>108.2</ele></trkpt>
      <trkpt lat="55.851619" lon="9.362921"><ele>108.1</ele></trkpt>
      <trkpt lat="55.851616" lon="9.362466"><ele>107.9</ele></trkpt>
      <trkpt lat="55.851584" lon="9.362251"><ele>107.8</ele></trkpt>
      <trkpt lat="55.851475" lon="9.361923"><ele>107.6</ele></trkpt>
      <trkpt lat="55.850741" lon="9.360554"><ele>106.1</ele></trkpt>
      <trkpt lat="55.850086" lon="9.359365"><ele>104.6</ele></trkpt>
      <trkpt lat="55.849283" lon="9.357994"><ele>103.3</ele></trkpt>
      <trkpt lat="55.847639" lon="9.355142"><ele>101.0</ele></trkpt>
      <trkpt lat="55.845847" lon="9.351961"><ele>99.1</ele></trkpt>
      <trkpt lat="55.845117" lon="9.350687"><ele>98.4</ele></trkpt>
      <trkpt lat="55.844437" lon="9.349561"><ele>97.9</ele></trkpt>
      <trkpt lat="55.844225" lon="9.349187"><ele>97.8</ele></trkpt>
      <trkpt lat="55.843003" lon="9.347039"><ele>96.3</ele></trkpt>
      <trkpt lat="55.842900" lon="9.346805"><ele>96.2</ele></trkpt>
      <trkpt lat="55.842103" lon="9.343674"><ele>94.3</ele></trkpt>
      <trkpt lat="55.841921" lon="9.343134"><ele>94.0</ele></trkpt>
      <trkpt lat="55.841083" lon="9.341434"><ele>95.2</ele></trkpt>
      <trkpt lat="55.841597" lon="9.340465"><ele>96.3</ele></trkpt>
      <trkpt lat="55.841741" lon="9.340097"><ele>96.7</ele></trkpt>
      <trkpt lat="55.842027" lon="9.339141"><ele>97.6</ele></trkpt>
      <trkpt lat="55.842189" lon="9.338483"><ele>98.1</ele></trkpt>
      <trkpt lat="55.843876" lon="9.334000"><ele>101.9</ele></trkpt>
      <trkpt lat="55.842591" lon="9.332863"><ele>104.3</ele></trkpt>
      <trkpt lat="55.841724" lon="9.332026"><ele>106.3</ele></trkpt>
      <trkpt lat="55.841697" lon="9.331956"><ele>106.4</ele></trkpt>
      <trkpt lat="55.841697" lon="9.331806"><ele>106.6</ele></trkpt>
      <trkpt lat="55.841714" lon="9.331700"><ele>106.7</ele></trkpt>
      <trkpt lat="55.841844" lon="9.330578"><ele>107.9</ele></trkpt>
      <trkpt lat="55.841817" lon="9.330429"><ele>108.1</ele></trkpt>
      <trkpt lat="55.841842" lon="9.329956"><ele>108.5</ele></trkpt>
      <trkpt lat="55.841957" lon="9.328569"><ele>109.8</ele></trkpt>
      <trkpt lat="55.841949" lon="9.327638"><ele>110.3</ele></trkpt>
      <trkpt lat="55.841980" lon="9.326882"><ele>110.3</ele></trkpt>
      <trkpt lat="55.841957" lon="9.326568"><ele>110.3</ele></trkpt>
      <trkpt lat="55.841971" lon="9.326366"><ele>110.3</ele></trkpt>
      <trkpt lat="55.842045" lon="9.325959"><ele>110.3</ele></trkpt>
      <trkpt lat="55.842466" lon="9.322719"><ele>108.7</ele></trkpt>
      <trkpt lat="55.842523" lon="9.322121"><ele>108.3</ele></trkpt>
      <trkpt lat="55.842525" lon="9.321112"><ele>107.5</ele></trkpt>
      <trkpt lat="55.843175" lon="9.315001"><ele>102.1</ele></trkpt>
      <trkpt lat="55.842436" lon="9.314764"><ele>101.4</ele></trkpt>
      <trkpt lat="55.841968" lon="9.314747"><ele>100.9</ele></trkpt>
      <trkpt lat="55.842014" lon="9.314536"><ele>100.7</ele></trkpt>
      <trkpt lat="55.842058" lon="9.314118"><ele>100.5</ele></trkpt>
      <trkpt lat="55.842075" lon="9.313670"><ele>100.3</ele></trkpt>
      <trkpt lat="55.842102" lon="9.313478"><ele>100.2</ele></trkpt>
      <trkpt lat="55.842168" lon="9.313121"><ele>100.0</ele></trkpt>
      <trkpt lat="55.842388" lon="9.312329"><ele>99.5</ele></trkpt>
      <trkpt lat="55.842511" lon="9.311690"><ele>99.2</ele></trkpt>
      <trkpt lat="55.842815" lon="9.309172"><ele>98.5</ele></trkpt>
      <trkpt lat="55.842955" lon="9.308751"><ele>98.4</ele></trkpt>
      <trkpt lat="55.842956" lon="9.308651"><ele>98.4</ele></trkpt>
      <trkpt lat="55.843017" lon="9.308399"><ele>98.4</ele></trkpt>
      <trkpt lat="55.843267" lon="9.307513"><ele>98.3</ele></trkpt>
      <trkpt lat="55.843428" lon="9.307050"><ele>98.3</ele></trkpt>
      <trkpt lat="55.843439" lon="9.306936"><ele>98.3</ele></trkpt>
      <trkpt lat="55.843288" lon="9.306544"><ele>98.3</ele></trkpt>
      <trkpt lat="55.840405" lon="9.300724"><ele>99.8</ele></trkpt>
      <trkpt lat="55.840497" lon="9.300598"><ele>99.8</ele></trkpt>
      <trkpt lat="55.843027" lon="9.297135"><ele>101.5</ele></trkpt>
      <trkpt lat="55.843150" lon="9.296960"><ele>101.6</ele></trkpt>
      <trkpt lat="55.844244" lon="9.295439"><ele>101.0</ele></trkpt>
      <trkpt lat="55.844706" lon="9.294798"><ele>100.7</ele></trkpt>
      <trkpt lat="55.844915" lon="9.294436"><ele>100.8</ele></trkpt>
      <trkpt lat="55.845105" lon="9.294086"><ele>101.0</ele></trkpt>
      <trkpt lat="55.845709" lon="9.292763"><ele>101.4</ele></trkpt>
      <trkpt lat="55.845784" lon="9.292602"><ele>101.5</ele></trkpt>
      <trkpt lat="55.846177" lon="9.291735"><ele>101.6</ele></trkpt>
      <trkpt lat="55.846168" lon="9.291526"><ele>101.6</ele></trkpt>
      <trkpt lat="55.846573" lon="9.289611"><ele>101.6</ele></trkpt>
      <trkpt lat="55.847594" lon="9.284491"><ele>98.5</ele></trkpt>
      <trkpt lat="55.848247" lon="9.281128"><ele>95.7</ele></trkpt>
      <trkpt lat="55.848511" lon="9.279814"><ele>94.5</ele></trkpt>
      <trkpt lat="55.849229" lon="9.276238"><ele>92.5</ele></trkpt>
      <trkpt lat="55.850411" lon="9.270341"><ele>94.9</ele></trkpt>
      <trkpt lat="55.850847" lon="9.268166"><ele>96.5</ele></trkpt>
      <trkpt lat="55.851069" lon="9.267066"><ele>97.3</ele></trkpt>
      <trkpt lat="55.852290" lon="9.260955"><ele>101.2</ele></trkpt>
      <trkpt lat="55.852371" lon="9.260785"><ele>101.2</ele></trkpt>
      <trkpt lat="55.850722" lon="9.257358"><ele>100.5</ele></trkpt>
      <trkpt lat="55.850182" lon="9.256132"><ele>99.1</ele></trkpt>
      <trkpt lat="55.849580" lon="9.254551"><ele>97.3</ele></trkpt>
      <trkpt lat="55.849191" lon="9.253488"><ele>96.5</ele></trkpt>
      <trkpt lat="55.848660" lon="9.252157"><ele>95.6</ele></trkpt>
      <trkpt lat="55.848155" lon="9.251223"><ele>95.7</ele></trkpt>
      <trkpt lat="55.848032" lon="9.251052"><ele>95.8</ele></trkpt>
      <trkpt lat="55.847705" lon="9.250734"><ele>95.9</ele></trkpt>
      <trkpt lat="55.847544" lon="9.250533"><ele>96.0</ele></trkpt>
      <trkpt lat="55.847450" lon="9.250357"><ele>96.1</ele></trkpt>
      <trkpt lat="55.847253" lon="9.249848"><ele>96.2</ele></trkpt>
      <trkpt lat="55.847185" lon="9.249553"><ele>96.1</ele></trkpt>
      <trkpt lat="55.847140" lon="9.249188"><ele>95.9</ele></trkpt>
      <trkpt lat="55.847068" lon="9.248558"><ele>95.6</ele></trkpt>
      <trkpt lat="55.846901" lon="9.247060"><ele>94.9</ele></trkpt>
      <trkpt lat="55.846719" lon="9.245526"><ele>93.4</ele></trkpt>
      <trkpt lat="55.845487" lon="9.245698"><ele>91.1</ele></trkpt>
      <trkpt lat="55.845450" lon="9.243437"><ele>89.6</ele></trkpt>
      <trkpt lat="55.845004" lon="9.243491"><ele>89.1</ele></trkpt>
      <trkpt lat="55.844704" lon="9.243528"><ele>89.1</ele></trkpt>
      <trkpt lat="55.844241" lon="9.243584"><ele>89.1</ele></trkpt>
      <trkpt lat="55.844010" lon="9.243595"><ele>89.0</ele></trkpt>
      <trkpt lat="55.843590" lon="9.243459"><ele>89.0</ele></trkpt>
      <trkpt lat="55.843226" lon="9.243298"><ele>89.0</ele></trkpt>
      <trkpt lat="55.842833" lon="9.243149"><ele>88.6</ele></trkpt>
      <trkpt lat="55.842666" lon="9.243037"><ele>88.5</ele></trkpt>
      <trkpt lat="55.842530" lon="9.242811"><ele>88.3</ele></trkpt>
      <trkpt lat="55.842427" lon="9.242641"><ele>88.2</ele></trkpt>
      <trkpt lat="55.842741" lon="9.242012"><ele>87.9</ele></trkpt>
      <trkpt lat="55.842526" lon="9.241664"><ele>87.6</ele></trkpt>
      <trkpt lat="55.842476" lon="9.241511"><ele>87.5</ele></trkpt>
      <trkpt lat="55.842484" lon="9.241200"><ele>87.3</ele></trkpt>
      <trkpt lat="55.843205" lon="9.238784"><ele>85.3</ele></trkpt>
      <trkpt lat="55.843252" lon="9.238395"><ele>85.2</ele></trkpt>
      <trkpt lat="55.843207" lon="9.237710"><ele>85.0</ele></trkpt>
      <trkpt lat="55.843090" lon="9.237014"><ele>84.9</ele></trkpt>
      <trkpt lat="55.843084" lon="9.236736"><ele>84.8</ele></trkpt>
      <trkpt lat="55.843128" lon="9.236387"><ele>84.8</ele></trkpt>
      <trkpt lat="55.843211" lon="9.236110"><ele>84.7</ele></trkpt>
      <trkpt lat="55.843314" lon="9.235757"><ele>84.6</ele></trkpt>
      <trkpt lat="55.843379" lon="9.235539"><ele>84.6</ele></trkpt>
      <trkpt lat="55.843610" lon="9.234440"><ele>84.2</ele></trkpt>
      <trkpt lat="55.843667" lon="9.234358"><ele>84.1</ele></trkpt>
      <trkpt lat="55.843600" lon="9.234206"><ele>84.1</ele></trkpt>
      <trkpt lat="55.843405" lon="9.234006"><ele>84.0</ele></trkpt>
      <trkpt lat="55.843344" lon="9.233933"><ele>83.9</ele></trkpt>
      <trkpt lat="55.843310" lon="9.233794"><ele>83.9</ele></trkpt>
      <trkpt lat="55.843287" lon="9.233541"><ele>83.8</ele></trkpt>
      <trkpt lat="55.843254" lon="9.232648"><ele>83.5</ele></trkpt>
      <trkpt lat="55.843224" lon="9.231816"><ele>83.2</ele></trkpt>
      <trkpt lat="55.843164" lon="9.230231"><ele>82.5</ele></trkpt>
      <trkpt lat="55.843125" lon="9.229272"><ele>82.1</ele></trkpt>
      <trkpt lat="55.843099" lon="9.228531"><ele>81.9</ele></trkpt>
      <trkpt lat="55.843047" lon="9.227015"><ele>81.4</ele></trkpt>
      <trkpt lat="55.842996" lon="9.225736"><ele>81.1</ele></trkpt>
      <trkpt lat="55.842993" lon="9.225650"><ele>81.1</ele></trkpt>
      <trkpt lat="55.842977" lon="9.225233"><ele>81.0</ele></trkpt>
      <trkpt lat="55.842971" lon="9.225079"><ele>81.0</ele></trkpt>
      <trkpt lat="55.842944" lon="9.224399"><ele>80.9</ele></trkpt>
      <trkpt lat="55.842925" lon="9.223916"><ele>80.8</ele></trkpt>
      <trkpt lat="55.842902" lon="9.223812"><ele>80.8</ele></trkpt>
      <trkpt lat="55.843054" lon="9.223739"><ele>80.7</ele></trkpt>
      <trkpt lat="55.843006" lon="9.223494"><ele>80.7</ele></trkpt>
      <trkpt lat="55.843192" lon="9.223374"><ele>80.5</ele></trkpt>
      <trkpt lat="55.843311" lon="9.223239"><ele>80.5</ele></trkpt>
      <trkpt lat="55.843506" lon="9.222932"><ele>80.3</ele></trkpt>
      <trkpt lat="55.843745" lon="9.222369"><ele>80.0</ele></trkpt>
      <trkpt lat="55.843759" lon="9.222333"><ele>80.0</ele></trkpt>
      <trkpt lat="55.844181" lon="9.221079"><ele>79.5</ele></trkpt>
      <trkpt lat="55.844222" lon="9.220951"><ele>79.5</ele></trkpt>
      <trkpt lat="55.844439" lon="9.220272"><ele>79.4</ele></trkpt>
      <trkpt lat="55.844556" lon="9.219904"><ele>79.4</ele></trkpt>
      <trkpt lat="55.844597" lon="9.219776"><ele>79.3</ele></trkpt>
      <trkpt lat="55.844747" lon="9.219305"><ele>79.3</ele></trkpt>
      <trkpt lat="55.844812" lon="9.219130"><ele>79.3</ele></trkpt>
      <trkpt lat="55.844890" lon="9.218926"><ele>79.2</ele></trkpt>
      <trkpt lat="55.845109" lon="9.218429"><ele>79.2</ele></trkpt>
      <trkpt lat="55.845556" lon="9.217471"><ele>79.0</ele></trkpt>
      <trkpt lat="55.845757" lon="9.217038"><ele>78.9</ele></trkpt>
      <trkpt lat="55.845927" lon="9.216673"><ele>78.8</ele></trkpt>
      <trkpt lat="55.846134" lon="9.216230"><ele>78.7</ele></trkpt>
      <trkpt lat="55.846643" lon="9.214921"><ele>78.4</ele></trkpt>
      <trkpt lat="55.846699" lon="9.214678"><ele>78.3</ele></trkpt>
      <trkpt lat="55.846795" lon="9.214256"><ele>78.2</ele></trkpt>
      <trkpt lat="55.846828" lon="9.213987"><ele>78.2</ele></trkpt>
      <trkpt lat="55.846942" lon="9.213034"><ele>77.9</ele></trkpt>
      <trkpt lat="55.847081" lon="9.211870"><ele>77.8</ele></trkpt>
      <trkpt lat="55.847245" lon="9.210538"><ele>77.7</ele></trkpt>
      <trkpt lat="55.847370" lon="9.209449"><ele>77.7</ele></trkpt>
      <trkpt lat="55.847815" lon="9.206505"><ele>77.7</ele></trkpt>
      <trkpt lat="55.847883" lon="9.206061"><ele>77.6</ele></trkpt>
      <trkpt lat="55.848691" lon="9.200792"><ele>76.5</ele></trkpt>
      <trkpt lat="55.849269" lon="9.196762"><ele>76.1</ele></trkpt>
      <trkpt lat="55.848945" lon="9.196520"><ele>76.7</ele></trkpt>
      <trkpt lat="55.848019" lon="9.195050"><ele>78.5</ele></trkpt>
      <trkpt lat="55.847853" lon="9.194897"><ele>78.7</ele></trkpt>
      <trkpt lat="55.847055" lon="9.194353"><ele>79.8</ele></trkpt>
      <trkpt lat="55.846366" lon="9.193884"><ele>80.4</ele></trkpt>
      <trkpt lat="55.846289" lon="9.193765"><ele>80.4</ele></trkpt>
      <trkpt lat="55.846246" lon="9.193634"><ele>80.3</ele></trkpt>
      <trkpt lat="55.846227" lon="9.193450"><ele>80.3</ele></trkpt>
      <trkpt lat="55.846271" lon="9.192743"><ele>80.1</ele></trkpt>
      <trkpt lat="55.846217" lon="9.192511"><ele>80.0</ele></trkpt>
      <trkpt lat="55.846079" lon="9.192295"><ele>80.0</ele></trkpt>
      <trkpt lat="55.845880" lon="9.192083"><ele>79.9</ele></trkpt>
      <trkpt lat="55.845773" lon="9.191873"><ele>79.8</ele></trkpt>
      <trkpt lat="55.845282" lon="9.190459"><ele>79.0</ele></trkpt>
      <trkpt lat="55.844922" lon="9.189596"><ele>78.4</ele></trkpt>
      <trkpt lat="55.844832" lon="9.189483"><ele>78.3</ele></trkpt>
      <trkpt lat="55.845117" lon="9.188644"><ele>77.5</ele></trkpt>
      <trkpt lat="55.845744" lon="9.186800"><ele>74.6</ele></trkpt>
      <trkpt lat="55.845849" lon="9.186414"><ele>74.0</ele></trkpt>
      <trkpt lat="55.845956" lon="9.185750"><ele>73.3</ele></trkpt>
      <trkpt lat="55.845985" lon="9.185538"><ele>73.1</ele></trkpt>
      <trkpt lat="55.846055" lon="9.184892"><ele>72.5</ele></trkpt>
      <trkpt lat="55.846064" lon="9.184783"><ele>72.4</ele></trkpt>
      <trkpt lat="55.846150" lon="9.183997"><ele>71.6</ele></trkpt>
      <trkpt lat="55.846211" lon="9.183414"><ele>71.1</ele></trkpt>
      <trkpt lat="55.846315" lon="9.182484"><ele>70.5</ele></trkpt>
      <trkpt lat="55.846453" lon="9.181246"><ele>69.9</ele></trkpt>
      <trkpt lat="55.846605" lon="9.180271"><ele>69.5</ele></trkpt>
      <trkpt lat="55.846847" lon="9.179190"><ele>69.0</ele></trkpt>
      <trkpt lat="55.847011" lon="9.178508"><ele>68.7</ele></trkpt>
      <trkpt lat="55.847054" lon="9.178111"><ele>68.5</ele></trkpt>
      <trkpt lat="55.847104" lon="9.177075"><ele>68.1</ele></trkpt>
      <trkpt lat="55.847125" lon="9.176638"><ele>67.9</ele></trkpt>
      <trkpt lat="55.847167" lon="9.175783"><ele>67.8</ele></trkpt>
      <trkpt lat="55.847249" lon="9.174128"><ele>67.5</ele></trkpt>
      <trkpt lat="55.847313" lon="9.172843"><ele>67.7</ele></trkpt>
      <trkpt lat="55.847355" lon="9.171980"><ele>68.0</ele></trkpt>
      <trkpt lat="55.847419" lon="9.170693"><ele>68.4</ele></trkpt>
      <trkpt lat="55.847498" lon="9.169061"><ele>68.7</ele></trkpt>
      <trkpt lat="55.847548" lon="9.168066"><ele>68.9</ele></trkpt>
      <trkpt lat="55.847624" lon="9.166369"><ele>68.8</ele></trkpt>
      <trkpt lat="55.847589" lon="9.165810"><ele>68.6</ele></trkpt>
      <trkpt lat="55.847543" lon="9.165382"><ele>68.5</ele></trkpt>
      <trkpt lat="55.847494" lon="9.165390"><ele>68.5</ele></trkpt>
      <trkpt lat="55.847404" lon="9.165179"><ele>68.4</ele></trkpt>
      <trkpt lat="55.847006" lon="9.163657"><ele>67.3</ele></trkpt>
      <trkpt lat="55.844853" lon="9.157386"><ele>59.3</ele></trkpt>
      <trkpt lat="55.844189" lon="9.155440"><ele>58.1</ele></trkpt>
      <trkpt lat="55.843698" lon="9.153982"><ele>58.2</ele></trkpt>
      <trkpt lat="55.843587" lon="9.153749"><ele>58.3</ele></trkpt>
      <trkpt lat="55.843419" lon="9.153634"><ele>58.3</ele></trkpt>
      <trkpt lat="55.840639" lon="9.152407"><ele>62.2</ele></trkpt>
      <trkpt lat="55.840855" lon="9.151562"><ele>62.6</ele></trkpt>
      <trkpt lat="55.841951" lon="9.146782"><ele>61.3</ele></trkpt>
      <trkpt lat="55.842113" lon="9.146086"><ele>61.3</ele></trkpt>
      <trkpt lat="55.842722" lon="9.144532"><ele>62.1</ele></trkpt>
      <trkpt lat="55.842843" lon="9.143938"><ele>62.8</ele></trkpt>
      <trkpt lat="55.842868" lon="9.143631"><ele>63.1</ele></trkpt>
      <trkpt lat="55.842853" lon="9.143207"><ele>63.6</ele></trkpt>
      <trkpt lat="55.842749" lon="9.142236"><ele>64.7</ele></trkpt>
      <trkpt lat="55.842653" lon="9.141610"><ele>65.8</ele></trkpt>
      <trkpt lat="55.842138" lon="9.139439"><ele>69.9</ele></trkpt>
      <trkpt lat="55.842082" lon="9.139039"><ele>70.1</ele></trkpt>
      <trkpt lat="55.842067" lon="9.138690"><ele>70.1</ele></trkpt>
      <trkpt lat="55.842158" lon="9.130146"><ele>68.7</ele></trkpt>
      <trkpt lat="55.842184" lon="9.127893"><ele>66.1</ele></trkpt>
      <trkpt lat="55.842156" lon="9.125737"><ele>64.0</ele></trkpt>
      <trkpt lat="55.842054" lon="9.119309"><ele>62.4</ele></trkpt>
      <trkpt lat="55.842034" lon="9.115888"><ele>62.7</ele></trkpt>
      <trkpt lat="55.842428" lon="9.107917"><ele>62.3</ele></trkpt>
      <trkpt lat="55.842578" lon="9.104286"><ele>61.2</ele></trkpt>
      <trkpt lat="55.842621" lon="9.103845"><ele>61.0</ele></trkpt>
      <trkpt lat="55.843076" lon="9.100670"><ele>59.8</ele></trkpt>
      <trkpt lat="55.843429" lon="9.098248"><ele>58.6</ele></trkpt>
      <trkpt lat="55.843676" lon="9.096401"><ele>57.8</ele></trkpt>
      <trkpt lat="55.844201" lon="9.092771"><ele>56.8</ele></trkpt>
      <trkpt lat="55.844245" lon="9.092352"><ele>56.7</ele></trkpt>
      <trkpt lat="55.844405" lon="9.088920"><ele>56.2</ele></trkpt>
      <trkpt lat="55.844476" lon="9.088691"><ele>56.1</ele></trkpt>
      <trkpt lat="55.844419" lon="9.088519"><ele>56.1</ele></trkpt>
      <trkpt lat="55.844390" lon="9.088309"><ele>56.1</ele></trkpt>
      <trkpt lat="55.844352" lon="9.087695"><ele>56.2</ele></trkpt>
      <trkpt lat="55.844298" lon="9.086581"><ele>56.4</ele></trkpt>
      <trkpt lat="55.844347" lon="9.085498"><ele>56.5</ele></trkpt>
      <trkpt lat="55.844459" lon="9.084128"><ele>56.4</ele></trkpt>
      <trkpt lat="55.844893" lon="9.079640"><ele>55.5</ele></trkpt>
      <trkpt lat="55.845244" lon="9.076249"><ele>54.7</ele></trkpt>
      <trkpt lat="55.845254" lon="9.076138"><ele>54.6</ele></trkpt>
      <trkpt lat="55.845393" lon="9.074823"><ele>54.1</ele></trkpt>
      <trkpt lat="55.845671" lon="9.073102"><ele>53.4</ele></trkpt>
      <trkpt lat="55.845880" lon="9.071860"><ele>53.0</ele></trkpt>
      <trkpt lat="55.846026" lon="9.070998"><ele>52.8</ele></trkpt>
      <trkpt lat="55.846081" lon="9.070670"><ele>52.7</ele></trkpt>
      <trkpt lat="55.846114" lon="9.070475"><ele>52.7</ele></trkpt>
      <trkpt lat="55.842592" lon="9.067439"><ele>53.9</ele></trkpt>
      <trkpt lat="55.842866" lon="9.065236"><ele>53.2</ele></trkpt>
      <trkpt lat="55.843434" lon="9.060491"><ele>50.6</ele></trkpt>
      <trkpt lat="55.843500" lon="9.060089"><ele>50.4</ele></trkpt>
      <trkpt lat="55.844432" lon="9.056864"><ele>48.5</ele></trkpt>
      <trkpt lat="55.845251" lon="9.054146"><ele>47.5</ele></trkpt>
      <trkpt lat="55.845375" lon="9.053610"><ele>47.3</ele></trkpt>
      <trkpt lat="55.846180" lon="9.047864"><ele>46.1</ele></trkpt>
      <trkpt lat="55.847032" lon="9.041707"><ele>45.4</ele></trkpt>
      <trkpt lat="55.847418" lon="9.038680"><ele>45.4</ele></trkpt>
      <trkpt lat="55.847475" lon="9.037943"><ele>45.4</ele></trkpt>
      <trkpt lat="55.847546" lon="9.033611"><ele>45.0</ele></trkpt>
      <trkpt lat="55.847537" lon="9.033199"><ele>45.0</ele></trkpt>
      <trkpt lat="55.847929" lon="9.032796"><ele>45.1</ele></trkpt>
      <trkpt lat="55.848676" lon="9.031806"><ele>45.2</ele></trkpt>
      <trkpt lat="55.848901" lon="9.031628"><ele>45.2</ele></trkpt>
      <trkpt lat="55.849049" lon="9.031561"><ele>45.3</ele></trkpt>
      <trkpt lat="55.849751" lon="9.031497"><ele>45.9</ele></trkpt>
      <trkpt lat="55.850059" lon="9.031388"><ele>46.2</ele></trkpt>
      <trkpt lat="55.850332" lon="9.031211"><ele>46.4</ele></trkpt>
      <trkpt lat="55.850387" lon="9.031175"><ele>46.5</ele></trkpt>
      <trkpt lat="55.850403" lon="9.030980"><ele>46.6</ele></trkpt>
      <trkpt lat="55.850584" lon="9.030008"><ele>47.1</ele></trkpt>
      <trkpt lat="55.850719" lon="9.029283"><ele>47.5</ele></trkpt>
      <trkpt lat="55.850994" lon="9.027805"><ele>48.4</ele></trkpt>
      <trkpt lat="55.851269" lon="9.026327"><ele>48.8</ele></trkpt>
      <trkpt lat="55.851446" lon="9.025386"><ele>49.0</ele></trkpt>
      <trkpt lat="55.852154" lon="9.021370"><ele>49.6</ele></trkpt>
      <trkpt lat="55.852195" lon="9.020965"><ele>49.8</ele></trkpt>
      <trkpt lat="55.852429" lon="9.016164"><ele>52.1</ele></trkpt>
      <trkpt lat="55.852441" lon="9.015912"><ele>52.2</ele></trkpt>
      <trkpt lat="55.852446" lon="9.015807"><ele>52.3</ele></trkpt>
      <trkpt lat="55.852465" lon="9.015429"><ele>52.5</ele></trkpt>
      <trkpt lat="55.852480" lon="9.015121"><ele>52.6</ele></trkpt>
      <trkpt lat="55.852552" lon="9.013754"><ele>52.7</ele></trkpt>
      <trkpt lat="55.852623" lon="9.012405"><ele>52.8</ele></trkpt>
      <trkpt lat="55.852680" lon="9.011124"><ele>52.9</ele></trkpt>
      <trkpt lat="55.852685" lon="9.011016"><ele>53.0</ele></trkpt>
      <trkpt lat="55.852759" lon="9.009634"><ele>53.1</ele></trkpt>
      <trkpt lat="55.852826" lon="9.008366"><ele>53.1</ele></trkpt>
      <trkpt lat="55.852892" lon="9.007125"><ele>53.0</ele></trkpt>
      <trkpt lat="55.852936" lon="9.006796"><ele>52.9</ele></trkpt>
      <trkpt lat="55.853017" lon="9.006430"><ele>52.9</ele></trkpt>
      <trkpt lat="55.853691" lon="9.004616"><ele>52.0</ele></trkpt>
      <trkpt lat="55.848181" lon="9.000071"><ele>45.6</ele></trkpt>
      <trkpt lat="55.844670" lon="8.997175"><ele>42.6</ele></trkpt>
      <trkpt lat="55.844476" lon="8.997095"><ele>42.4</ele></trkpt>
      <trkpt lat="55.843291" lon="8.996981"><ele>41.1</ele></trkpt>
      <trkpt lat="55.843010" lon="8.996856"><ele>40.8</ele></trkpt>
      <trkpt lat="55.842776" lon="8.996658"><ele>40.5</ele></trkpt>
      <trkpt lat="55.841756" lon="8.995460"><ele>39.4</ele></trkpt>
      <trkpt lat="55.841414" lon="8.995014"><ele>39.0</ele></trkpt>
      <trkpt lat="55.840581" lon="8.993715"><ele>38.8</ele></trkpt>
      <trkpt lat="55.840714" lon="8.992171"><ele>38.8</ele></trkpt>
      <trkpt lat="55.840781" lon="8.991944"><ele>39.0</ele></trkpt>
      <trkpt lat="55.840922" lon="8.991690"><ele>39.1</ele></trkpt>
      <trkpt lat="55.841816" lon="8.990233"><ele>40.2</ele></trkpt>
      <trkpt lat="55.841973" lon="8.989886"><ele>40.4</ele></trkpt>
      <trkpt lat="55.842125" lon="8.989426"><ele>40.6</ele></trkpt>
      <trkpt lat="55.843293" lon="8.984207"><ele>42.7</ele></trkpt>
      <trkpt lat="55.839290" lon="8.983688"><ele>37.7</ele></trkpt>
      <trkpt lat="55.839119" lon="8.983665"><ele>37.8</ele></trkpt>
      <trkpt lat="55.838027" lon="8.983531"><ele>38.9</ele></trkpt>
      <trkpt lat="55.836770" lon="8.983561"><ele>41.2</ele></trkpt>
      <trkpt lat="55.834667" lon="8.983747"><ele>44.7</ele></trkpt>
      <trkpt lat="55.834205" lon="8.983661"><ele>45.4</ele></trkpt>
      <trkpt lat="55.830853" lon="8.982061"><ele>47.1</ele></trkpt>
      <trkpt lat="55.829276" lon="8.981308"><ele>47.1</ele></trkpt>
      <trkpt lat="55.826918" lon="8.980272"><ele>46.2</ele></trkpt>
      <trkpt lat="55.826841" lon="8.980599"><ele>46.1</ele></trkpt>
      <trkpt lat="55.826779" lon="8.980716"><ele>46.1</ele></trkpt>
      <trkpt lat="55.826704" lon="8.980791"><ele>46.0</ele></trkpt>
      <trkpt lat="55.826523" lon="8.980826"><ele>46.0</ele></trkpt>
      <trkpt lat="55.826287" lon="8.980736"><ele>45.9</ele></trkpt>
      <trkpt lat="55.825978" lon="8.981245"><ele>45.8</ele></trkpt>
      <trkpt lat="55.825915" lon="8.981327"><ele>45.7</ele></trkpt>
      <trkpt lat="55.825808" lon="8.981367"><ele>45.7</ele></trkpt>
      <trkpt lat="55.825451" lon="8.983156"><ele>45.6</ele></trkpt>
      <trkpt lat="55.825273" lon="8.984050"><ele>45.6</ele></trkpt>
      <trkpt lat="55.825094" lon="8.984944"><ele>45.5</ele></trkpt>
      <trkpt lat="55.825011" lon="8.984874"><ele>45.4</ele></trkpt>
      <trkpt lat="55.825058" lon="8.984712"><ele>45.4</ele></trkpt>
      <trkpt lat="55.826015" lon="8.979902"><ele>44.1</ele></trkpt>
      <trkpt lat="55.828940" lon="8.965192"><ele>39.2</ele></trkpt>
      <trkpt lat="55.828959" lon="8.965013"><ele>39.2</ele></trkpt>
      <trkpt lat="55.829011" lon="8.964849"><ele>39.1</ele></trkpt>
      <trkpt lat="55.830385" lon="8.957994"><ele>37.3</ele></trkpt>
      <trkpt lat="55.832142" lon="8.950160"><ele>35.9</ele></trkpt>
      <trkpt lat="55.833355" lon="8.944792"><ele>34.7</ele></trkpt>
      <trkpt lat="55.833962" lon="8.942039"><ele>34.0</ele></trkpt>
      <trkpt lat="55.834667" lon="8.938942"><ele>32.5</ele></trkpt>
      <trkpt lat="55.834794" lon="8.938016"><ele>31.9</ele></trkpt>
      <trkpt lat="55.835159" lon="8.936421"><ele>31.6</ele></trkpt>
      <trkpt lat="55.835206" lon="8.936215"><ele>31.6</ele></trkpt>
      <trkpt lat="55.835228" lon="8.936077"><ele>31.6</ele></trkpt>
      <trkpt lat="55.835235" lon="8.935580"><ele>31.7</ele></trkpt>
      <trkpt lat="55.835265" lon="8.935376"><ele>31.7</ele></trkpt>
      <trkpt lat="55.835338" lon="8.935197"><ele>31.7</ele></trkpt>
      <trkpt lat="55.835467" lon="8.935040"><ele>31.7</ele></trkpt>
      <trkpt lat="55.835537" lon="8.934890"><ele>31.7</ele></trkpt>
      <trkpt lat="55.835969" lon="8.933009"><ele>33.0</ele></trkpt>
      <trkpt lat="55.835987" lon="8.932929"><ele>33.1</ele></trkpt>
      <trkpt lat="55.836005" lon="8.932840"><ele>33.1</ele></trkpt>
      <trkpt lat="55.836630" lon="8.930086"><ele>34.9</ele></trkpt>
      <trkpt lat="55.836808" lon="8.929406"><ele>35.2</ele></trkpt>
      <trkpt lat="55.837289" lon="8.927291"><ele>36.2</ele></trkpt>
      <trkpt lat="55.837493" lon="8.926203"><ele>36.7</ele></trkpt>
      <trkpt lat="55.837595" lon="8.925308"><ele>36.9</ele></trkpt>
      <trkpt lat="55.837839" lon="8.914993"><ele>36.2</ele></trkpt>
      <trkpt lat="55.837954" lon="8.910177"><ele>34.9</ele></trkpt>
      <trkpt lat="55.837971" lon="8.909194"><ele>34.6</ele></trkpt>
      <trkpt lat="55.838056" lon="8.905165"><ele>33.4</ele></trkpt>
      <trkpt lat="55.838146" lon="8.905155"><ele>33.4</ele></trkpt>
      <trkpt lat="55.838152" lon="8.904844"><ele>33.4</ele></trkpt>
      <trkpt lat="55.838164" lon="8.904290"><ele>33.4</ele></trkpt>
      <trkpt lat="55.838210" lon="8.902088"><ele>33.5</ele></trkpt>
      <trkpt lat="55.838217" lon="8.901745"><ele>33.5</ele></trkpt>
      <trkpt lat="55.838221" lon="8.901528"><ele>33.6</ele></trkpt>
      <trkpt lat="55.838227" lon="8.901233"><ele>33.6</ele></trkpt>
      <trkpt lat="55.838229" lon="8.901136"><ele>33.6</ele></trkpt>
      <trkpt lat="55.838234" lon="8.900932"><ele>33.6</ele></trkpt>
      <trkpt lat="55.838238" lon="8.900740"><ele>33.7</ele></trkpt>
      <trkpt lat="55.838681" lon="8.900059"><ele>33.7</ele></trkpt>
      <trkpt lat="55.839000" lon="8.899835"><ele>33.6</ele></trkpt>
      <trkpt lat="55.839082" lon="8.899804"><ele>33.6</ele></trkpt>
      <trkpt lat="55.839357" lon="8.898678"><ele>33.5</ele></trkpt>
      <trkpt lat="55.839450" lon="8.898371"><ele>33.5</ele></trkpt>
      <trkpt lat="55.839530" lon="8.898084"><ele>33.5</ele></trkpt>
      <trkpt lat="55.839639" lon="8.897629"><ele>33.4</ele></trkpt>
      <trkpt lat="55.839866" lon="8.896706"><ele>33.3</ele></trkpt>
      <trkpt lat="55.840015" lon="8.895847"><ele>33.1</ele></trkpt>
      <trkpt lat="55.840156" lon="8.894549"><ele>33.2</ele></trkpt>
      <trkpt lat="55.840175" lon="8.894376"><ele>33.3</ele></trkpt>
      <trkpt lat="55.840212" lon="8.894031"><ele>33.4</ele></trkpt>
      <trkpt lat="55.840295" lon="8.893317"><ele>33.6</ele></trkpt>
      <trkpt lat="55.840314" lon="8.893206"><ele>33.7</ele></trkpt>
      <trkpt lat="55.840440" lon="8.892548"><ele>33.9</ele></trkpt>
      <trkpt lat="55.840454" lon="8.892481"><ele>33.9</ele></trkpt>
      <trkpt lat="55.840499" lon="8.892192"><ele>34.0</ele></trkpt>
      <trkpt lat="55.840515" lon="8.891906"><ele>34.2</ele></trkpt>
      <trkpt lat="55.840514" lon="8.890928"><ele>34.6</ele></trkpt>
      <trkpt lat="55.840731" lon="8.890952"><ele>34.8</ele></trkpt>
      <trkpt lat="55.841304" lon="8.891120"><ele>35.3</ele></trkpt>
      <trkpt lat="55.841464" lon="8.889706"><ele>36.0</ele></trkpt>
      <trkpt lat="55.841499" lon="8.889389"><ele>36.2</ele></trkpt>
      <trkpt lat="55.841545" lon="8.889196"><ele>36.3</ele></trkpt>
      <trkpt lat="55.841717" lon="8.888660"><ele>36.6</ele></trkpt>
      <trkpt lat="55.841792" lon="8.888328"><ele>36.8</ele></trkpt>
      <trkpt lat="55.841926" lon="8.886705"><ele>37.5</ele></trkpt>
      <trkpt lat="55.842502" lon="8.886828"><ele>37.8</ele></trkpt>
      <trkpt lat="55.843041" lon="8.886952"><ele>38.0</ele></trkpt>
      <trkpt lat="55.843643" lon="8.887082"><ele>38.1</ele></trkpt>
      <trkpt lat="55.844393" lon="8.887255"><ele>37.8</ele></trkpt>
      <trkpt lat="55.844500" lon="8.887279"><ele>37.8</ele></trkpt>
      <trkpt lat="55.844509" lon="8.887185"><ele>37.8</ele></trkpt>
      <trkpt lat="55.844632" lon="8.887187"><ele>37.7</ele></trkpt>
      <trkpt lat="55.846165" lon="8.887511"><ele>37.3</ele></trkpt>
      <trkpt lat="55.846182" lon="8.887466"><ele>37.3</ele></trkpt>
      <trkpt lat="55.846310" lon="8.885685"><ele>37.2</ele></trkpt>
      <trkpt lat="55.846335" lon="8.885646"><ele>37.2</ele></trkpt>
      <trkpt lat="55.847009" lon="8.885747"><ele>37.3</ele></trkpt>
      <trkpt lat="55.847048" lon="8.885710"><ele>37.3</ele></trkpt>
      <trkpt lat="55.847121" lon="8.884860"><ele>37.5</ele></trkpt>
      <trkpt lat="55.847144" lon="8.884835"><ele>37.5</ele></trkpt>
      <trkpt lat="55.847886" lon="8.885003"><ele>37.7</ele></trkpt>
      <trkpt lat="55.848416" lon="8.885100"><ele>37.9</ele></trkpt>
      <trkpt lat="55.848463" lon="8.885046"><ele>37.9</ele></trkpt>
      <trkpt lat="55.849620" lon="8.883697"><ele>38.2</ele></trkpt>
      <trkpt lat="55.850088" lon="8.883140"><ele>38.1</ele></trkpt>
      <trkpt lat="55.856776" lon="8.875306"><ele>37.1</ele></trkpt>
      <trkpt lat="55.856871" lon="8.875236"><ele>37.2</ele></trkpt>
      <trkpt lat="55.857218" lon="8.874829"><ele>37.2</ele></trkpt>
      <trkpt lat="55.857288" lon="8.874701"><ele>37.2</ele></trkpt>
      <trkpt lat="55.858681" lon="8.872953"><ele>37.4</ele></trkpt>
      <trkpt lat="55.861302" lon="8.869732"><ele>37.1</ele></trkpt>
      <trkpt lat="55.862728" lon="8.867957"><ele>36.9</ele></trkpt>
      <trkpt lat="55.862745" lon="8.867796"><ele>36.8</ele></trkpt>
      <trkpt lat="55.863672" lon="8.863745"><ele>36.8</ele></trkpt>
      <trkpt lat="55.864366" lon="8.864043"><ele>36.9</ele></trkpt>
      <trkpt lat="55.865074" lon="8.864348"><ele>37.2</ele></trkpt>
      <trkpt lat="55.865278" lon="8.864531"><ele>37.2</ele></trkpt>
      <trkpt lat="55.865351" lon="8.864474"><ele>37.3</ele></trkpt>
      <trkpt lat="55.865552" lon="8.864500"><ele>37.3</ele></trkpt>
      <trkpt lat="55.865757" lon="8.864255"><ele>37.4</ele></trkpt>
      <trkpt lat="55.867511" lon="8.862161"><ele>36.5</ele></trkpt>
      <trkpt lat="55.869260" lon="8.860072"><ele>35.4</ele></trkpt>
      <trkpt lat="55.869450" lon="8.859872"><ele>35.3</ele></trkpt>
      <trkpt lat="55.870381" lon="8.859066"><ele>34.9</ele></trkpt>
      <trkpt lat="55.873172" lon="8.856978"><ele>33.9</ele></trkpt>
      <trkpt lat="55.878338" lon="8.853226"><ele>33.5</ele></trkpt>
      <trkpt lat="55.879615" lon="8.852642"><ele>33.3</ele></trkpt>
      <trkpt lat="55.879721" lon="8.852558"><ele>33.3</ele></trkpt>
      <trkpt lat="55.880662" lon="8.852143"><ele>33.2</ele></trkpt>
      <trkpt lat="55.881977" lon="8.851556"><ele>33.6</ele></trkpt>
      <trkpt lat="55.881994" lon="8.851677"><ele>33.6</ele></trkpt>
      <trkpt lat="55.882414" lon="8.851495"><ele>33.7</ele></trkpt>
      <trkpt lat="55.883231" lon="8.851141"><ele>33.7</ele></trkpt>
      <trkpt lat="55.883767" lon="8.850908"><ele>33.7</ele></trkpt>
      <trkpt lat="55.884543" lon="8.850554"><ele>33.5</ele></trkpt>
      <trkpt lat="55.884809" lon="8.850432"><ele>33.3</ele></trkpt>
      <trkpt lat="55.884887" lon="8.850397"><ele>33.3</ele></trkpt>
      <trkpt lat="55.887274" lon="8.849306"><ele>32.2</ele></trkpt>
      <trkpt lat="55.887220" lon="8.848399"><ele>31.9</ele></trkpt>
      <trkpt lat="55.887286" lon="8.848404"><ele>31.8</ele></trkpt>
      <trkpt lat="55.887334" lon="8.848231"><ele>31.8</ele></trkpt>
      <trkpt lat="55.887392" lon="8.848149"><ele>31.7</ele></trkpt>
      <trkpt lat="55.887762" lon="8.848001"><ele>31.4</ele></trkpt>
      <trkpt lat="55.887082" lon="8.845339"><ele>30.2</ele></trkpt>
      <trkpt lat="55.887057" lon="8.845109"><ele>30.1</ele></trkpt>
      <trkpt lat="55.887057" lon="8.844754"><ele>29.9</ele></trkpt>
      <trkpt lat="55.887103" lon="8.843655"><ele>29.4</ele></trkpt>
      <trkpt lat="55.887146" lon="8.842302"><ele>29.5</ele></trkpt>
      <trkpt lat="55.887114" lon="8.841973"><ele>29.5</ele></trkpt>
      <trkpt lat="55.886592" lon="8.838614"><ele>31.0</ele></trkpt>
      <trkpt lat="55.886037" lon="8.835100"><ele>33.2</ele></trkpt>
      <trkpt lat="55.885191" lon="8.829176"><ele>31.2</ele></trkpt>
      <trkpt lat="55.884975" lon="8.827662"><ele>30.1</ele></trkpt>
      <trkpt lat="55.884824" lon="8.826605"><ele>29.4</ele></trkpt>
      <trkpt lat="55.884508" lon="8.824864"><ele>28.3</ele></trkpt>
      <trkpt lat="55.884438" lon="8.824283"><ele>28.2</ele></trkpt>
      <trkpt lat="55.884257" lon="8.821740"><ele>28.5</ele></trkpt>
      <trkpt lat="55.884025" lon="8.819167"><ele>28.5</ele></trkpt>
      <trkpt lat="55.883331" lon="8.813736"><ele>28.6</ele></trkpt>
      <trkpt lat="55.881983" lon="8.803408"><ele>28.6</ele></trkpt>
      <trkpt lat="55.881852" lon="8.802402"><ele>28.5</ele></trkpt>
      <trkpt lat="55.881629" lon="8.800686"><ele>28.1</ele></trkpt>
      <trkpt lat="55.881313" lon="8.798260"><ele>27.2</ele></trkpt>
      <trkpt lat="55.881272" lon="8.797682"><ele>27.0</ele></trkpt>
      <trkpt lat="55.880992" lon="8.790152"><ele>25.0</ele></trkpt>
      <trkpt lat="55.880977" lon="8.789437"><ele>24.8</ele></trkpt>
      <trkpt lat="55.881005" lon="8.789196"><ele>24.8</ele></trkpt>
      <trkpt lat="55.881187" lon="8.788764"><ele>24.6</ele></trkpt>
      <trkpt lat="55.882497" lon="8.786573"><ele>23.9</ele></trkpt>
      <trkpt lat="55.883069" lon="8.785386"><ele>23.7</ele></trkpt>
      <trkpt lat="55.885137" lon="8.781098"><ele>23.1</ele></trkpt>
      <trkpt lat="55.886435" lon="8.778470"><ele>23.1</ele></trkpt>
      <trkpt lat="55.887038" lon="8.777202"><ele>23.0</ele></trkpt>
      <trkpt lat="55.887691" lon="8.775827"><ele>22.7</ele></trkpt>
      <trkpt lat="55.888141" lon="8.774914"><ele>22.7</ele></trkpt>
      <trkpt lat="55.889783" lon="8.772080"><ele>22.6</ele></trkpt>
      <trkpt lat="55.890191" lon="8.771381"><ele>22.6</ele></trkpt>
      <trkpt lat="55.890409" lon="8.770995"><ele>22.5</ele></trkpt>
      <trkpt lat="55.890596" lon="8.770561"><ele>22.6</ele></trkpt>
      <trkpt lat="55.891707" lon="8.767393"><ele>22.7</ele></trkpt>
      <trkpt lat="55.892518" lon="8.765003"><ele>22.2</ele></trkpt>
      <trkpt lat="55.893333" lon="8.762672"><ele>21.7</ele></trkpt>
      <trkpt lat="55.889370" lon="8.757554"><ele>22.2</ele></trkpt>
      <trkpt lat="55.889705" lon="8.756285"><ele>21.9</ele></trkpt>
      <trkpt lat="55.890112" lon="8.754886"><ele>21.4</ele></trkpt>
      <trkpt lat="55.890172" lon="8.754507"><ele>21.2</ele></trkpt>
      <trkpt lat="55.890260" lon="8.753962"><ele>21.0</ele></trkpt>
      <trkpt lat="55.889927" lon="8.752807"><ele>20.5</ele></trkpt>
      <trkpt lat="55.889420" lon="8.750722"><ele>19.6</ele></trkpt>
      <trkpt lat="55.888942" lon="8.749362"><ele>19.3</ele></trkpt>
      <trkpt lat="55.888872" lon="8.748953"><ele>19.2</ele></trkpt>
      <trkpt lat="55.888913" lon="8.748504"><ele>19.1</ele></trkpt>
      <trkpt lat="55.887694" lon="8.747785"><ele>18.9</ele></trkpt>
      <trkpt lat="55.887308" lon="8.747697"><ele>18.9</ele></trkpt>
      <trkpt lat="55.887276" lon="8.747393"><ele>18.9</ele></trkpt>
      <trkpt lat="55.887302" lon="8.747273"><ele>18.9</ele></trkpt>
      <trkpt lat="55.889843" lon="8.743094"><ele>20.0</ele></trkpt>
      <trkpt lat="55.890712" lon="8.741962"><ele>19.9</ele></trkpt>
      <trkpt lat="55.894987" lon="8.737244"><ele>19.3</ele></trkpt>
      <trkpt lat="55.904255" lon="8.727270"><ele>18.3</ele></trkpt>
      <trkpt lat="55.922496" lon="8.707410"><ele>17.8</ele></trkpt>
      <trkpt lat="55.923306" lon="8.706495"><ele>17.6</ele></trkpt>
      <trkpt lat="55.924391" lon="8.705129"><ele>17.2</ele></trkpt>
      <trkpt lat="55.930999" lon="8.696805"><ele>14.8</ele></trkpt>
      <trkpt lat="55.932430" lon="8.694965"><ele>14.7</ele></trkpt>
      <trkpt lat="55.934255" lon="8.692779"><ele>14.3</ele></trkpt>
      <trkpt lat="55.935487" lon="8.691135"><ele>13.7</ele></trkpt>
      <trkpt lat="55.936087" lon="8.690381"><ele>13.6</ele></trkpt>
      <trkpt lat="55.946778" lon="8.676955"><ele>11.2</ele></trkpt>
      <trkpt lat="55.946783" lon="8.676835"><ele>11.2</ele></trkpt>
      <trkpt lat="55.946916" lon="8.676776"><ele>11.2</ele></trkpt>
      <trkpt lat="55.949839" lon="8.673105"><ele>10.5</ele></trkpt>
      <trkpt lat="55.950023" lon="8.672705"><ele>10.4</ele></trkpt>
      <trkpt lat="55.950427" lon="8.671547"><ele>10.0</ele></trkpt>
      <trkpt lat="55.950511" lon="8.671125"><ele>9.8</ele></trkpt>
      <trkpt lat="55.950552" lon="8.671056"><ele>9.8</ele></trkpt>
      <trkpt lat="55.950614" lon="8.671100"><ele>9.7</ele></trkpt>
      <trkpt lat="55.950743" lon="8.671091"><ele>9.6</ele></trkpt>
      <trkpt lat="55.952352" lon="8.670657"><ele>8.2</ele></trkpt>
      <trkpt lat="55.952447" lon="8.670628"><ele>8.1</ele></trkpt>
      <trkpt lat="55.952573" lon="8.670577"><ele>8.0</ele></trkpt>
      <trkpt lat="55.952843" lon="8.670408"><ele>7.7</ele></trkpt>
      <trkpt lat="55.953057" lon="8.670234"><ele>7.5</ele></trkpt>
      <trkpt lat="55.953848" lon="8.669536"><ele>6.8</ele></trkpt>
      <trkpt lat="55.954090" lon="8.669323"><ele>6.6</ele></trkpt>
      <trkpt lat="55.954860" lon="8.668654"><ele>6.2</ele></trkpt>
      <trkpt lat="55.955070" lon="8.668415"><ele>6.2</ele></trkpt>
      <trkpt lat="55.955230" lon="8.668148"><ele>6.2</ele></trkpt>
      <trkpt lat="55.955371" lon="8.667809"><ele>6.2</ele></trkpt>
      <trkpt lat="55.955700" lon="8.666637"><ele>6.2</ele></trkpt>
      <trkpt lat="55.955845" lon="8.666107"><ele>6.3</ele></trkpt>
      <trkpt lat="55.955951" lon="8.665715"><ele>6.4</ele></trkpt>
      <trkpt lat="55.956133" lon="8.665021"><ele>6.5</ele></trkpt>
      <trkpt lat="55.956231" lon="8.664515"><ele>6.6</ele></trkpt>
      <trkpt lat="55.956305" lon="8.663779"><ele>6.7</ele></trkpt>
      <trkpt lat="55.956259" lon="8.659955"><ele>7.9</ele></trkpt>
      <trkpt lat="55.956256" lon="8.657683"><ele>9.5</ele></trkpt>
      <trkpt lat="55.956255" lon="8.657479"><ele>9.7</ele></trkpt>
      <trkpt lat="55.956252" lon="8.657247"><ele>9.8</ele></trkpt>
      <trkpt lat="55.956251" lon="8.657045"><ele>10.0</ele></trkpt>
      <trkpt lat="55.956220" lon="8.656096"><ele>10.5</ele></trkpt>
      <trkpt lat="55.956217" lon="8.655978"><ele>10.5</ele></trkpt>
      <trkpt lat="55.956201" lon="8.655432"><ele>10.8</ele></trkpt>
      <trkpt lat="55.956199" lon="8.655247"><ele>10.9</ele></trkpt>
      <trkpt lat="55.956185" lon="8.654179"><ele>11.4</ele></trkpt>
      <trkpt lat="55.956183" lon="8.653719"><ele>11.6</ele></trkpt>
      <trkpt lat="55.956169" lon="8.652797"><ele>12.0</ele></trkpt>
      <trkpt lat="55.956205" lon="8.652314"><ele>12.2</ele></trkpt>
      <trkpt lat="55.956424" lon="8.651476"><ele>12.5</ele></trkpt>
      <trkpt lat="55.956718" lon="8.650419"><ele>12.9</ele></trkpt>
      <trkpt lat="55.956865" lon="8.650026"><ele>13.0</ele></trkpt>
      <trkpt lat="55.957009" lon="8.649756"><ele>13.1</ele></trkpt>
      <trkpt lat="55.957374" lon="8.649099"><ele>13.2</ele></trkpt>
      <trkpt lat="55.957933" lon="8.648065"><ele>13.5</ele></trkpt>
      <trkpt lat="55.958000" lon="8.647941"><ele>13.5</ele></trkpt>
      <trkpt lat="55.958255" lon="8.647399"><ele>13.5</ele></trkpt>
      <trkpt lat="55.958645" lon="8.646432"><ele>13.6</ele></trkpt>
      <trkpt lat="55.958754" lon="8.646174"><ele>13.6</ele></trkpt>
      <trkpt lat="55.958844" lon="8.645934"><ele>13.6</ele></trkpt>
      <trkpt lat="55.958864" lon="8.645881"><ele>13.6</ele></trkpt>
      <trkpt lat="55.958924" lon="8.645720"><ele>13.6</ele></trkpt>
      <trkpt lat="55.958841" lon="8.645546"><ele>13.6</ele></trkpt>
      <trkpt lat="55.958706" lon="8.644849"><ele>13.7</ele></trkpt>
      <trkpt lat="55.958648" lon="8.644566"><ele>13.8</ele></trkpt>
      <trkpt lat="55.958624" lon="8.644453"><ele>13.8</ele></trkpt>
      <trkpt lat="55.958493" lon="8.643755"><ele>13.8</ele></trkpt>
      <trkpt lat="55.958390" lon="8.643666"><ele>13.9</ele></trkpt>
      <trkpt lat="55.958307" lon="8.643444"><ele>13.9</ele></trkpt>
      <trkpt lat="55.958104" lon="8.642363"><ele>13.9</ele></trkpt>
      <trkpt lat="55.958098" lon="8.642044"><ele>13.9</ele></trkpt>
      <trkpt lat="55.957917" lon="8.641349"><ele>13.9</ele></trkpt>
      <trkpt lat="55.957527" lon="8.639062"><ele>13.9</ele></trkpt>
      <trkpt lat="55.957715" lon="8.638894"><ele>13.9</ele></trkpt>
      <trkpt lat="55.958006" lon="8.638560"><ele>14.0</ele></trkpt>
      <trkpt lat="55.957768" lon="8.637949"><ele>14.0</ele></trkpt>
      <trkpt lat="55.957651" lon="8.637662"><ele>14.0</ele></trkpt>
      <trkpt lat="55.957622" lon="8.637588"><ele>14.0</ele></trkpt>
      <trkpt lat="55.957386" lon="8.636992"><ele>14.0</ele></trkpt>
      <trkpt lat="55.957226" lon="8.636413"><ele>13.9</ele></trkpt>
      <trkpt lat="55.956977" lon="8.635089"><ele>13.8</ele></trkpt>
      <trkpt lat="55.956601" lon="8.633496"><ele>14.0</ele></trkpt>
      <trkpt lat="55.956440" lon="8.632713"><ele>14.2</ele></trkpt>
      <trkpt lat="55.956359" lon="8.632013"><ele>14.4</ele></trkpt>
      <trkpt lat="55.956222" lon="8.630205"><ele>15.1</ele></trkpt>
      <trkpt lat="55.956220" lon="8.630169"><ele>15.1</ele></trkpt>
      <trkpt lat="55.956173" lon="8.629417"><ele>15.4</ele></trkpt>
      <trkpt lat="55.956109" lon="8.628438"><ele>15.8</ele></trkpt>
      <trkpt lat="55.956064" lon="8.627748"><ele>15.9</ele></trkpt>
      <trkpt lat="55.955979" lon="8.626374"><ele>15.6</ele></trkpt>
      <trkpt lat="55.955917" lon="8.625292"><ele>15.4</ele></trkpt>
      <trkpt lat="55.955781" lon="8.623127"><ele>15.6</ele></trkpt>
      <trkpt lat="55.955757" lon="8.622730"><ele>15.7</ele></trkpt>
      <trkpt lat="55.955740" lon="8.622211"><ele>15.8</ele></trkpt>
      <trkpt lat="55.955762" lon="8.621878"><ele>15.9</ele></trkpt>
      <trkpt lat="55.955902" lon="8.620481"><ele>15.5</ele></trkpt>
      <trkpt lat="55.956074" lon="8.619029"><ele>15.0</ele></trkpt>
      <trkpt lat="55.956102" lon="8.618471"><ele>14.7</ele></trkpt>
      <trkpt lat="55.956096" lon="8.617258"><ele>13.6</ele></trkpt>
      <trkpt lat="55.956082" lon="8.616381"><ele>12.8</ele></trkpt>
      <trkpt lat="55.956030" lon="8.615866"><ele>12.3</ele></trkpt>
      <trkpt lat="55.955939" lon="8.615478"><ele>11.9</ele></trkpt>
      <trkpt lat="55.955879" lon="8.615311"><ele>11.8</ele></trkpt>
      <trkpt lat="55.955725" lon="8.615019"><ele>11.7</ele></trkpt>
      <trkpt lat="55.955540" lon="8.614795"><ele>11.5</ele></trkpt>
      <trkpt lat="55.954884" lon="8.614145"><ele>11.1</ele></trkpt>
      <trkpt lat="55.955540" lon="8.614795"><ele>11.0</ele></trkpt>
      <trkpt lat="55.955725" lon="8.615019"><ele>11.2</ele></trkpt>
      <trkpt lat="55.955879" lon="8.615311"><ele>11.4</ele></trkpt>
      <trkpt lat="55.955990" lon="8.615252"><ele>11.5</ele></trkpt>
      <trkpt lat="55.956114" lon="8.614946"><ele>11.7</ele></trkpt>
      <trkpt lat="55.956503" lon="8.613945"><ele>12.4</ele></trkpt>
      <trkpt lat="55.956727" lon="8.612973"><ele>12.9</ele></trkpt>
      <trkpt lat="55.956872" lon="8.612463"><ele>13.2</ele></trkpt>
      <trkpt lat="55.957341" lon="8.611212"><ele>14.0</ele></trkpt>
      <trkpt lat="55.957393" lon="8.611129"><ele>14.0</ele></trkpt>
      <trkpt lat="55.957525" lon="8.611046"><ele>14.1</ele></trkpt>
      <trkpt lat="55.957941" lon="8.611151"><ele>14.5</ele></trkpt>
      <trkpt lat="55.958001" lon="8.611115"><ele>14.5</ele></trkpt>
      <trkpt lat="55.958066" lon="8.610997"><ele>14.6</ele></trkpt>
      <trkpt lat="55.958110" lon="8.610742"><ele>14.7</ele></trkpt>
      <trkpt lat="55.958168" lon="8.610323"><ele>14.9</ele></trkpt>
      <trkpt lat="55.958267" lon="8.610012"><ele>15.1</ele></trkpt>
      <trkpt lat="55.958568" lon="8.609424"><ele>15.4</ele></trkpt>
      <trkpt lat="55.958635" lon="8.609507"><ele>15.5</ele></trkpt>
      <trkpt lat="55.961730" lon="8.609952"><ele>16.6</ele></trkpt>
      <trkpt lat="55.962596" lon="8.610114"><ele>16.8</ele></trkpt>
      <trkpt lat="55.962568" lon="8.611127"><ele>16.9</ele></trkpt>
      <trkpt lat="55.963103" lon="8.610982"><ele>16.9</ele></trkpt>
      <trkpt lat="55.963638" lon="8.610837"><ele>17.0</ele></trkpt>
      <trkpt lat="55.963726" lon="8.611876"><ele>17.1</ele></trkpt>
      <trkpt lat="55.964154" lon="8.611790"><ele>17.1</ele></trkpt>
      <trkpt lat="55.964289" lon="8.611842"><ele>17.2</ele></trkpt>
      <trkpt lat="55.964488" lon="8.611795"><ele>17.2</ele></trkpt>
      <trkpt lat="55.964616" lon="8.611684"><ele>17.2</ele></trkpt>
      <trkpt lat="55.964743" lon="8.612103"><ele>17.3</ele></trkpt>
      <trkpt lat="55.964892" lon="8.613041"><ele>17.3</ele></trkpt>
      <trkpt lat="55.964944" lon="8.613374"><ele>17.3</ele></trkpt>
      <trkpt lat="55.965143" lon="8.614233"><ele>17.3</ele></trkpt>
      <trkpt lat="55.965549" lon="8.615568"><ele>17.3</ele></trkpt>
      <trkpt lat="55.966001" lon="8.617477"><ele>17.2</ele></trkpt>
      <trkpt lat="55.966385" lon="8.617185"><ele>17.4</ele></trkpt>
      <trkpt lat="55.966501" lon="8.617145"><ele>17.6</ele></trkpt>
      <trkpt lat="55.966845" lon="8.617183"><ele>18.0</ele></trkpt>
      <trkpt lat="55.966882" lon="8.616665"><ele>18.3</ele></trkpt>
      <trkpt lat="55.967006" lon="8.616676"><ele>18.5</ele></trkpt>
      <trkpt lat="55.969180" lon="8.614902"><ele>22.9</ele></trkpt>
      <trkpt lat="55.969513" lon="8.614672"><ele>23.6</ele></trkpt>
      <trkpt lat="55.970938" lon="8.614002"><ele>26.3</ele></trkpt>
      <trkpt lat="55.971085" lon="8.613851"><ele>26.5</ele></trkpt>
      <trkpt lat="55.972136" lon="8.611762"><ele>27.5</ele></trkpt>
      <trkpt lat="55.974688" lon="8.607194"><ele>24.9</ele></trkpt>
      <trkpt lat="55.977143" lon="8.602937"><ele>27.8</ele></trkpt>
      <trkpt lat="55.977851" lon="8.601881"><ele>27.9</ele></trkpt>
      <trkpt lat="55.978765" lon="8.600813"><ele>27.7</ele></trkpt>
      <trkpt lat="55.978712" lon="8.600604"><ele>27.6</ele></trkpt>
      <trkpt lat="55.978694" lon="8.600204"><ele>27.2</ele></trkpt>
      <trkpt lat="55.978886" lon="8.591651"><ele>20.0</ele></trkpt>
      <trkpt lat="55.978847" lon="8.590962"><ele>19.6</ele></trkpt>
      <trkpt lat="55.978491" lon="8.587563"><ele>19.6</ele></trkpt>
      <trkpt lat="55.978498" lon="8.587194"><ele>19.5</ele></trkpt>
      <trkpt lat="55.978547" lon="8.587007"><ele>19.5</ele></trkpt>
      <trkpt lat="55.978263" lon="8.586688"><ele>19.5</ele></trkpt>
      <trkpt lat="55.978296" lon="8.586535"><ele>19.5</ele></trkpt>
      <trkpt lat="55.978292" lon="8.585895"><ele>19.4</ele></trkpt>
      <trkpt lat="55.978025" lon="8.582911"><ele>18.7</ele></trkpt>
      <trkpt lat="55.977330" lon="8.575049"><ele>14.8</ele></trkpt>
      <trkpt lat="55.977301" lon="8.574402"><ele>14.5</ele></trkpt>
      <trkpt lat="55.977333" lon="8.573534"><ele>14.0</ele></trkpt>
      <trkpt lat="55.977470" lon="8.572595"><ele>13.6</ele></trkpt>
      <trkpt lat="55.977641" lon="8.571942"><ele>13.2</ele></trkpt>
      <trkpt lat="55.978047" lon="8.570830"><ele>12.7</ele></trkpt>
      <trkpt lat="55.978378" lon="8.569918"><ele>12.2</ele></trkpt>
      <trkpt lat="55.978424" lon="8.569794"><ele>12.1</ele></trkpt>
      <trkpt lat="55.978910" lon="8.568528"><ele>12.3</ele></trkpt>
      <trkpt lat="55.979058" lon="8.568130"><ele>12.4</ele></trkpt>
      <trkpt lat="55.979071" lon="8.568096"><ele>12.4</ele></trkpt>
      <trkpt lat="55.978394" lon="8.567299"><ele>12.7</ele></trkpt>
      <trkpt lat="55.977657" lon="8.566347"><ele>12.7</ele></trkpt>
      <trkpt lat="55.977278" lon="8.565434"><ele>12.6</ele></trkpt>
      <trkpt lat="55.977034" lon="8.564867"><ele>12.5</ele></trkpt>
      <trkpt lat="55.976844" lon="8.564509"><ele>12.3</ele></trkpt>
      <trkpt lat="55.975855" lon="8.563218"><ele>11.5</ele></trkpt>
      <trkpt lat="55.975797" lon="8.563131"><ele>11.5</ele></trkpt>
      <trkpt lat="55.975715" lon="8.562959"><ele>11.6</ele></trkpt>
      <trkpt lat="55.975646" lon="8.562630"><ele>11.8</ele></trkpt>
      <trkpt lat="55.975629" lon="8.562301"><ele>12.1</ele></trkpt>
      <trkpt lat="55.975653" lon="8.561422"><ele>12.7</ele></trkpt>
      <trkpt lat="55.975690" lon="8.561154"><ele>12.9</ele></trkpt>
      <trkpt lat="55.975783" lon="8.560846"><ele>13.1</ele></trkpt>
      <trkpt lat="55.975980" lon="8.560374"><ele>13.6</ele></trkpt>
      <trkpt lat="55.976398" lon="8.559398"><ele>15.0</ele></trkpt>
      <trkpt lat="55.976999" lon="8.557458"><ele>17.9</ele></trkpt>
      <trkpt lat="55.977957" lon="8.554310"><ele>21.3</ele></trkpt>
      <trkpt lat="55.978051" lon="8.554020"><ele>21.4</ele></trkpt>
      <trkpt lat="55.978321" lon="8.553361"><ele>21.7</ele></trkpt>
      <trkpt lat="55.979220" lon="8.551284"><ele>22.6</ele></trkpt>
      <trkpt lat="55.979244" lon="8.551171"><ele>22.6</ele></trkpt>
      <trkpt lat="55.979348" lon="8.551167"><ele>22.6</ele></trkpt>
      <trkpt lat="55.980201" lon="8.551012"><ele>23.0</ele></trkpt>
      <trkpt lat="55.980492" lon="8.550888"><ele>23.2</ele></trkpt>
      <trkpt lat="55.981069" lon="8.550317"><ele>24.2</ele></trkpt>
      <trkpt lat="55.981694" lon="8.549655"><ele>25.3</ele></trkpt>
      <trkpt lat="55.981847" lon="8.549442"><ele>25.5</ele></trkpt>
      <trkpt lat="55.982209" lon="8.548888"><ele>26.3</ele></trkpt>
      <trkpt lat="55.982477" lon="8.548478"><ele>26.9</ele></trkpt>
      <trkpt lat="55.982489" lon="8.548460"><ele>26.9</ele></trkpt>
      <trkpt lat="55.982559" lon="8.548351"><ele>27.1</ele></trkpt>
      <trkpt lat="55.982611" lon="8.548262"><ele>27.2</ele></trkpt>
      <trkpt lat="55.982914" lon="8.547807"><ele>27.9</ele></trkpt>
      <trkpt lat="55.983085" lon="8.547623"><ele>28.2</ele></trkpt>
      <trkpt lat="55.983484" lon="8.547596"><ele>28.9</ele></trkpt>
      <trkpt lat="55.983638" lon="8.547594"><ele>29.1</ele></trkpt>
      <trkpt lat="55.984114" lon="8.547587"><ele>29.7</ele></trkpt>
      <trkpt lat="55.984338" lon="8.547499"><ele>30.0</ele></trkpt>
      <trkpt lat="55.984445" lon="8.547427"><ele>30.2</ele></trkpt>
      <trkpt lat="55.984737" lon="8.547134"><ele>30.6</ele></trkpt>
      <trkpt lat="55.984846" lon="8.547017"><ele>30.7</ele></trkpt>
      <trkpt lat="55.984821" lon="8.546928"><ele>30.8</ele></trkpt>
      <trkpt lat="55.984828" lon="8.546625"><ele>31.0</ele></trkpt>
      <trkpt lat="55.984850" lon="8.545761"><ele>31.3</ele></trkpt>
      <trkpt lat="55.984852" lon="8.545382"><ele>31.4</ele></trkpt>
      <trkpt lat="55.984842" lon="8.545103"><ele>31.4</ele></trkpt>
      <trkpt lat="55.984830" lon="8.544916"><ele>31.4</ele></trkpt>
      <trkpt lat="55.984792" lon="8.544150"><ele>31.6</ele></trkpt>
      <trkpt lat="55.984798" lon="8.543880"><ele>31.6</ele></trkpt>
      <trkpt lat="55.984910" lon="8.543772"><ele>31.7</ele></trkpt>
      <trkpt lat="55.984814" lon="8.543411"><ele>31.7</ele></trkpt>
      <trkpt lat="55.984729" lon="8.542872"><ele>31.7</ele></trkpt>
      <trkpt lat="55.984720" lon="8.542681"><ele>31.7</ele></trkpt>
      <trkpt lat="55.984674" lon="8.541429"><ele>31.6</ele></trkpt>
      <trkpt lat="55.984674" lon="8.541319"><ele>31.5</ele></trkpt>
      <trkpt lat="55.984681" lon="8.540695"><ele>31.5</ele></trkpt>
      <trkpt lat="55.984701" lon="8.538997"><ele>30.6</ele></trkpt>
      <trkpt lat="55.984724" lon="8.538288"><ele>30.1</ele></trkpt>
      <trkpt lat="55.984784" lon="8.537467"><ele>29.6</ele></trkpt>
      <trkpt lat="55.984880" lon="8.536587"><ele>29.0</ele></trkpt>
      <trkpt lat="55.984962" lon="8.536074"><ele>28.7</ele></trkpt>
      <trkpt lat="55.985087" lon="8.535517"><ele>28.3</ele></trkpt>
      <trkpt lat="55.985311" lon="8.534752"><ele>27.8</ele></trkpt>
      <trkpt lat="55.985544" lon="8.534125"><ele>27.4</ele></trkpt>
      <trkpt lat="55.985893" lon="8.533382"><ele>27.2</ele></trkpt>
      <trkpt lat="55.986072" lon="8.533080"><ele>27.1</ele></trkpt>
      <trkpt lat="55.986562" lon="8.532441"><ele>26.9</ele></trkpt>
      <trkpt lat="55.986570" lon="8.532434"><ele>26.9</ele></trkpt>
      <trkpt lat="55.987687" lon="8.531405"><ele>26.8</ele></trkpt>
      <trkpt lat="55.987743" lon="8.531353"><ele>26.8</ele></trkpt>
      <trkpt lat="55.987855" lon="8.531218"><ele>26.8</ele></trkpt>
      <trkpt lat="55.988054" lon="8.530830"><ele>26.8</ele></trkpt>
      <trkpt lat="55.988145" lon="8.530503"><ele>26.8</ele></trkpt>
      <trkpt lat="55.988686" lon="8.527227"><ele>26.9</ele></trkpt>
      <trkpt lat="55.988752" lon="8.526594"><ele>26.8</ele></trkpt>
      <trkpt lat="55.988772" lon="8.525948"><ele>26.7</ele></trkpt>
      <trkpt lat="55.988659" lon="8.523374"><ele>26.4</ele></trkpt>
      <trkpt lat="55.988680" lon="8.522757"><ele>26.5</ele></trkpt>
      <trkpt lat="55.988739" lon="8.522159"><ele>26.6</ele></trkpt>
      <trkpt lat="55.988957" lon="8.520371"><ele>26.7</ele></trkpt>
      <trkpt lat="55.989177" lon="8.518803"><ele>25.8</ele></trkpt>
      <trkpt lat="55.989314" lon="8.518194"><ele>25.5</ele></trkpt>
      <trkpt lat="55.989685" lon="8.516831"><ele>24.4</ele></trkpt>
      <trkpt lat="55.989698" lon="8.516779"><ele>24.3</ele></trkpt>
      <trkpt lat="55.989921" lon="8.516029"><ele>23.5</ele></trkpt>
      <trkpt lat="55.989999" lon="8.515785"><ele>23.3</ele></trkpt>
      <trkpt lat="55.990108" lon="8.515443"><ele>22.9</ele></trkpt>
      <trkpt lat="55.991265" lon="8.511795"><ele>19.1</ele></trkpt>
      <trkpt lat="55.991319" lon="8.511625"><ele>18.9</ele></trkpt>
      <trkpt lat="55.991776" lon="8.510181"><ele>17.8</ele></trkpt>
      <trkpt lat="55.991993" lon="8.509406"><ele>17.2</ele></trkpt>
      <trkpt lat="55.992061" lon="8.509001"><ele>17.0</ele></trkpt>
      <trkpt lat="55.992094" lon="8.508598"><ele>17.0</ele></trkpt>
      <trkpt lat="55.992085" lon="8.508241"><ele>17.1</ele></trkpt>
      <trkpt lat="55.992198" lon="8.508195"><ele>17.1</ele></trkpt>
      <trkpt lat="55.992791" lon="8.507910"><ele>17.3</ele></trkpt>
      <trkpt lat="55.994865" lon="8.506602"><ele>18.7</ele></trkpt>
      <trkpt lat="55.996150" lon="8.505791"><ele>17.6</ele></trkpt>
      <trkpt lat="55.996327" lon="8.505679"><ele>17.3</ele></trkpt>
      <trkpt lat="55.998467" lon="8.504328"><ele>12.7</ele></trkpt>
      <trkpt lat="55.998625" lon="8.504232"><ele>12.6</ele></trkpt>
      <trkpt lat="55.998941" lon="8.504029"><ele>12.4</ele></trkpt>
      <trkpt lat="55.998443" lon="8.501198"><ele>12.8</ele></trkpt>
      <trkpt lat="56.001024" lon="8.498900"><ele>21.5</ele></trkpt>
      <trkpt lat="56.001103" lon="8.498936"><ele>21.8</ele></trkpt>
      <trkpt lat="56.001453" lon="8.496317"><ele>25.1</ele></trkpt>
      <trkpt lat="56.001623" lon="8.496335"><ele>25.4</ele></trkpt>
      <trkpt lat="56.001664" lon="8.496265"><ele>25.5</ele></trkpt>
      <trkpt lat="56.001744" lon="8.495825"><ele>26.0</ele></trkpt>
      <trkpt lat="56.001833" lon="8.495757"><ele>26.2</ele></trkpt>
      <trkpt lat="56.002274" lon="8.495912"><ele>26.4</ele></trkpt>
      <trkpt lat="56.002731" lon="8.495734"><ele>26.5</ele></trkpt>
      <trkpt lat="56.003538" lon="8.495581"><ele>26.9</ele></trkpt>
      <trkpt lat="56.006093" lon="8.496182"><ele>27.7</ele></trkpt>
      <trkpt lat="56.006538" lon="8.496555"><ele>27.7</ele></trkpt>
      <trkpt lat="56.006847" lon="8.496891"><ele>27.7</ele></trkpt>
      <trkpt lat="56.006937" lon="8.496932"><ele>27.7</ele></trkpt>
      <trkpt lat="56.007407" lon="8.494803"><ele>26.4</ele></trkpt>
      <trkpt lat="56.007877" lon="8.492674"><ele>25.2</ele></trkpt>
      <trkpt lat="56.007970" lon="8.492081"><ele>24.8</ele></trkpt>
      <trkpt lat="56.008182" lon="8.490021"><ele>24.5</ele></trkpt>
      <trkpt lat="56.008371" lon="8.490216"><ele>24.7</ele></trkpt>
      <trkpt lat="56.010957" lon="8.492216"><ele>28.8</ele></trkpt>
      <trkpt lat="56.011244" lon="8.492554"><ele>29.3</ele></trkpt>
      <trkpt lat="56.011900" lon="8.493655"><ele>30.4</ele></trkpt>
      <trkpt lat="56.012686" lon="8.492563"><ele>31.7</ele></trkpt>
      <trkpt lat="56.012899" lon="8.492269"><ele>32.1</ele></trkpt>
      <trkpt lat="56.013115" lon="8.492097"><ele>32.4</ele></trkpt>
      <trkpt lat="56.013307" lon="8.492011"><ele>32.6</ele></trkpt>
      <trkpt lat="56.013526" lon="8.491997"><ele>32.9</ele></trkpt>
      <trkpt lat="56.015047" lon="8.492230"><ele>34.2</ele></trkpt>
      <trkpt lat="56.017782" lon="8.492666"><ele>32.2</ele></trkpt>
      <trkpt lat="56.017854" lon="8.491631"><ele>31.0</ele></trkpt>
      <trkpt lat="56.018026" lon="8.489924"><ele>29.0</ele></trkpt>
      <trkpt lat="56.017994" lon="8.489393"><ele>28.6</ele></trkpt>
      <trkpt lat="56.017954" lon="8.489144"><ele>28.5</ele></trkpt>
      <trkpt lat="56.017632" lon="8.487759"><ele>28.0</ele></trkpt>
      <trkpt lat="56.017044" lon="8.485199"><ele>26.8</ele></trkpt>
      <trkpt lat="56.017013" lon="8.484854"><ele>26.6</ele></trkpt>
      <trkpt lat="56.016576" lon="8.478862"><ele>22.0</ele></trkpt>
      <trkpt lat="56.016602" lon="8.478689"><ele>21.9</ele></trkpt>
      <trkpt lat="56.016653" lon="8.478562"><ele>21.7</ele></trkpt>
      <trkpt lat="56.017489" lon="8.477306"><ele>20.9</ele></trkpt>
      <trkpt lat="56.017546" lon="8.477175"><ele>20.9</ele></trkpt>
      <trkpt lat="56.017582" lon="8.476990"><ele>21.0</ele></trkpt>
      <trkpt lat="56.017458" lon="8.473022"><ele>23.0</ele></trkpt>
      <trkpt lat="56.017446" lon="8.471842"><ele>24.0</ele></trkpt>
      <trkpt lat="56.017500" lon="8.471617"><ele>24.3</ele></trkpt>
      <trkpt lat="56.017572" lon="8.471563"><ele>24.4</ele></trkpt>
      <trkpt lat="56.017668" lon="8.471552"><ele>24.6</ele></trkpt>
      <trkpt lat="56.021611" lon="8.473043"><ele>36.5</ele></trkpt>
      <trkpt lat="56.021767" lon="8.473155"><ele>37.0</ele></trkpt>
      <trkpt lat="56.022115" lon="8.473534"><ele>38.2</ele></trkpt>
      <trkpt lat="56.024050" lon="8.475628"><ele>44.1</ele></trkpt>
      <trkpt lat="56.024500" lon="8.475817"><ele>45.0</ele></trkpt>
      <trkpt lat="56.025277" lon="8.476065"><ele>45.9</ele></trkpt>
      <trkpt lat="56.025847" lon="8.476194"><ele>46.7</ele></trkpt>
      <trkpt lat="56.028753" lon="8.476487"><ele>50.8</ele></trkpt>
      <trkpt lat="56.029946" lon="8.466813"><ele>60.4</ele></trkpt>
      <trkpt lat="56.029992" lon="8.466450"><ele>60.8</ele></trkpt>
      <trkpt lat="56.030045" lon="8.466078"><ele>61.1</ele></trkpt>
      <trkpt lat="56.030956" lon="8.461209"><ele>64.7</ele></trkpt>
      <trkpt lat="56.031007" lon="8.460710"><ele>65.0</ele></trkpt>
      <trkpt lat="56.031151" lon="8.456153"><ele>68.6</ele></trkpt>
      <trkpt lat="56.031210" lon="8.454263"><ele>69.5</ele></trkpt>
      <trkpt lat="56.031196" lon="8.453317"><ele>69.9</ele></trkpt>
      <trkpt lat="56.031151" lon="8.452084"><ele>70.1</ele></trkpt>
      <trkpt lat="56.032462" lon="8.452086"><ele>70.0</ele></trkpt>
      <trkpt lat="56.032681" lon="8.452165"><ele>69.8</ele></trkpt>
      <trkpt lat="56.032942" lon="8.452377"><ele>69.5</ele></trkpt>
      <trkpt lat="56.034042" lon="8.452625"><ele>68.4</ele></trkpt>
      <trkpt lat="56.034094" lon="8.452299"><ele>68.2</ele></trkpt>
      <trkpt lat="56.034834" lon="8.440055"><ele>59.0</ele></trkpt>
      <trkpt lat="56.035019" lon="8.437001"><ele>55.8</ele></trkpt>
      <trkpt lat="56.034973" lon="8.436604"><ele>55.4</ele></trkpt>
      <trkpt lat="56.035002" lon="8.436394"><ele>55.1</ele></trkpt>
      <trkpt lat="56.035093" lon="8.436377"><ele>55.0</ele></trkpt>
      <trkpt lat="56.039631" lon="8.437686"><ele>41.4</ele></trkpt>
      <trkpt lat="56.039797" lon="8.437626"><ele>41.0</ele></trkpt>
      <trkpt lat="56.039928" lon="8.437502"><ele>40.5</ele></trkpt>
      <trkpt lat="56.040371" lon="8.436421"><ele>38.7</ele></trkpt>
      <trkpt lat="56.040427" lon="8.435912"><ele>38.2</ele></trkpt>
      <trkpt lat="56.040453" lon="8.434988"><ele>37.3</ele></trkpt>
      <trkpt lat="56.040565" lon="8.433507"><ele>35.9</ele></trkpt>
      <trkpt lat="56.040598" lon="8.433078"><ele>35.7</ele></trkpt>
      <trkpt lat="56.040648" lon="8.432150"><ele>35.4</ele></trkpt>
      <trkpt lat="56.040674" lon="8.431667"><ele>35.2</ele></trkpt>
      <trkpt lat="56.040697" lon="8.431248"><ele>35.0</ele></trkpt>
      <trkpt lat="56.041961" lon="8.431232"><ele>34.4</ele></trkpt>
      <trkpt lat="56.042760" lon="8.431459"><ele>34.1</ele></trkpt>
      <trkpt lat="56.042909" lon="8.431501"><ele>34.1</ele></trkpt>
      <trkpt lat="56.043380" lon="8.427973"><ele>32.6</ele></trkpt>
      <trkpt lat="56.043777" lon="8.425006"><ele>30.7</ele></trkpt>
      <trkpt lat="56.043888" lon="8.424178"><ele>29.9</ele></trkpt>
      <trkpt lat="56.044168" lon="8.422077"><ele>28.0</ele></trkpt>
      <trkpt lat="56.044247" lon="8.421705"><ele>27.7</ele></trkpt>
      <trkpt lat="56.044796" lon="8.419735"><ele>26.1</ele></trkpt>
      <trkpt lat="56.044866" lon="8.419248"><ele>25.8</ele></trkpt>
      <trkpt lat="56.044929" lon="8.418325"><ele>25.6</ele></trkpt>
      <trkpt lat="56.044930" lon="8.417302"><ele>25.3</ele></trkpt>
      <trkpt lat="56.044891" lon="8.414915"><ele>24.9</ele></trkpt>
      <trkpt lat="56.044852" lon="8.412275"><ele>24.6</ele></trkpt>
      <trkpt lat="56.045871" lon="8.412190"><ele>24.7</ele></trkpt>
      <trkpt lat="56.046248" lon="8.412109"><ele>24.8</ele></trkpt>
      <trkpt lat="56.047252" lon="8.411714"><ele>26.5</ele></trkpt>
      <trkpt lat="56.047422" lon="8.411607"><ele>26.8</ele></trkpt>
      <trkpt lat="56.047526" lon="8.411493"><ele>27.0</ele></trkpt>
      <trkpt lat="56.047657" lon="8.411279"><ele>27.4</ele></trkpt>
      <trkpt lat="56.047931" lon="8.410538"><ele>28.4</ele></trkpt>
      <trkpt lat="56.048196" lon="8.410084"><ele>29.5</ele></trkpt>
      <trkpt lat="56.050032" lon="8.408321"><ele>35.4</ele></trkpt>
      <trkpt lat="56.050106" lon="8.408252"><ele>35.6</ele></trkpt>
      <trkpt lat="56.050864" lon="8.407523"><ele>37.6</ele></trkpt>
      <trkpt lat="56.051529" lon="8.406828"><ele>37.9</ele></trkpt>
      <trkpt lat="56.051586" lon="8.406815"><ele>37.9</ele></trkpt>
      <trkpt lat="56.051688" lon="8.406412"><ele>37.9</ele></trkpt>
      <trkpt lat="56.051910" lon="8.405538"><ele>37.9</ele></trkpt>
      <trkpt lat="56.051925" lon="8.405475"><ele>37.9</ele></trkpt>
      <trkpt lat="56.052325" lon="8.403991"><ele>37.4</ele></trkpt>
      <trkpt lat="56.052535" lon="8.403217"><ele>37.1</ele></trkpt>
      <trkpt lat="56.052709" lon="8.402575"><ele>36.8</ele></trkpt>
      <trkpt lat="56.052736" lon="8.402475"><ele>36.7</ele></trkpt>
      <trkpt lat="56.052830" lon="8.402129"><ele>36.6</ele></trkpt>
      <trkpt lat="56.053006" lon="8.401481"><ele>37.1</ele></trkpt>
      <trkpt lat="56.053059" lon="8.401528"><ele>37.2</ele></trkpt>
      <trkpt lat="56.053207" lon="8.401563"><ele>37.4</ele></trkpt>
      <trkpt lat="56.053964" lon="8.401738"><ele>38.4</ele></trkpt>
      <trkpt lat="56.054882" lon="8.402021"><ele>39.3</ele></trkpt>
      <trkpt lat="56.055218" lon="8.402126"><ele>39.5</ele></trkpt>
      <trkpt lat="56.055247" lon="8.402134"><ele>39.5</ele></trkpt>
      <trkpt lat="56.056190" lon="8.402378"><ele>40.1</ele></trkpt>
      <trkpt lat="56.056242" lon="8.402362"><ele>40.1</ele></trkpt>
      <trkpt lat="56.056310" lon="8.402413"><ele>40.0</ele></trkpt>
      <trkpt lat="56.056379" lon="8.402402"><ele>39.9</ele></trkpt>
      <trkpt lat="56.056810" lon="8.402106"><ele>39.5</ele></trkpt>
      <trkpt lat="56.057028" lon="8.402135"><ele>39.2</ele></trkpt>
      <trkpt lat="56.057191" lon="8.402157"><ele>39.1</ele></trkpt>
      <trkpt lat="56.057525" lon="8.402269"><ele>38.7</ele></trkpt>
      <trkpt lat="56.058043" lon="8.402503"><ele>38.1</ele></trkpt>
      <trkpt lat="56.058306" lon="8.402701"><ele>37.5</ele></trkpt>
      <trkpt lat="56.058667" lon="8.403144"><ele>36.7</ele></trkpt>
      <trkpt lat="56.058958" lon="8.403288"><ele>36.1</ele></trkpt>
      <trkpt lat="56.060395" lon="8.403061"><ele>33.3</ele></trkpt>
      <trkpt lat="56.061647" lon="8.402873"><ele>30.8</ele></trkpt>
      <trkpt lat="56.061723" lon="8.402259"><ele>30.2</ele></trkpt>
      <trkpt lat="56.062458" lon="8.399216"><ele>27.4</ele></trkpt>
      <trkpt lat="56.062676" lon="8.398174"><ele>26.6</ele></trkpt>
      <trkpt lat="56.062933" lon="8.396947"><ele>25.9</ele></trkpt>
      <trkpt lat="56.063354" lon="8.394938"><ele>25.1</ele></trkpt>
      <trkpt lat="56.063960" lon="8.392043"><ele>24.5</ele></trkpt>
      <trkpt lat="56.064667" lon="8.388668"><ele>25.0</ele></trkpt>
      <trkpt lat="56.065305" lon="8.385599"><ele>25.2</ele></trkpt>
      <trkpt lat="56.066793" lon="8.386223"><ele>23.5</ele></trkpt>
      <trkpt lat="56.067151" lon="8.386314"><ele>23.0</ele></trkpt>
      <trkpt lat="56.067722" lon="8.386411"><ele>21.5</ele></trkpt>
      <trkpt lat="56.068237" lon="8.386403"><ele>19.9</ele></trkpt>
      <trkpt lat="56.068534" lon="8.386338"><ele>19.0</ele></trkpt>
      <trkpt lat="56.068841" lon="8.386271"><ele>18.0</ele></trkpt>
      <trkpt lat="56.068867" lon="8.386265"><ele>17.9</ele></trkpt>
      <trkpt lat="56.069343" lon="8.386215"><ele>17.5</ele></trkpt>
      <trkpt lat="56.069825" lon="8.386413"><ele>17.8</ele></trkpt>
      <trkpt lat="56.070017" lon="8.386521"><ele>17.9</ele></trkpt>
      <trkpt lat="56.070207" lon="8.386654"><ele>18.0</ele></trkpt>
      <trkpt lat="56.070273" lon="8.386700"><ele>18.1</ele></trkpt>
      <trkpt lat="56.071250" lon="8.387383"><ele>20.4</ele></trkpt>
      <trkpt lat="56.072021" lon="8.387907"><ele>23.7</ele></trkpt>
      <trkpt lat="56.072051" lon="8.387927"><ele>23.8</ele></trkpt>
      <trkpt lat="56.072352" lon="8.388132"><ele>25.1</ele></trkpt>
      <trkpt lat="56.074203" lon="8.389317"><ele>31.1</ele></trkpt>
      <trkpt lat="56.075252" lon="8.389989"><ele>31.6</ele></trkpt>
      <trkpt lat="56.078647" lon="8.392164"><ele>28.3</ele></trkpt>
      <trkpt lat="56.079823" lon="8.392981"><ele>29.4</ele></trkpt>
      <trkpt lat="56.081119" lon="8.393882"><ele>32.6</ele></trkpt>
      <trkpt lat="56.081692" lon="8.394279"><ele>34.1</ele></trkpt>
      <trkpt lat="56.082333" lon="8.394722"><ele>35.7</ele></trkpt>
      <trkpt lat="56.082628" lon="8.394944"><ele>36.2</ele></trkpt>
      <trkpt lat="56.082610" lon="8.394089"><ele>35.1</ele></trkpt>
      <trkpt lat="56.082460" lon="8.386653"><ele>26.7</ele></trkpt>
      <trkpt lat="56.082523" lon="8.386650"><ele>26.6</ele></trkpt>
      <trkpt lat="56.086218" lon="8.387767"><ele>29.8</ele></trkpt>
      <trkpt lat="56.086288" lon="8.387816"><ele>29.9</ele></trkpt>
      <trkpt lat="56.086314" lon="8.387901"><ele>30.0</ele></trkpt>
      <trkpt lat="56.086339" lon="8.388992"><ele>30.4</ele></trkpt>
      <trkpt lat="56.086366" lon="8.389077"><ele>30.4</ele></trkpt>
      <trkpt lat="56.086445" lon="8.389105"><ele>30.4</ele></trkpt>
      <trkpt lat="56.087971" lon="8.388919"><ele>30.6</ele></trkpt>
      <trkpt lat="56.089891" lon="8.388701"><ele>30.1</ele></trkpt>
      <trkpt lat="56.089083" lon="8.378504"><ele>21.7</ele></trkpt>
      <trkpt lat="56.089176" lon="8.378475"><ele>21.6</ele></trkpt>
      <trkpt lat="56.089350" lon="8.378322"><ele>21.3</ele></trkpt>
      <trkpt lat="56.090391" lon="8.378069"><ele>20.0</ele></trkpt>
      <trkpt lat="56.091388" lon="8.377828"><ele>18.8</ele></trkpt>
      <trkpt lat="56.091503" lon="8.377692"><ele>18.6</ele></trkpt>
      <trkpt lat="56.091599" lon="8.377501"><ele>18.5</ele></trkpt>
      <trkpt lat="56.091684" lon="8.377246"><ele>18.3</ele></trkpt>
      <trkpt lat="56.091788" lon="8.376560"><ele>17.8</ele></trkpt>
      <trkpt lat="56.091887" lon="8.375814"><ele>17.4</ele></trkpt>
      <trkpt lat="56.092512" lon="8.371428"><ele>15.1</ele></trkpt>
      <trkpt lat="56.092593" lon="8.370857"><ele>14.8</ele></trkpt>
      <trkpt lat="56.092700" lon="8.370150"><ele>14.5</ele></trkpt>
      <trkpt lat="56.092829" lon="8.369786"><ele>14.4</ele></trkpt>
      <trkpt lat="56.095784" lon="8.365474"><ele>12.8</ele></trkpt>
      <trkpt lat="56.095927" lon="8.365323"><ele>12.7</ele></trkpt>
      <trkpt lat="56.096092" lon="8.365309"><ele>12.7</ele></trkpt>
      <trkpt lat="56.096217" lon="8.365390"><ele>12.7</ele></trkpt>
      <trkpt lat="56.096317" lon="8.365539"><ele>12.7</ele></trkpt>
      <trkpt lat="56.096387" lon="8.365762"><ele>12.7</ele></trkpt>
      <trkpt lat="56.096409" lon="8.366061"><ele>12.6</ele></trkpt>
      <trkpt lat="56.096404" lon="8.367607"><ele>12.8</ele></trkpt>
      <trkpt lat="56.096547" lon="8.368196"><ele>12.9</ele></trkpt>
      <trkpt lat="56.096653" lon="8.368365"><ele>13.0</ele></trkpt>
      <trkpt lat="56.096857" lon="8.368514"><ele>13.0</ele></trkpt>
      <trkpt lat="56.097029" lon="8.368476"><ele>13.1</ele></trkpt>
      <trkpt lat="56.097173" lon="8.368330"><ele>13.1</ele></trkpt>
      <trkpt lat="56.099082" lon="8.364770"><ele>13.0</ele></trkpt>
      <trkpt lat="56.100673" lon="8.361776"><ele>12.2</ele></trkpt>
      <trkpt lat="56.100915" lon="8.360800"><ele>11.9</ele></trkpt>
      <trkpt lat="56.101165" lon="8.360145"><ele>11.7</ele></trkpt>
      <trkpt lat="56.105210" lon="8.352152"><ele>9.1</ele></trkpt>
      <trkpt lat="56.106500" lon="8.349612"><ele>8.9</ele></trkpt>
      <trkpt lat="56.106768" lon="8.349205"><ele>8.8</ele></trkpt>
      <trkpt lat="56.107050" lon="8.348880"><ele>8.8</ele></trkpt>
      <trkpt lat="56.107197" lon="8.348760"><ele>8.8</ele></trkpt>
      <trkpt lat="56.107650" lon="8.348367"><ele>8.9</ele></trkpt>
      <trkpt lat="56.107816" lon="8.348103"><ele>8.9</ele></trkpt>
      <trkpt lat="56.108236" lon="8.347020"><ele>8.9</ele></trkpt>
      <trkpt lat="56.108436" lon="8.346512"><ele>8.9</ele></trkpt>
      <trkpt lat="56.109323" lon="8.344325"><ele>8.8</ele></trkpt>
      <trkpt lat="56.110192" lon="8.342167"><ele>8.2</ele></trkpt>
      <trkpt lat="56.110966" lon="8.340632"><ele>7.9</ele></trkpt>
      <trkpt lat="56.110984" lon="8.340462"><ele>7.9</ele></trkpt>
      <trkpt lat="56.110954" lon="8.340271"><ele>7.9</ele></trkpt>
      <trkpt lat="56.110391" lon="8.339542"><ele>7.7</ele></trkpt>
      <trkpt lat="56.110346" lon="8.339343"><ele>7.6</ele></trkpt>
      <trkpt lat="56.110350" lon="8.339147"><ele>7.6</ele></trkpt>
      <trkpt lat="56.111129" lon="8.335883"><ele>7.1</ele></trkpt>
      <trkpt lat="56.111256" lon="8.335238"><ele>7.0</ele></trkpt>
      <trkpt lat="56.111697" lon="8.332317"><ele>7.0</ele></trkpt>
      <trkpt lat="56.111723" lon="8.331640"><ele>7.1</ele></trkpt>
      <trkpt lat="56.111701" lon="8.330861"><ele>7.2</ele></trkpt>
      <trkpt lat="56.111632" lon="8.330043"><ele>7.6</ele></trkpt>
      <trkpt lat="56.111481" lon="8.328902"><ele>8.3</ele></trkpt>
      <trkpt lat="56.111201" lon="8.327626"><ele>9.2</ele></trkpt>
      <trkpt lat="56.111152" lon="8.327401"><ele>9.4</ele></trkpt>
      <trkpt lat="56.111110" lon="8.327006"><ele>9.6</ele></trkpt>
      <trkpt lat="56.111090" lon="8.326458"><ele>9.9</ele></trkpt>
      <trkpt lat="56.111063" lon="8.326090"><ele>10.1</ele></trkpt>
      <trkpt lat="56.111167" lon="8.326258"><ele>10.2</ele></trkpt>
      <trkpt lat="56.111262" lon="8.326315"><ele>10.3</ele></trkpt>
      <trkpt lat="56.111341" lon="8.326329"><ele>10.4</ele></trkpt>
      <trkpt lat="56.111864" lon="8.326098"><ele>11.0</ele></trkpt>
      <trkpt lat="56.111629" lon="8.323706"><ele>12.6</ele></trkpt>
      <trkpt lat="56.111619" lon="8.323602"><ele>12.7</ele></trkpt>
      <trkpt lat="56.111478" lon="8.322167"><ele>13.5</ele></trkpt>
      <trkpt lat="56.111307" lon="8.320822"><ele>13.6</ele></trkpt>
      <trkpt lat="56.111198" lon="8.320854"><ele>13.6</ele></trkpt>
      <trkpt lat="56.111080" lon="8.320884"><ele>13.7</ele></trkpt>
      <trkpt lat="56.110894" lon="8.318264"><ele>13.0</ele></trkpt>
      <trkpt lat="56.110927" lon="8.318252"><ele>13.0</ele></trkpt>
      <trkpt lat="56.110961" lon="8.317236"><ele>12.6</ele></trkpt>
      <trkpt lat="56.110718" lon="8.316920"><ele>12.3</ele></trkpt>
      <trkpt lat="56.110956" lon="8.316313"><ele>12.2</ele></trkpt>
      <trkpt lat="56.111087" lon="8.315965"><ele>12.1</ele></trkpt>
      <trkpt lat="56.111233" lon="8.315583"><ele>12.0</ele></trkpt>
      <trkpt lat="56.111317" lon="8.315653"><ele>12.0</ele></trkpt>
      <trkpt lat="56.112093" lon="8.315902"><ele>11.7</ele></trkpt>
      <trkpt lat="56.112467" lon="8.316019"><ele>11.8</ele></trkpt>
      <trkpt lat="56.112799" lon="8.316123"><ele>12.0</ele></trkpt>
      <trkpt lat="56.113279" lon="8.316189"><ele>12.2</ele></trkpt>
      <trkpt lat="56.113949" lon="8.316206"><ele>12.3</ele></trkpt>
      <trkpt lat="56.114284" lon="8.316225"><ele>11.9</ele></trkpt>
      <trkpt lat="56.114371" lon="8.316242"><ele>11.8</ele></trkpt>
      <trkpt lat="56.114560" lon="8.316314"><ele>11.5</ele></trkpt>
      <trkpt lat="56.114749" lon="8.316441"><ele>11.2</ele></trkpt>
      <trkpt lat="56.115181" lon="8.316747"><ele>10.6</ele></trkpt>
      <trkpt lat="56.115787" lon="8.317087"><ele>9.8</ele></trkpt>
      <trkpt lat="56.116339" lon="8.317387"><ele>9.2</ele></trkpt>
      <trkpt lat="56.116580" lon="8.317459"><ele>9.0</ele></trkpt>
      <trkpt lat="56.116822" lon="8.317469"><ele>8.7</ele></trkpt>
      <trkpt lat="56.118924" lon="8.317113"><ele>8.7</ele></trkpt>
      <trkpt lat="56.120041" lon="8.316924"><ele>9.4</ele></trkpt>
      <trkpt lat="56.122554" lon="8.316484"><ele>11.7</ele></trkpt>
      <trkpt lat="56.123902" lon="8.316230"><ele>12.3</ele></trkpt>
      <trkpt lat="56.124876" lon="8.316057"><ele>12.5</ele></trkpt>
      <trkpt lat="56.125162" lon="8.315955"><ele>12.5</ele></trkpt>
      <trkpt lat="56.127284" lon="8.314735"><ele>12.5</ele></trkpt>
      <trkpt lat="56.127545" lon="8.314553"><ele>12.5</ele></trkpt>
      <trkpt lat="56.127856" lon="8.314248"><ele>12.5</ele></trkpt>
      <trkpt lat="56.127975" lon="8.314178"><ele>12.5</ele></trkpt>
      <trkpt lat="56.127973" lon="8.314094"><ele>12.5</ele></trkpt>
      <trkpt lat="56.128089" lon="8.314044"><ele>12.4</ele></trkpt>
      <trkpt lat="56.128408" lon="8.313736"><ele>12.2</ele></trkpt>
      <trkpt lat="56.131675" lon="8.310936"><ele>9.4</ele></trkpt>
      <trkpt lat="56.131834" lon="8.310847"><ele>9.3</ele></trkpt>
      <trkpt lat="56.131961" lon="8.310823"><ele>9.2</ele></trkpt>
      <trkpt lat="56.132565" lon="8.311051"><ele>8.7</ele></trkpt>
      <trkpt lat="56.133068" lon="8.309248"><ele>8.2</ele></trkpt>
      <trkpt lat="56.133214" lon="8.308872"><ele>8.1</ele></trkpt>
      <trkpt lat="56.133892" lon="8.307642"><ele>7.6</ele></trkpt>
      <trkpt lat="56.134113" lon="8.307234"><ele>7.3</ele></trkpt>
      <trkpt lat="56.134859" lon="8.305888"><ele>6.2</ele></trkpt>
      <trkpt lat="56.135086" lon="8.305294"><ele>5.8</ele></trkpt>
      <trkpt lat="56.135181" lon="8.304909"><ele>5.5</ele></trkpt>
      <trkpt lat="56.135480" lon="8.303156"><ele>4.2</ele></trkpt>
      <trkpt lat="56.135514" lon="8.302712"><ele>3.9</ele></trkpt>
      <trkpt lat="56.136927" lon="8.302440"><ele>3.0</ele></trkpt>
      <trkpt lat="56.137117" lon="8.302446"><ele>2.9</ele></trkpt>
      <trkpt lat="56.137292" lon="8.302504"><ele>2.8</ele></trkpt>
      <trkpt lat="56.137426" lon="8.302545"><ele>2.8</ele></trkpt>
      <trkpt lat="56.137511" lon="8.302567"><ele>2.9</ele></trkpt>
      <trkpt lat="56.138621" lon="8.302926"><ele>4.2</ele></trkpt>
      <trkpt lat="56.141744" lon="8.303913"><ele>8.0</ele></trkpt>
      <trkpt lat="56.141751" lon="8.303585"><ele>8.2</ele></trkpt>
      <trkpt lat="56.141839" lon="8.303465"><ele>8.3</ele></trkpt>
      <trkpt lat="56.141940" lon="8.303201"><ele>8.4</ele></trkpt>
      <trkpt lat="56.142022" lon="8.302559"><ele>8.7</ele></trkpt>
      <trkpt lat="56.142087" lon="8.301908"><ele>8.8</ele></trkpt>
      <trkpt lat="56.142218" lon="8.301236"><ele>8.7</ele></trkpt>
      <trkpt lat="56.142166" lon="8.301150"><ele>8.7</ele></trkpt>
      <trkpt lat="56.141950" lon="8.301027"><ele>8.7</ele></trkpt>
      <trkpt lat="56.141997" lon="8.300612"><ele>8.6</ele></trkpt>
      <trkpt lat="56.141973" lon="8.300271"><ele>8.6</ele></trkpt>
      <trkpt lat="56.142200" lon="8.300295"><ele>8.5</ele></trkpt>
      <trkpt lat="56.142285" lon="8.300234"><ele>8.5</ele></trkpt>
      <trkpt lat="56.142392" lon="8.300092"><ele>8.5</ele></trkpt>
      <trkpt lat="56.142530" lon="8.299737"><ele>8.4</ele></trkpt>
      <trkpt lat="56.142613" lon="8.299327"><ele>8.4</ele></trkpt>
      <trkpt lat="56.142273" lon="8.298959"><ele>8.2</ele></trkpt>
      <trkpt lat="56.141951" lon="8.298738"><ele>8.1</ele></trkpt>
      <trkpt lat="56.141734" lon="8.298488"><ele>8.1</ele></trkpt>
      <trkpt lat="56.141716" lon="8.298221"><ele>8.0</ele></trkpt>
      <trkpt lat="56.141790" lon="8.297949"><ele>8.0</ele></trkpt>
      <trkpt lat="56.142080" lon="8.297509"><ele>7.9</ele></trkpt>
      <trkpt lat="56.142224" lon="8.297006"><ele>7.9</ele></trkpt>
      <trkpt lat="56.142240" lon="8.296646"><ele>7.9</ele></trkpt>
      <trkpt lat="56.142305" lon="8.296310"><ele>7.9</ele></trkpt>
      <trkpt lat="56.142398" lon="8.295026"><ele>7.8</ele></trkpt>
      <trkpt lat="56.143418" lon="8.295281"><ele>8.0</ele></trkpt>
      <trkpt lat="56.143431" lon="8.295165"><ele>8.0</ele></trkpt>
      <trkpt lat="56.143480" lon="8.294733"><ele>8.1</ele></trkpt>
      <trkpt lat="56.143578" lon="8.293822"><ele>8.1</ele></trkpt>
      <trkpt lat="56.143725" lon="8.292450"><ele>8.2</ele></trkpt>
      <trkpt lat="56.143813" lon="8.291627"><ele>8.2</ele></trkpt>
      <trkpt lat="56.144026" lon="8.290080"><ele>7.9</ele></trkpt>
      <trkpt lat="56.144044" lon="8.289952"><ele>7.8</ele></trkpt>
      <trkpt lat="56.144350" lon="8.287927"><ele>6.9</ele></trkpt>
      <trkpt lat="56.144428" lon="8.287404"><ele>6.8</ele></trkpt>
      <trkpt lat="56.144477" lon="8.287077"><ele>6.7</ele></trkpt>
      <trkpt lat="56.144516" lon="8.286817"><ele>6.7</ele></trkpt>
      <trkpt lat="56.144569" lon="8.286465"><ele>6.6</ele></trkpt>
      <trkpt lat="56.144729" lon="8.285516"><ele>6.5</ele></trkpt>
      <trkpt lat="56.144854" lon="8.284876"><ele>6.4</ele></trkpt>
      <trkpt lat="56.144963" lon="8.284319"><ele>6.4</ele></trkpt>
      <trkpt lat="56.145006" lon="8.284111"><ele>6.4</ele></trkpt>
      <trkpt lat="56.145066" lon="8.283829"><ele>6.4</ele></trkpt>
      <trkpt lat="56.145172" lon="8.283291"><ele>6.5</ele></trkpt>
      <trkpt lat="56.145185" lon="8.283226"><ele>6.5</ele></trkpt>
      <trkpt lat="56.145279" lon="8.282766"><ele>6.5</ele></trkpt>
      <trkpt lat="56.145348" lon="8.282481"><ele>6.5</ele></trkpt>
      <trkpt lat="56.145505" lon="8.281814"><ele>6.6</ele></trkpt>
      <trkpt lat="56.145485" lon="8.281313"><ele>6.6</ele></trkpt>
      <trkpt lat="56.145589" lon="8.281260"><ele>6.5</ele></trkpt>
      <trkpt lat="56.145636" lon="8.281237"><ele>6.5</ele></trkpt>
      <trkpt lat="56.145685" lon="8.281151"><ele>6.5</ele></trkpt>
      <trkpt lat="56.145812" lon="8.280698"><ele>6.4</ele></trkpt>
      <trkpt lat="56.145875" lon="8.280472"><ele>6.3</ele></trkpt>
      <trkpt lat="56.146461" lon="8.278730"><ele>5.9</ele></trkpt>
      <trkpt lat="56.146550" lon="8.278508"><ele>5.8</ele></trkpt>
      <trkpt lat="56.147042" lon="8.277755"><ele>5.2</ele></trkpt>
      <trkpt lat="56.147329" lon="8.277239"><ele>4.9</ele></trkpt>
      <trkpt lat="56.148634" lon="8.274797"><ele>3.6</ele></trkpt>
      <trkpt lat="56.149133" lon="8.273863"><ele>3.4</ele></trkpt>
      <trkpt lat="56.149625" lon="8.272942"><ele>3.3</ele></trkpt>
      <trkpt lat="56.150087" lon="8.272685"><ele>3.2</ele></trkpt>
      <trkpt lat="56.150199" lon="8.272554"><ele>3.2</ele></trkpt>
      <trkpt lat="56.150538" lon="8.271678"><ele>3.1</ele></trkpt>
      <trkpt lat="56.151688" lon="8.269604"><ele>2.8</ele></trkpt>
      <trkpt lat="56.152015" lon="8.268926"><ele>2.8</ele></trkpt>
      <trkpt lat="56.152273" lon="8.268392"><ele>2.7</ele></trkpt>
      <trkpt lat="56.152414" lon="8.268219"><ele>2.7</ele></trkpt>
      <trkpt lat="56.152554" lon="8.268048"><ele>2.7</ele></trkpt>
      <trkpt lat="56.152679" lon="8.267895"><ele>2.7</ele></trkpt>
      <trkpt lat="56.153024" lon="8.267435"><ele>2.5</ele></trkpt>
      <trkpt lat="56.153570" lon="8.266546"><ele>2.3</ele></trkpt>
      <trkpt lat="56.153964" lon="8.266568"><ele>2.1</ele></trkpt>
      <trkpt lat="56.154042" lon="8.266409"><ele>2.1</ele></trkpt>
      <trkpt lat="56.154120" lon="8.266251"><ele>2.1</ele></trkpt>
      <trkpt lat="56.154347" lon="8.265366"><ele>2.0</ele></trkpt>
      <trkpt lat="56.154818" lon="8.263857"><ele>1.8</ele></trkpt>
      <trkpt lat="56.155186" lon="8.263143"><ele>1.7</ele></trkpt>
      <trkpt lat="56.155542" lon="8.262791"><ele>1.5</ele></trkpt>
      <trkpt lat="56.155615" lon="8.262616"><ele>1.5</ele></trkpt>
      <trkpt lat="56.155577" lon="8.262025"><ele>1.3</ele></trkpt>
      <trkpt lat="56.155589" lon="8.261804"><ele>1.3</ele></trkpt>
      <trkpt lat="56.156962" lon="8.258048"><ele>0.2</ele></trkpt>
      <trkpt lat="56.157049" lon="8.257952"><ele>0.2</ele></trkpt>
      <trkpt lat="56.157206" lon="8.257947"><ele>0.1</ele></trkpt>
      <trkpt lat="56.157475" lon="8.258116"><ele>0.1</ele></trkpt>
      <trkpt lat="56.158290" lon="8.259283"><ele>-0.1</ele></trkpt>
      <trkpt lat="56.159002" lon="8.260175"><ele>-0.2</ele></trkpt>
      <trkpt lat="56.160895" lon="8.261695"><ele>-0.3</ele></trkpt>
      <trkpt lat="56.161229" lon="8.261739"><ele>-0.3</ele></trkpt>
      <trkpt lat="56.161960" lon="8.261769"><ele>-0.3</ele></trkpt>
      <trkpt lat="56.162132" lon="8.261639"><ele>-0.3</ele></trkpt>
      <trkpt lat="56.162413" lon="8.261200"><ele>-0.3</ele></trkpt>
      <trkpt lat="56.162748" lon="8.260753"><ele>-0.3</ele></trkpt>
      <trkpt lat="56.162834" lon="8.260696"><ele>-0.3</ele></trkpt>
      <trkpt lat="56.163849" lon="8.260352"><ele>-0.2</ele></trkpt>
      <trkpt lat="56.163926" lon="8.260340"><ele>-0.2</ele></trkpt>
      <trkpt lat="56.163995" lon="8.259733"><ele>-0.2</ele></trkpt>
      <trkpt lat="56.164077" lon="8.257744"><ele>-0.2</ele></trkpt>
      <trkpt lat="56.164107" lon="8.257653"><ele>-0.3</ele></trkpt>
      <trkpt lat="56.164581" lon="8.257543"><ele>-0.3</ele></trkpt>
      <trkpt lat="56.165117" lon="8.257515"><ele>-0.4</ele></trkpt>
      <trkpt lat="56.165292" lon="8.257480"><ele>-0.4</ele></trkpt>
      <trkpt lat="56.165387" lon="8.257419"><ele>-0.4</ele></trkpt>
      <trkpt lat="56.165478" lon="8.257305"><ele>-0.4</ele></trkpt>
      <trkpt lat="56.165503" lon="8.257169"><ele>-0.4</ele></trkpt>
      <trkpt lat="56.165611" lon="8.255773"><ele>-0.5</ele></trkpt>
      <trkpt lat="56.165649" lon="8.255665"><ele>-0.5</ele></trkpt>
      <trkpt lat="56.165720" lon="8.255572"><ele>-0.5</ele></trkpt>
      <trkpt lat="56.165827" lon="8.255483"><ele>-0.5</ele></trkpt>
      <trkpt lat="56.166681" lon="8.255210"><ele>-0.6</ele></trkpt>
      <trkpt lat="56.167316" lon="8.254957"><ele>-0.5</ele></trkpt>
      <trkpt lat="56.167518" lon="8.254885"><ele>-0.5</ele></trkpt>
      <trkpt lat="56.167694" lon="8.254856"><ele>-0.5</ele></trkpt>
      <trkpt lat="56.167769" lon="8.254881"><ele>-0.5</ele></trkpt>
      <trkpt lat="56.167836" lon="8.255051"><ele>-0.4</ele></trkpt>
      <trkpt lat="56.167948" lon="8.255203"><ele>-0.4</ele></trkpt>
      <trkpt lat="56.168082" lon="8.255844"><ele>-0.4</ele></trkpt>
      <trkpt lat="56.168153" lon="8.256081"><ele>-0.3</ele></trkpt>
      <trkpt lat="56.168640" lon="8.257235"><ele>-0.2</ele></trkpt>
      <trkpt lat="56.168807" lon="8.257475"><ele>-0.2</ele></trkpt>
      <trkpt lat="56.168894" lon="8.257429"><ele>-0.1</ele></trkpt>
      <trkpt lat="56.168918" lon="8.257305"><ele>-0.1</ele></trkpt>
      <trkpt lat="56.170243" lon="8.254612"><ele>-0.0</ele></trkpt>
      <trkpt lat="56.170292" lon="8.254536"><ele>-0.0</ele></trkpt>
      <trkpt lat="56.170354" lon="8.254527"><ele>-0.0</ele></trkpt>
      <trkpt lat="56.171664" lon="8.255766"><ele>-0.3</ele></trkpt>
      <trkpt lat="56.172122" lon="8.256142"><ele>-0.3</ele></trkpt>
      <trkpt lat="56.172801" lon="8.256614"><ele>-0.0</ele></trkpt>
      <trkpt lat="56.173469" lon="8.257172"><ele>0.3</ele></trkpt>
      <trkpt lat="56.173803" lon="8.257471"><ele>0.3</ele></trkpt>
      <trkpt lat="56.173532" lon="8.258560"><ele>0.4</ele></trkpt>
      <trkpt lat="56.173803" lon="8.257471"><ele>0.5</ele></trkpt>
      <trkpt lat="56.173812" lon="8.257439"><ele>0.5</ele></trkpt>
      <trkpt lat="56.175391" lon="8.251158"><ele>1.1</ele></trkpt>
      <trkpt lat="56.175523" lon="8.250582"><ele>1.2</ele></trkpt>
      <trkpt lat="56.176059" lon="8.247809"><ele>1.9</ele></trkpt>
      <trkpt lat="56.176307" lon="8.246595"><ele>2.2</ele></trkpt>
      <trkpt lat="56.176488" lon="8.245715"><ele>2.4</ele></trkpt>
      <trkpt lat="56.176996" lon="8.243248"><ele>2.7</ele></trkpt>
      <trkpt lat="56.177272" lon="8.241898"><ele>2.7</ele></trkpt>
      <trkpt lat="56.177757" lon="8.239592"><ele>2.5</ele></trkpt>
      <trkpt lat="56.178157" lon="8.237672"><ele>2.3</ele></trkpt>
      <trkpt lat="56.178708" lon="8.235122"><ele>2.1</ele></trkpt>
      <trkpt lat="56.178877" lon="8.234560"><ele>2.0</ele></trkpt>
      <trkpt lat="56.179270" lon="8.233450"><ele>1.9</ele></trkpt>
      <trkpt lat="56.179450" lon="8.233091"><ele>1.8</ele></trkpt>
      <trkpt lat="56.179608" lon="8.232865"><ele>1.8</ele></trkpt>
      <trkpt lat="56.179804" lon="8.232617"><ele>1.8</ele></trkpt>
      <trkpt lat="56.180004" lon="8.232448"><ele>1.8</ele></trkpt>
      <trkpt lat="56.180531" lon="8.232087"><ele>1.8</ele></trkpt>
      <trkpt lat="56.182313" lon="8.230881"><ele>1.9</ele></trkpt>
      <trkpt lat="56.183594" lon="8.229992"><ele>1.8</ele></trkpt>
      <trkpt lat="56.183946" lon="8.229715"><ele>1.8</ele></trkpt>
      <trkpt lat="56.184283" lon="8.229451"><ele>1.7</ele></trkpt>
      <trkpt lat="56.185409" lon="8.228409"><ele>1.0</ele></trkpt>
      <trkpt lat="56.186043" lon="8.228042"><ele>0.6</ele></trkpt>
      <trkpt lat="56.186809" lon="8.227640"><ele>0.0</ele></trkpt>
      <trkpt lat="56.187423" lon="8.227196"><ele>-0.4</ele></trkpt>
      <trkpt lat="56.187628" lon="8.227012"><ele>-0.6</ele></trkpt>
      <trkpt lat="56.187792" lon="8.226806"><ele>-0.6</ele></trkpt>
      <trkpt lat="56.187915" lon="8.226599"><ele>-0.6</ele></trkpt>
      <trkpt lat="56.188035" lon="8.226318"><ele>-0.7</ele></trkpt>
      <trkpt lat="56.188846" lon="8.223769"><ele>-0.5</ele></trkpt>
      <trkpt lat="56.188880" lon="8.223670"><ele>-0.4</ele></trkpt>
      <trkpt lat="56.188981" lon="8.223362"><ele>-0.3</ele></trkpt>
      <trkpt lat="56.189269" lon="8.222411"><ele>0.2</ele></trkpt>
      <trkpt lat="56.189378" lon="8.221810"><ele>0.5</ele></trkpt>
      <trkpt lat="56.189415" lon="8.221451"><ele>0.7</ele></trkpt>
      <trkpt lat="56.189507" lon="8.218989"><ele>2.5</ele></trkpt>
      <trkpt lat="56.189487" lon="8.218752"><ele>2.7</ele></trkpt>
      <trkpt lat="56.189396" lon="8.218360"><ele>3.0</ele></trkpt>
      <trkpt lat="56.189443" lon="8.218149"><ele>3.1</ele></trkpt>
      <trkpt lat="56.189541" lon="8.218020"><ele>3.1</ele></trkpt>
      <trkpt lat="56.190625" lon="8.218346"><ele>3.1</ele></trkpt>
      <trkpt lat="56.190681" lon="8.218364"><ele>3.1</ele></trkpt>
      <trkpt lat="56.193205" lon="8.219135"><ele>2.6</ele></trkpt>
      <trkpt lat="56.193359" lon="8.218986"><ele>2.6</ele></trkpt>
      <trkpt lat="56.193538" lon="8.218889"><ele>2.7</ele></trkpt>
      <trkpt lat="56.194672" lon="8.218626"><ele>2.9</ele></trkpt>
      <trkpt lat="56.194851" lon="8.218669"><ele>2.9</ele></trkpt>
      <trkpt lat="56.194964" lon="8.218927"><ele>2.9</ele></trkpt>
      <trkpt lat="56.198017" lon="8.219329"><ele>2.9</ele></trkpt>
      <trkpt lat="56.198022" lon="8.219256"><ele>2.9</ele></trkpt>
      <trkpt lat="56.198091" lon="8.218338"><ele>3.2</ele></trkpt>
      <trkpt lat="56.198134" lon="8.217791"><ele>3.3</ele></trkpt>
      <trkpt lat="56.198183" lon="8.217135"><ele>3.5</ele></trkpt>
      <trkpt lat="56.198218" lon="8.216743"><ele>3.7</ele></trkpt>
      <trkpt lat="56.198259" lon="8.216456"><ele>3.8</ele></trkpt>
      <trkpt lat="56.198302" lon="8.216180"><ele>3.8</ele></trkpt>
      <trkpt lat="56.198356" lon="8.215850"><ele>3.9</ele></trkpt>
      <trkpt lat="56.198383" lon="8.215685"><ele>4.0</ele></trkpt>
      <trkpt lat="56.198477" lon="8.215102"><ele>4.0</ele></trkpt>
      <trkpt lat="56.198557" lon="8.214613"><ele>4.0</ele></trkpt>
      <trkpt lat="56.198604" lon="8.214325"><ele>4.0</ele></trkpt>
      <trkpt lat="56.198637" lon="8.214125"><ele>4.0</ele></trkpt>
      <trkpt lat="56.198659" lon="8.213988"><ele>4.0</ele></trkpt>
      <trkpt lat="56.198686" lon="8.213838"><ele>4.0</ele></trkpt>
      <trkpt lat="56.198732" lon="8.213567"><ele>4.0</ele></trkpt>
      <trkpt lat="56.198739" lon="8.213528"><ele>4.0</ele></trkpt>
      <trkpt lat="56.198787" lon="8.213243"><ele>4.0</ele></trkpt>
      <trkpt lat="56.198800" lon="8.213165"><ele>4.0</ele></trkpt>
      <trkpt lat="56.198894" lon="8.212610"><ele>4.0</ele></trkpt>
      <trkpt lat="56.198923" lon="8.212441"><ele>4.0</ele></trkpt>
      <trkpt lat="56.198947" lon="8.212301"><ele>3.9</ele></trkpt>
      <trkpt lat="56.198998" lon="8.212009"><ele>3.9</ele></trkpt>
      <trkpt lat="56.199064" lon="8.211612"><ele>3.9</ele></trkpt>
      <trkpt lat="56.199118" lon="8.211283"><ele>3.8</ele></trkpt>
      <trkpt lat="56.199222" lon="8.210658"><ele>3.7</ele></trkpt>
      <trkpt lat="56.199256" lon="8.210455"><ele>3.7</ele></trkpt>
      <trkpt lat="56.199373" lon="8.209756"><ele>3.6</ele></trkpt>
      <trkpt lat="56.199389" lon="8.209660"><ele>3.6</ele></trkpt>
      <trkpt lat="56.199436" lon="8.209389"><ele>3.6</ele></trkpt>
      <trkpt lat="56.199584" lon="8.208528"><ele>3.5</ele></trkpt>
      <trkpt lat="56.199747" lon="8.207573"><ele>3.5</ele></trkpt>
      <trkpt lat="56.199901" lon="8.206656"><ele>3.4</ele></trkpt>
      <trkpt lat="56.200035" lon="8.205858"><ele>3.3</ele></trkpt>
      <trkpt lat="56.200155" lon="8.205925"><ele>3.2</ele></trkpt>
      <trkpt lat="56.200295" lon="8.205988"><ele>3.2</ele></trkpt>
      <trkpt lat="56.200363" lon="8.206012"><ele>3.2</ele></trkpt>
      <trkpt lat="56.200394" lon="8.206025"><ele>3.2</ele></trkpt>
      <trkpt lat="56.200817" lon="8.206198"><ele>3.1</ele></trkpt>
      <trkpt lat="56.201654" lon="8.206789"><ele>2.9</ele></trkpt>
      <trkpt lat="56.201948" lon="8.206938"><ele>2.8</ele></trkpt>
      <trkpt lat="56.202369" lon="8.207049"><ele>2.8</ele></trkpt>
      <trkpt lat="56.202681" lon="8.207086"><ele>2.7</ele></trkpt>
      <trkpt lat="56.202959" lon="8.207098"><ele>2.7</ele></trkpt>
      <trkpt lat="56.203355" lon="8.207019"><ele>2.7</ele></trkpt>
      <trkpt lat="56.203567" lon="8.207053"><ele>2.8</ele></trkpt>
      <trkpt lat="56.203685" lon="8.207123"><ele>2.8</ele></trkpt>
      <trkpt lat="56.204116" lon="8.207381"><ele>2.8</ele></trkpt>
      <trkpt lat="56.206677" lon="8.208813"><ele>3.2</ele></trkpt>
      <trkpt lat="56.207068" lon="8.208998"><ele>3.5</ele></trkpt>
      <trkpt lat="56.207336" lon="8.208909"><ele>3.7</ele></trkpt>
      <trkpt lat="56.208267" lon="8.208418"><ele>4.2</ele></trkpt>
      <trkpt lat="56.208730" lon="8.208255"><ele>4.6</ele></trkpt>
      <trkpt lat="56.209044" lon="8.208245"><ele>4.8</ele></trkpt>
      <trkpt lat="56.210154" lon="8.208344"><ele>5.6</ele></trkpt>
      <trkpt lat="56.210346" lon="8.208396"><ele>5.6</ele></trkpt>
      <trkpt lat="56.216826" lon="8.209252"><ele>6.9</ele></trkpt>
      <trkpt lat="56.217278" lon="8.209411"><ele>6.9</ele></trkpt>
      <trkpt lat="56.217786" lon="8.209753"><ele>6.4</ele></trkpt>
      <trkpt lat="56.218018" lon="8.209908"><ele>6.2</ele></trkpt>
      <trkpt lat="56.218335" lon="8.210045"><ele>6.0</ele></trkpt>
      <trkpt lat="56.218644" lon="8.210120"><ele>5.7</ele></trkpt>
      <trkpt lat="56.219195" lon="8.210139"><ele>5.3</ele></trkpt>
      <trkpt lat="56.219913" lon="8.210200"><ele>5.1</ele></trkpt>
      <trkpt lat="56.221290" lon="8.210009"><ele>4.7</ele></trkpt>
      <trkpt lat="56.221873" lon="8.209936"><ele>4.7</ele></trkpt>
      <trkpt lat="56.223836" lon="8.209694"><ele>4.5</ele></trkpt>
      <trkpt lat="56.224064" lon="8.209664"><ele>4.5</ele></trkpt>
      <trkpt lat="56.225432" lon="8.209416"><ele>4.3</ele></trkpt>
      <trkpt lat="56.227919" lon="8.209070"><ele>4.0</ele></trkpt>
      <trkpt lat="56.230063" lon="8.208778"><ele>4.8</ele></trkpt>
      <trkpt lat="56.231360" lon="8.208609"><ele>5.7</ele></trkpt>
      <trkpt lat="56.231491" lon="8.208708"><ele>5.8</ele></trkpt>
      <trkpt lat="56.231864" lon="8.208564"><ele>6.0</ele></trkpt>
      <trkpt lat="56.231940" lon="8.208518"><ele>6.0</ele></trkpt>
      <trkpt lat="56.232228" lon="8.208309"><ele>6.1</ele></trkpt>
      <trkpt lat="56.232293" lon="8.208262"><ele>6.1</ele></trkpt>
      <trkpt lat="56.232577" lon="8.208055"><ele>6.2</ele></trkpt>
      <trkpt lat="56.232800" lon="8.207888"><ele>6.3</ele></trkpt>
      <trkpt lat="56.232999" lon="8.207738"><ele>6.4</ele></trkpt>
      <trkpt lat="56.233037" lon="8.207710"><ele>6.4</ele></trkpt>
      <trkpt lat="56.233246" lon="8.207486"><ele>6.5</ele></trkpt>
      <trkpt lat="56.233363" lon="8.207324"><ele>6.4</ele></trkpt>
      <trkpt lat="56.233924" lon="8.206299"><ele>6.1</ele></trkpt>
      <trkpt lat="56.234207" lon="8.205630"><ele>6.0</ele></trkpt>
      <trkpt lat="56.234331" lon="8.205242"><ele>5.9</ele></trkpt>
      <trkpt lat="56.234351" lon="8.205181"><ele>5.8</ele></trkpt>
      <trkpt lat="56.234632" lon="8.205447"><ele>5.8</ele></trkpt>
      <trkpt lat="56.234351" lon="8.205181"><ele>5.7</ele></trkpt>
      <trkpt lat="56.234498" lon="8.204362"><ele>5.6</ele></trkpt>
      <trkpt lat="56.234531" lon="8.203981"><ele>5.5</ele></trkpt>
      <trkpt lat="56.234539" lon="8.203583"><ele>5.5</ele></trkpt>
      <trkpt lat="56.234456" lon="8.202349"><ele>5.3</ele></trkpt>
      <trkpt lat="56.234448" lon="8.202155"><ele>5.3</ele></trkpt>
      <trkpt lat="56.234450" lon="8.201856"><ele>5.2</ele></trkpt>
      <trkpt lat="56.234453" lon="8.201807"><ele>5.2</ele></trkpt>
      <trkpt lat="56.234468" lon="8.201551"><ele>5.2</ele></trkpt>
      <trkpt lat="56.234474" lon="8.201454"><ele>5.2</ele></trkpt>
      <trkpt lat="56.234561" lon="8.200397"><ele>5.1</ele></trkpt>
      <trkpt lat="56.234678" lon="8.199483"><ele>4.9</ele></trkpt>
      <trkpt lat="56.234696" lon="8.199374"><ele>4.8</ele></trkpt>
      <trkpt lat="56.234719" lon="8.199266"><ele>4.8</ele></trkpt>
      <trkpt lat="56.234828" lon="8.198779"><ele>4.6</ele></trkpt>
      <trkpt lat="56.234943" lon="8.198335"><ele>4.4</ele></trkpt>
      <trkpt lat="56.235074" lon="8.197828"><ele>4.1</ele></trkpt>
      <trkpt lat="56.235083" lon="8.197795"><ele>4.1</ele></trkpt>
      <trkpt lat="56.235134" lon="8.197592"><ele>4.0</ele></trkpt>
      <trkpt lat="56.235181" lon="8.197412"><ele>4.0</ele></trkpt>
      <trkpt lat="56.235391" lon="8.196706"><ele>3.6</ele></trkpt>
      <trkpt lat="56.235409" lon="8.196645"><ele>3.6</ele></trkpt>
      <trkpt lat="56.235522" lon="8.196265"><ele>3.4</ele></trkpt>
      <trkpt lat="56.235582" lon="8.196062"><ele>3.3</ele></trkpt>
      <trkpt lat="56.235630" lon="8.195916"><ele>3.2</ele></trkpt>
      <trkpt lat="56.235683" lon="8.195776"><ele>3.1</ele></trkpt>
      <trkpt lat="56.235804" lon="8.195456"><ele>3.0</ele></trkpt>
      <trkpt lat="56.235835" lon="8.195390"><ele>2.9</ele></trkpt>
      <trkpt lat="56.235845" lon="8.195368"><ele>2.9</ele></trkpt>
      <trkpt lat="56.235904" lon="8.195220"><ele>2.8</ele></trkpt>
      <trkpt lat="56.236046" lon="8.194872"><ele>2.6</ele></trkpt>
      <trkpt lat="56.236140" lon="8.194641"><ele>2.5</ele></trkpt>
      <trkpt lat="56.236161" lon="8.194588"><ele>2.5</ele></trkpt>
      <trkpt lat="56.236522" lon="8.193686"><ele>2.2</ele></trkpt>
      <trkpt lat="56.236605" lon="8.193479"><ele>2.2</ele></trkpt>
      <trkpt lat="56.236698" lon="8.193280"><ele>2.2</ele></trkpt>
      <trkpt lat="56.236817" lon="8.193110"><ele>2.1</ele></trkpt>
      <trkpt lat="56.237084" lon="8.192864"><ele>2.1</ele></trkpt>
      <trkpt lat="56.237173" lon="8.192783"><ele>2.1</ele></trkpt>
      <trkpt lat="56.237617" lon="8.192375"><ele>2.0</ele></trkpt>
      <trkpt lat="56.237828" lon="8.192146"><ele>2.0</ele></trkpt>
      <trkpt lat="56.238572" lon="8.191434"><ele>2.4</ele></trkpt>
      <trkpt lat="56.239577" lon="8.190565"><ele>3.0</ele></trkpt>
      <trkpt lat="56.240509" lon="8.189752"><ele>3.6</ele></trkpt>
      <trkpt lat="56.241288" lon="8.189073"><ele>4.0</ele></trkpt>
      <trkpt lat="56.241345" lon="8.189025"><ele>4.0</ele></trkpt>
      <trkpt lat="56.241402" lon="8.188978"><ele>4.0</ele></trkpt>
      <trkpt lat="56.242587" lon="8.187944"><ele>4.2</ele></trkpt>
      <trkpt lat="56.242836" lon="8.187688"><ele>4.2</ele></trkpt>
      <trkpt lat="56.243634" lon="8.186692"><ele>4.3</ele></trkpt>
      <trkpt lat="56.244303" lon="8.185758"><ele>4.3</ele></trkpt>
      <trkpt lat="56.245150" lon="8.184313"><ele>4.3</ele></trkpt>
      <trkpt lat="56.245684" lon="8.183469"><ele>4.4</ele></trkpt>
      <trkpt lat="56.247073" lon="8.181436"><ele>4.8</ele></trkpt>
      <trkpt lat="56.247863" lon="8.180305"><ele>4.9</ele></trkpt>
      <trkpt lat="56.248328" lon="8.179596"><ele>4.8</ele></trkpt>
      <trkpt lat="56.248668" lon="8.179015"><ele>4.4</ele></trkpt>
      <trkpt lat="56.248931" lon="8.178644"><ele>4.2</ele></trkpt>
      <trkpt lat="56.249819" lon="8.177668"><ele>3.6</ele></trkpt>
      <trkpt lat="56.250219" lon="8.177108"><ele>3.4</ele></trkpt>
      <trkpt lat="56.250431" lon="8.176748"><ele>3.3</ele></trkpt>
      <trkpt lat="56.250715" lon="8.176104"><ele>3.2</ele></trkpt>
      <trkpt lat="56.250811" lon="8.175759"><ele>3.1</ele></trkpt>
      <trkpt lat="56.250940" lon="8.175163"><ele>3.0</ele></trkpt>
      <trkpt lat="56.251099" lon="8.174611"><ele>2.8</ele></trkpt>
      <trkpt lat="56.251502" lon="8.173566"><ele>2.5</ele></trkpt>
      <trkpt lat="56.251641" lon="8.173208"><ele>2.4</ele></trkpt>
      <trkpt lat="56.252068" lon="8.172102"><ele>2.2</ele></trkpt>
      <trkpt lat="56.252296" lon="8.171512"><ele>2.2</ele></trkpt>
      <trkpt lat="56.252473" lon="8.170934"><ele>2.2</ele></trkpt>
      <trkpt lat="56.252700" lon="8.169819"><ele>2.2</ele></trkpt>
      <trkpt lat="56.252707" lon="8.169780"><ele>2.2</ele></trkpt>
      <trkpt lat="56.251499" lon="8.168456"><ele>1.9</ele></trkpt>
      <trkpt lat="56.251466" lon="8.168368"><ele>1.9</ele></trkpt>
      <trkpt lat="56.251572" lon="8.168052"><ele>1.9</ele></trkpt>
      <trkpt lat="56.251549" lon="8.167725"><ele>1.8</ele></trkpt>
      <trkpt lat="56.251477" lon="8.167522"><ele>1.7</ele></trkpt>
      <trkpt lat="56.251539" lon="8.167260"><ele>1.7</ele></trkpt>
      <trkpt lat="56.251307" lon="8.166373"><ele>1.5</ele></trkpt>
      <trkpt lat="56.251250" lon="8.166224"><ele>1.4</ele></trkpt>
      <trkpt lat="56.251236" lon="8.164629"><ele>1.1</ele></trkpt>
      <trkpt lat="56.251159" lon="8.164295"><ele>1.0</ele></trkpt>
      <trkpt lat="56.251315" lon="8.163897"><ele>0.9</ele></trkpt>
      <trkpt lat="56.251521" lon="8.163145"><ele>0.6</ele></trkpt>
      <trkpt lat="56.252047" lon="8.160236"><ele>0.4</ele></trkpt>
      <trkpt lat="56.252235" lon="8.159188"><ele>0.5</ele></trkpt>
      <trkpt lat="56.254909" lon="8.160856"><ele>1.0</ele></trkpt>
      <trkpt lat="56.255136" lon="8.160053"><ele>1.1</ele></trkpt>
      <trkpt lat="56.256195" lon="8.156299"><ele>0.1</ele></trkpt>
      <trkpt lat="56.256381" lon="8.155876"><ele>0.1</ele></trkpt>
      <trkpt lat="56.256521" lon="8.155688"><ele>0.0</ele></trkpt>
      <trkpt lat="56.256748" lon="8.155500"><ele>-0.0</ele></trkpt>
      <trkpt lat="56.256852" lon="8.155452"><ele>-0.0</ele></trkpt>
      <trkpt lat="56.257980" lon="8.155308"><ele>-0.1</ele></trkpt>
      <trkpt lat="56.258116" lon="8.155264"><ele>-0.1</ele></trkpt>
      <trkpt lat="56.258255" lon="8.155165"><ele>-0.1</ele></trkpt>
      <trkpt lat="56.258313" lon="8.155903"><ele>-0.1</ele></trkpt>
      <trkpt lat="56.258716" lon="8.156812"><ele>-0.0</ele></trkpt>
      <trkpt lat="56.258742" lon="8.156913"><ele>-0.0</ele></trkpt>
      <trkpt lat="56.258864" lon="8.157706"><ele>-0.0</ele></trkpt>
      <trkpt lat="56.258918" lon="8.158297"><ele>0.0</ele></trkpt>
      <trkpt lat="56.258988" lon="8.158896"><ele>0.0</ele></trkpt>
      <trkpt lat="56.259095" lon="8.159233"><ele>0.0</ele></trkpt>
      <trkpt lat="56.259182" lon="8.159409"><ele>0.0</ele></trkpt>
      <trkpt lat="56.259233" lon="8.159509"><ele>0.0</ele></trkpt>
      <trkpt lat="56.259464" lon="8.159907"><ele>0.0</ele></trkpt>
      <trkpt lat="56.259780" lon="8.160312"><ele>0.1</ele></trkpt>
      <trkpt lat="56.260013" lon="8.160410"><ele>0.1</ele></trkpt>
      <trkpt lat="56.260663" lon="8.160484"><ele>0.2</ele></trkpt>
      <trkpt lat="56.260716" lon="8.160538"><ele>0.2</ele></trkpt>
      <trkpt lat="56.260751" lon="8.160677"><ele>0.2</ele></trkpt>
      <trkpt lat="56.260754" lon="8.160988"><ele>0.3</ele></trkpt>
      <trkpt lat="56.260751" lon="8.162347"><ele>0.4</ele></trkpt>
      <trkpt lat="56.260775" lon="8.168450"><ele>0.7</ele></trkpt>
      <trkpt lat="56.260811" lon="8.168616"><ele>0.7</ele></trkpt>
      <trkpt lat="56.260950" lon="8.168778"><ele>0.7</ele></trkpt>
      <trkpt lat="56.261947" lon="8.169109"><ele>0.8</ele></trkpt>
      <trkpt lat="56.262069" lon="8.169175"><ele>0.8</ele></trkpt>
      <trkpt lat="56.262148" lon="8.169268"><ele>0.8</ele></trkpt>
      <trkpt lat="56.262219" lon="8.169455"><ele>0.8</ele></trkpt>
      <trkpt lat="56.262439" lon="8.170715"><ele>0.9</ele></trkpt>
      <trkpt lat="56.262466" lon="8.171344"><ele>0.9</ele></trkpt>
      <trkpt lat="56.262437" lon="8.171632"><ele>0.9</ele></trkpt>
      <trkpt lat="56.261812" lon="8.175176"><ele>0.9</ele></trkpt>
      <trkpt lat="56.261794" lon="8.175362"><ele>0.9</ele></trkpt>
      <trkpt lat="56.261824" lon="8.175541"><ele>0.9</ele></trkpt>
      <trkpt lat="56.261890" lon="8.175695"><ele>0.9</ele></trkpt>
      <trkpt lat="56.263737" lon="8.177936"><ele>1.3</ele></trkpt>
      <trkpt lat="56.263810" lon="8.178082"><ele>1.3</ele></trkpt>
      <trkpt lat="56.263849" lon="8.178288"><ele>1.4</ele></trkpt>
      <trkpt lat="56.263827" lon="8.178496"><ele>1.4</ele></trkpt>
      <trkpt lat="56.262897" lon="8.182256"><ele>2.4</ele></trkpt>
      <trkpt lat="56.262452" lon="8.184051"><ele>2.4</ele></trkpt>
      <trkpt lat="56.262462" lon="8.184200"><ele>2.4</ele></trkpt>
      <trkpt lat="56.262522" lon="8.184256"><ele>2.4</ele></trkpt>
      <trkpt lat="56.262646" lon="8.184272"><ele>2.4</ele></trkpt>
      <trkpt lat="56.263795" lon="8.184068"><ele>2.2</ele></trkpt>
      <trkpt lat="56.264187" lon="8.184139"><ele>2.2</ele></trkpt>
      <trkpt lat="56.264758" lon="8.184497"><ele>2.1</ele></trkpt>
      <trkpt lat="56.264975" lon="8.184568"><ele>2.1</ele></trkpt>
      <trkpt lat="56.265536" lon="8.184629"><ele>2.4</ele></trkpt>
      <trkpt lat="56.266404" lon="8.184492"><ele>2.9</ele></trkpt>
      <trkpt lat="56.266667" lon="8.184511"><ele>3.1</ele></trkpt>
      <trkpt lat="56.266749" lon="8.184539"><ele>3.1</ele></trkpt>
      <trkpt lat="56.266980" lon="8.184716"><ele>3.3</ele></trkpt>
      <trkpt lat="56.267380" lon="8.185125"><ele>3.4</ele></trkpt>
      <trkpt lat="56.268054" lon="8.186083"><ele>3.6</ele></trkpt>
      <trkpt lat="56.268586" lon="8.186751"><ele>3.7</ele></trkpt>
      <trkpt lat="56.270701" lon="8.188849"><ele>4.6</ele></trkpt>
      <trkpt lat="56.270955" lon="8.189195"><ele>4.8</ele></trkpt>
      <trkpt lat="56.273712" lon="8.193888"><ele>7.2</ele></trkpt>
      <trkpt lat="56.274242" lon="8.192846"><ele>7.6</ele></trkpt>
      <trkpt lat="56.274478" lon="8.192425"><ele>7.7</ele></trkpt>
      <trkpt lat="56.274583" lon="8.192310"><ele>7.7</ele></trkpt>
      <trkpt lat="56.274595" lon="8.192292"><ele>7.7</ele></trkpt>
      <trkpt lat="56.274817" lon="8.191991"><ele>7.7</ele></trkpt>
      <trkpt lat="56.274901" lon="8.191948"><ele>7.8</ele></trkpt>
      <trkpt lat="56.274970" lon="8.191962"><ele>7.8</ele></trkpt>
      <trkpt lat="56.275379" lon="8.192410"><ele>7.9</ele></trkpt>
      <trkpt lat="56.275591" lon="8.192559"><ele>7.8</ele></trkpt>
      <trkpt lat="56.275689" lon="8.192617"><ele>7.7</ele></trkpt>
      <trkpt lat="56.276427" lon="8.188323"><ele>6.5</ele></trkpt>
      <trkpt lat="56.276333" lon="8.188256"><ele>6.4</ele></trkpt>
      <trkpt lat="56.276420" lon="8.187754"><ele>6.3</ele></trkpt>
      <trkpt lat="56.276333" lon="8.188256"><ele>6.1</ele></trkpt>
      <trkpt lat="56.276427" lon="8.188323"><ele>6.1</ele></trkpt>
      <trkpt lat="56.277019" lon="8.184944"><ele>6.2</ele></trkpt>
      <trkpt lat="56.277097" lon="8.184937"><ele>6.3</ele></trkpt>
      <trkpt lat="56.277326" lon="8.184929"><ele>6.5</ele></trkpt>
      <trkpt lat="56.277501" lon="8.184873"><ele>6.6</ele></trkpt>
      <trkpt lat="56.277549" lon="8.184835"><ele>6.7</ele></trkpt>
      <trkpt lat="56.277683" lon="8.184677"><ele>6.8</ele></trkpt>
      <trkpt lat="56.277784" lon="8.184460"><ele>7.0</ele></trkpt>
      <trkpt lat="56.277832" lon="8.184357"><ele>7.1</ele></trkpt>
      <trkpt lat="56.277988" lon="8.184024"><ele>7.3</ele></trkpt>
      <trkpt lat="56.277999" lon="8.183999"><ele>7.3</ele></trkpt>
      <trkpt lat="56.278448" lon="8.183311"><ele>7.9</ele></trkpt>
      <trkpt lat="56.278755" lon="8.182857"><ele>8.3</ele></trkpt>
      <trkpt lat="56.278789" lon="8.182806"><ele>8.4</ele></trkpt>
      <trkpt lat="56.279134" lon="8.182225"><ele>8.9</ele></trkpt>
      <trkpt lat="56.279434" lon="8.181625"><ele>9.4</ele></trkpt>
      <trkpt lat="56.279587" lon="8.181319"><ele>9.6</ele></trkpt>
      <trkpt lat="56.279681" lon="8.181132"><ele>9.7</ele></trkpt>
      <trkpt lat="56.279782" lon="8.180929"><ele>9.9</ele></trkpt>
      <trkpt lat="56.279983" lon="8.180528"><ele>10.2</ele></trkpt>
      <trkpt lat="56.280138" lon="8.180219"><ele>10.4</ele></trkpt>
      <trkpt lat="56.280280" lon="8.179936"><ele>10.6</ele></trkpt>
      <trkpt lat="56.280435" lon="8.179626"><ele>10.8</ele></trkpt>
      <trkpt lat="56.280560" lon="8.179376"><ele>11.0</ele></trkpt>
      <trkpt lat="56.280695" lon="8.179107"><ele>11.2</ele></trkpt>
      <trkpt lat="56.280715" lon="8.179067"><ele>11.2</ele></trkpt>
      <trkpt lat="56.280980" lon="8.178538"><ele>11.5</ele></trkpt>
      <trkpt lat="56.281215" lon="8.178067"><ele>11.7</ele></trkpt>
      <trkpt lat="56.281231" lon="8.177999"><ele>11.7</ele></trkpt>
      <trkpt lat="56.281300" lon="8.177708"><ele>11.8</ele></trkpt>
      <trkpt lat="56.281317" lon="8.177633"><ele>11.8</ele></trkpt>
      <trkpt lat="56.281413" lon="8.176867"><ele>12.1</ele></trkpt>
      <trkpt lat="56.281434" lon="8.176769"><ele>12.1</ele></trkpt>
      <trkpt lat="56.281453" lon="8.176703"><ele>12.2</ele></trkpt>
      <trkpt lat="56.281819" lon="8.177073"><ele>12.4</ele></trkpt>
      <trkpt lat="56.282115" lon="8.177441"><ele>12.4</ele></trkpt>
      <trkpt lat="56.282155" lon="8.177323"><ele>12.4</ele></trkpt>
      <trkpt lat="56.282143" lon="8.177311"><ele>12.4</ele></trkpt>
      <trkpt lat="56.282229" lon="8.177013"><ele>12.4</ele></trkpt>
      <trkpt lat="56.282239" lon="8.176971"><ele>12.4</ele></trkpt>
      <trkpt lat="56.282327" lon="8.176590"><ele>12.4</ele></trkpt>
      <trkpt lat="56.282456" lon="8.176050"><ele>12.4</ele></trkpt>
      <trkpt lat="56.282773" lon="8.174710"><ele>12.4</ele></trkpt>
      <trkpt lat="56.282829" lon="8.174468"><ele>12.5</ele></trkpt>
      <trkpt lat="56.282917" lon="8.174093"><ele>12.5</ele></trkpt>
      <trkpt lat="56.283102" lon="8.174171"><ele>12.5</ele></trkpt>
      <trkpt lat="56.283600" lon="8.174392"><ele>12.6</ele></trkpt>
      <trkpt lat="56.284339" lon="8.174830"><ele>12.9</ele></trkpt>
      <trkpt lat="56.284609" lon="8.174909"><ele>13.2</ele></trkpt>
      <trkpt lat="56.284866" lon="8.174952"><ele>13.5</ele></trkpt>
      <trkpt lat="56.285219" lon="8.174952"><ele>13.9</ele></trkpt>
      <trkpt lat="56.285493" lon="8.174228"><ele>14.5</ele></trkpt>
      <trkpt lat="56.285536" lon="8.173886"><ele>14.7</ele></trkpt>
      <trkpt lat="56.285839" lon="8.172863"><ele>14.8</ele></trkpt>
      <trkpt lat="56.286386" lon="8.171952"><ele>15.0</ele></trkpt>
      <trkpt lat="56.287052" lon="8.170490"><ele>14.9</ele></trkpt>
      <trkpt lat="56.287469" lon="8.168731"><ele>14.5</ele></trkpt>
      <trkpt lat="56.287811" lon="8.168135"><ele>14.5</ele></trkpt>
      <trkpt lat="56.288308" lon="8.167433"><ele>14.6</ele></trkpt>
      <trkpt lat="56.289138" lon="8.166527"><ele>14.5</ele></trkpt>
      <trkpt lat="56.289309" lon="8.166655"><ele>14.4</ele></trkpt>
      <trkpt lat="56.289464" lon="8.166590"><ele>14.3</ele></trkpt>
      <trkpt lat="56.289818" lon="8.166279"><ele>14.0</ele></trkpt>
      <trkpt lat="56.290112" lon="8.165812"><ele>13.7</ele></trkpt>
      <trkpt lat="56.290297" lon="8.164557"><ele>13.0</ele></trkpt>
      <trkpt lat="56.290470" lon="8.164053"><ele>12.6</ele></trkpt>
      <trkpt lat="56.290494" lon="8.163399"><ele>12.1</ele></trkpt>
      <trkpt lat="56.290642" lon="8.162390"><ele>11.4</ele></trkpt>
      <trkpt lat="56.290734" lon="8.162021"><ele>11.1</ele></trkpt>
      <trkpt lat="56.291743" lon="8.161180"><ele>9.9</ele></trkpt>
      <trkpt lat="56.291868" lon="8.161077"><ele>9.8</ele></trkpt>
      <trkpt lat="56.292181" lon="8.160864"><ele>9.5</ele></trkpt>
      <trkpt lat="56.292449" lon="8.160806"><ele>9.2</ele></trkpt>
      <trkpt lat="56.292568" lon="8.160753"><ele>9.1</ele></trkpt>
      <trkpt lat="56.292804" lon="8.160565"><ele>9.0</ele></trkpt>
      <trkpt lat="56.292938" lon="8.160396"><ele>8.9</ele></trkpt>
      <trkpt lat="56.293206" lon="8.159905"><ele>8.7</ele></trkpt>
      <trkpt lat="56.293648" lon="8.159531"><ele>8.4</ele></trkpt>
      <trkpt lat="56.293729" lon="8.159456"><ele>8.3</ele></trkpt>
      <trkpt lat="56.294078" lon="8.159124"><ele>8.2</ele></trkpt>
      <trkpt lat="56.294215" lon="8.158922"><ele>8.2</ele></trkpt>
      <trkpt lat="56.294349" lon="8.158637"><ele>8.3</ele></trkpt>
      <trkpt lat="56.294655" lon="8.157732"><ele>8.5</ele></trkpt>
      <trkpt lat="56.294735" lon="8.157557"><ele>8.5</ele></trkpt>
      <trkpt lat="56.294857" lon="8.157423"><ele>8.6</ele></trkpt>
      <trkpt lat="56.295389" lon="8.157183"><ele>8.7</ele></trkpt>
      <trkpt lat="56.295917" lon="8.157074"><ele>8.4</ele></trkpt>
      <trkpt lat="56.297019" lon="8.156729"><ele>8.0</ele></trkpt>
      <trkpt lat="56.297317" lon="8.156556"><ele>7.8</ele></trkpt>
      <trkpt lat="56.298139" lon="8.155950"><ele>7.2</ele></trkpt>
      <trkpt lat="56.297852" lon="8.153976"><ele>7.0</ele></trkpt>
      <trkpt lat="56.297737" lon="8.153493"><ele>7.2</ele></trkpt>
      <trkpt lat="56.297261" lon="8.151976"><ele>7.6</ele></trkpt>
      <trkpt lat="56.297249" lon="8.151838"><ele>7.6</ele></trkpt>
      <trkpt lat="56.297268" lon="8.151667"><ele>7.7</ele></trkpt>
      <trkpt lat="56.297313" lon="8.151540"><ele>7.7</ele></trkpt>
      <trkpt lat="56.297888" lon="8.150663"><ele>8.0</ele></trkpt>
      <trkpt lat="56.298854" lon="8.148975"><ele>8.4</ele></trkpt>
      <trkpt lat="56.299509" lon="8.147215"><ele>8.4</ele></trkpt>
      <trkpt lat="56.300218" lon="8.144378"><ele>8.5</ele></trkpt>
      <trkpt lat="56.300459" lon="8.143537"><ele>8.3</ele></trkpt>
      <trkpt lat="56.300551" lon="8.142613"><ele>8.0</ele></trkpt>
      <trkpt lat="56.300687" lon="8.141854"><ele>7.7</ele></trkpt>
      <trkpt lat="56.302248" lon="8.140845"><ele>6.3</ele></trkpt>
      <trkpt lat="56.303015" lon="8.140338"><ele>5.6</ele></trkpt>
      <trkpt lat="56.303782" lon="8.139831"><ele>5.3</ele></trkpt>
      <trkpt lat="56.304214" lon="8.139581"><ele>5.1</ele></trkpt>
      <trkpt lat="56.304318" lon="8.139434"><ele>5.1</ele></trkpt>
      <trkpt lat="56.305524" lon="8.137135"><ele>5.0</ele></trkpt>
      <trkpt lat="56.305578" lon="8.136991"><ele>5.1</ele></trkpt>
      <trkpt lat="56.306238" lon="8.135757"><ele>5.1</ele></trkpt>
      <trkpt lat="56.306329" lon="8.135661"><ele>5.1</ele></trkpt>
      <trkpt lat="56.306855" lon="8.135312"><ele>5.1</ele></trkpt>
      <trkpt lat="56.307383" lon="8.134870"><ele>5.0</ele></trkpt>
      <trkpt lat="56.308135" lon="8.134018"><ele>4.7</ele></trkpt>
      <trkpt lat="56.308417" lon="8.133608"><ele>4.5</ele></trkpt>
      <trkpt lat="56.308790" lon="8.132977"><ele>4.3</ele></trkpt>
      <trkpt lat="56.308951" lon="8.132618"><ele>4.2</ele></trkpt>
      <trkpt lat="56.309136" lon="8.131965"><ele>3.9</ele></trkpt>
      <trkpt lat="56.309293" lon="8.131654"><ele>3.8</ele></trkpt>
      <trkpt lat="56.309424" lon="8.131471"><ele>3.7</ele></trkpt>
      <trkpt lat="56.309543" lon="8.131389"><ele>3.6</ele></trkpt>
      <trkpt lat="56.309656" lon="8.131380"><ele>3.6</ele></trkpt>
      <trkpt lat="56.309798" lon="8.131446"><ele>3.5</ele></trkpt>
      <trkpt lat="56.310258" lon="8.131746"><ele>3.3</ele></trkpt>
      <trkpt lat="56.310589" lon="8.132072"><ele>3.1</ele></trkpt>
      <trkpt lat="56.310707" lon="8.132137"><ele>3.1</ele></trkpt>
      <trkpt lat="56.310952" lon="8.132148"><ele>3.0</ele></trkpt>
      <trkpt lat="56.311073" lon="8.132218"><ele>2.9</ele></trkpt>
      <trkpt lat="56.311285" lon="8.132463"><ele>2.8</ele></trkpt>
      <trkpt lat="56.311341" lon="8.132513"><ele>2.8</ele></trkpt>
      <trkpt lat="56.311418" lon="8.132575"><ele>2.8</ele></trkpt>
      <trkpt lat="56.311542" lon="8.132570"><ele>2.7</ele></trkpt>
      <trkpt lat="56.315616" lon="8.132226"><ele>2.1</ele></trkpt>
      <trkpt lat="56.316252" lon="8.132243"><ele>2.1</ele></trkpt>
      <trkpt lat="56.316611" lon="8.132208"><ele>2.0</ele></trkpt>
      <trkpt lat="56.316945" lon="8.132226"><ele>2.0</ele></trkpt>
      <trkpt lat="56.317273" lon="8.132160"><ele>2.0</ele></trkpt>
      <trkpt lat="56.317461" lon="8.132092"><ele>2.0</ele></trkpt>
      <trkpt lat="56.317555" lon="8.132128"><ele>2.0</ele></trkpt>
      <trkpt lat="56.317853" lon="8.132049"><ele>2.0</ele></trkpt>
      <trkpt lat="56.318463" lon="8.131920"><ele>1.9</ele></trkpt>
      <trkpt lat="56.319353" lon="8.131736"><ele>1.9</ele></trkpt>
      <trkpt lat="56.319434" lon="8.131720"><ele>1.9</ele></trkpt>
      <trkpt lat="56.320478" lon="8.131505"><ele>1.9</ele></trkpt>
      <trkpt lat="56.320573" lon="8.131460"><ele>1.9</ele></trkpt>
      <trkpt lat="56.320660" lon="8.131294"><ele>1.9</ele></trkpt>
      <trkpt lat="56.320849" lon="8.130589"><ele>1.9</ele></trkpt>
      <trkpt lat="56.320895" lon="8.130341"><ele>1.9</ele></trkpt>
      <trkpt lat="56.320968" lon="8.129473"><ele>1.8</ele></trkpt>
      <trkpt lat="56.321005" lon="8.129114"><ele>1.8</ele></trkpt>
      <trkpt lat="56.321247" lon="8.127651"><ele>1.8</ele></trkpt>
      <trkpt lat="56.321395" lon="8.127119"><ele>1.8</ele></trkpt>
      <trkpt lat="56.321527" lon="8.127013"><ele>1.8</ele></trkpt>
      <trkpt lat="56.321560" lon="8.126806"><ele>1.8</ele></trkpt>
      <trkpt lat="56.321707" lon="8.126258"><ele>1.8</ele></trkpt>
      <trkpt lat="56.321727" lon="8.126180"><ele>1.8</ele></trkpt>
      <trkpt lat="56.321867" lon="8.125625"><ele>1.9</ele></trkpt>
      <trkpt lat="56.322006" lon="8.125070"><ele>1.7</ele></trkpt>
      <trkpt lat="56.322063" lon="8.124855"><ele>1.7</ele></trkpt>
      <trkpt lat="56.322168" lon="8.124559"><ele>1.6</ele></trkpt>
      <trkpt lat="56.322272" lon="8.124402"><ele>1.5</ele></trkpt>
      <trkpt lat="56.322394" lon="8.124294"><ele>1.5</ele></trkpt>
      <trkpt lat="56.322526" lon="8.124242"><ele>1.4</ele></trkpt>
      <trkpt lat="56.322662" lon="8.124249"><ele>1.3</ele></trkpt>
      <trkpt lat="56.322792" lon="8.124314"><ele>1.3</ele></trkpt>
      <trkpt lat="56.322910" lon="8.124428"><ele>1.2</ele></trkpt>
      <trkpt lat="56.323055" lon="8.124717"><ele>1.1</ele></trkpt>
      <trkpt lat="56.323040" lon="8.124815"><ele>1.1</ele></trkpt>
      <trkpt lat="56.323070" lon="8.124892"><ele>1.1</ele></trkpt>
      <trkpt lat="56.323516" lon="8.124415"><ele>1.0</ele></trkpt>
      <trkpt lat="56.323994" lon="8.124057"><ele>1.0</ele></trkpt>
      <trkpt lat="56.324504" lon="8.123823"><ele>1.0</ele></trkpt>
      <trkpt lat="56.324758" lon="8.123756"><ele>1.0</ele></trkpt>
      <trkpt lat="56.325034" lon="8.123680"><ele>1.1</ele></trkpt>
      <trkpt lat="56.325424" lon="8.123571"><ele>1.2</ele></trkpt>
      <trkpt lat="56.325733" lon="8.123507"><ele>1.2</ele></trkpt>
      <trkpt lat="56.326047" lon="8.123427"><ele>1.3</ele></trkpt>
      <trkpt lat="56.326588" lon="8.123357"><ele>1.3</ele></trkpt>
      <trkpt lat="56.327137" lon="8.123329"><ele>1.2</ele></trkpt>
      <trkpt lat="56.327666" lon="8.123314"><ele>1.1</ele></trkpt>
      <trkpt lat="56.329430" lon="8.123264"><ele>0.7</ele></trkpt>
      <trkpt lat="56.331587" lon="8.123180"><ele>0.4</ele></trkpt>
      <trkpt lat="56.334479" lon="8.123066"><ele>0.1</ele></trkpt>
      <trkpt lat="56.337138" lon="8.122961"><ele>0.7</ele></trkpt>
      <trkpt lat="56.337962" lon="8.122929"><ele>0.7</ele></trkpt>
      <trkpt lat="56.338935" lon="8.122891"><ele>0.6</ele></trkpt>
      <trkpt lat="56.340128" lon="8.122844"><ele>0.6</ele></trkpt>
      <trkpt lat="56.341550" lon="8.122775"><ele>0.6</ele></trkpt>
      <trkpt lat="56.342509" lon="8.122754"><ele>0.6</ele></trkpt>
      <trkpt lat="56.343128" lon="8.122744"><ele>0.6</ele></trkpt>
      <trkpt lat="56.344141" lon="8.122727"><ele>0.4</ele></trkpt>
      <trkpt lat="56.344700" lon="8.122718"><ele>0.3</ele></trkpt>
      <trkpt lat="56.345156" lon="8.122711"><ele>0.3</ele></trkpt>
      <trkpt lat="56.346100" lon="8.122695"><ele>0.3</ele></trkpt>
      <trkpt lat="56.346748" lon="8.122685"><ele>0.2</ele></trkpt>
      <trkpt lat="56.347926" lon="8.122666"><ele>0.2</ele></trkpt>
      <trkpt lat="56.349117" lon="8.122635"><ele>0.4</ele></trkpt>
      <trkpt lat="56.349900" lon="8.122614"><ele>0.6</ele></trkpt>
      <trkpt lat="56.350759" lon="8.122596"><ele>0.7</ele></trkpt>
      <trkpt lat="56.351980" lon="8.122570"><ele>0.8</ele></trkpt>
      <trkpt lat="56.352382" lon="8.122603"><ele>0.7</ele></trkpt>
      <trkpt lat="56.353243" lon="8.122593"><ele>0.4</ele></trkpt>
      <trkpt lat="56.354024" lon="8.122584"><ele>0.4</ele></trkpt>
      <trkpt lat="56.354860" lon="8.122575"><ele>0.3</ele></trkpt>
      <trkpt lat="56.355929" lon="8.122558"><ele>0.3</ele></trkpt>
      <trkpt lat="56.356376" lon="8.122551"><ele>0.3</ele></trkpt>
      <trkpt lat="56.357982" lon="8.122526"><ele>0.2</ele></trkpt>
      <trkpt lat="56.358460" lon="8.122550"><ele>0.2</ele></trkpt>
      <trkpt lat="56.358919" lon="8.122573"><ele>0.1</ele></trkpt>
      <trkpt lat="56.360101" lon="8.122631"><ele>0.1</ele></trkpt>
      <trkpt lat="56.360868" lon="8.122669"><ele>0.1</ele></trkpt>
      <trkpt lat="56.362183" lon="8.122724"><ele>0.4</ele></trkpt>
      <trkpt lat="56.362361" lon="8.122728"><ele>0.5</ele></trkpt>
      <trkpt lat="56.362481" lon="8.122641"><ele>0.5</ele></trkpt>
      <trkpt lat="56.362695" lon="8.122642"><ele>0.5</ele></trkpt>
      <trkpt lat="56.364155" lon="8.122708"><ele>0.3</ele></trkpt>
      <trkpt lat="56.364649" lon="8.122730"><ele>0.2</ele></trkpt>
      <trkpt lat="56.365707" lon="8.122779"><ele>0.0</ele></trkpt>
      <trkpt lat="56.365914" lon="8.122899"><ele>0.0</ele></trkpt>
      <trkpt lat="56.366910" lon="8.122986"><ele>0.1</ele></trkpt>
      <trkpt lat="56.366975" lon="8.123038"><ele>0.1</ele></trkpt>
      <trkpt lat="56.367014" lon="8.123132"><ele>0.1</ele></trkpt>
      <trkpt lat="56.367115" lon="8.123570"><ele>0.2</ele></trkpt>
      <trkpt lat="56.367354" lon="8.123586"><ele>0.2</ele></trkpt>
      <trkpt lat="56.367721" lon="8.123612"><ele>0.3</ele></trkpt>
      <trkpt lat="56.368128" lon="8.123641"><ele>0.4</ele></trkpt>
      <trkpt lat="56.368541" lon="8.123629"><ele>0.6</ele></trkpt>
      <trkpt lat="56.368691" lon="8.123566"><ele>0.6</ele></trkpt>
      <trkpt lat="56.368901" lon="8.123415"><ele>0.7</ele></trkpt>
      <trkpt lat="56.369539" lon="8.122586"><ele>1.0</ele></trkpt>
      <trkpt lat="56.369776" lon="8.122270"><ele>1.1</ele></trkpt>
      <trkpt lat="56.369818" lon="8.122214"><ele>1.1</ele></trkpt>
      <trkpt lat="56.369921" lon="8.122102"><ele>1.1</ele></trkpt>
      <trkpt lat="56.370065" lon="8.122002"><ele>1.2</ele></trkpt>
      <trkpt lat="56.370182" lon="8.121994"><ele>1.2</ele></trkpt>
      <trkpt lat="56.370353" lon="8.122063"><ele>1.3</ele></trkpt>
      <trkpt lat="56.370522" lon="8.122146"><ele>1.3</ele></trkpt>
      <trkpt lat="56.370697" lon="8.122153"><ele>1.4</ele></trkpt>
      <trkpt lat="56.370854" lon="8.122051"><ele>1.5</ele></trkpt>
      <trkpt lat="56.370974" lon="8.121885"><ele>1.5</ele></trkpt>
      <trkpt lat="56.371211" lon="8.121547"><ele>1.4</ele></trkpt>
      <trkpt lat="56.371325" lon="8.121430"><ele>1.4</ele></trkpt>
      <trkpt lat="56.371454" lon="8.121370"><ele>1.4</ele></trkpt>
      <trkpt lat="56.371441" lon="8.120938"><ele>1.3</ele></trkpt>
      <trkpt lat="56.371508" lon="8.120941"><ele>1.3</ele></trkpt>
      <trkpt lat="56.371754" lon="8.120955"><ele>1.2</ele></trkpt>
      <trkpt lat="56.371812" lon="8.120960"><ele>1.2</ele></trkpt>
      <trkpt lat="56.372499" lon="8.121000"><ele>1.1</ele></trkpt>
      <trkpt lat="56.372658" lon="8.121002"><ele>1.1</ele></trkpt>
      <trkpt lat="56.372950" lon="8.121033"><ele>1.1</ele></trkpt>
      <trkpt lat="56.373341" lon="8.121056"><ele>1.1</ele></trkpt>
      <trkpt lat="56.373463" lon="8.121074"><ele>1.1</ele></trkpt>
      <trkpt lat="56.373665" lon="8.121100"><ele>1.1</ele></trkpt>
      <trkpt lat="56.373819" lon="8.121104"><ele>1.1</ele></trkpt>
      <trkpt lat="56.374123" lon="8.121042"><ele>1.1</ele></trkpt>
      <trkpt lat="56.374527" lon="8.120901"><ele>1.1</ele></trkpt>
      <trkpt lat="56.374731" lon="8.120828"><ele>1.1</ele></trkpt>
      <trkpt lat="56.374794" lon="8.120805"><ele>1.1</ele></trkpt>
      <trkpt lat="56.375413" lon="8.120584"><ele>1.0</ele></trkpt>
      <trkpt lat="56.375501" lon="8.120553"><ele>1.0</ele></trkpt>
      <trkpt lat="56.376257" lon="8.120288"><ele>1.0</ele></trkpt>
      <trkpt lat="56.376451" lon="8.120224"><ele>0.9</ele></trkpt>
      <trkpt lat="56.376490" lon="8.120212"><ele>0.9</ele></trkpt>
      <trkpt lat="56.376633" lon="8.120168"><ele>0.9</ele></trkpt>
      <trkpt lat="56.376893" lon="8.120122"><ele>0.8</ele></trkpt>
      <trkpt lat="56.377190" lon="8.120094"><ele>0.7</ele></trkpt>
      <trkpt lat="56.377585" lon="8.120057"><ele>0.6</ele></trkpt>
      <trkpt lat="56.377970" lon="8.120031"><ele>0.6</ele></trkpt>
      <trkpt lat="56.378079" lon="8.120029"><ele>0.5</ele></trkpt>
      <trkpt lat="56.378197" lon="8.120037"><ele>0.5</ele></trkpt>
      <trkpt lat="56.378508" lon="8.120089"><ele>0.5</ele></trkpt>
      <trkpt lat="56.379010" lon="8.120241"><ele>0.4</ele></trkpt>
      <trkpt lat="56.379415" lon="8.120442"><ele>0.3</ele></trkpt>
      <trkpt lat="56.381059" lon="8.121684"><ele>0.2</ele></trkpt>
      <trkpt lat="56.381624" lon="8.121985"><ele>0.3</ele></trkpt>
      <trkpt lat="56.382053" lon="8.122095"><ele>0.3</ele></trkpt>
      <trkpt lat="56.382422" lon="8.122117"><ele>0.4</ele></trkpt>
      <trkpt lat="56.384147" lon="8.122004"><ele>0.7</ele></trkpt>
      <trkpt lat="56.384468" lon="8.121985"><ele>0.7</ele></trkpt>
      <trkpt lat="56.385265" lon="8.121931"><ele>0.7</ele></trkpt>
      <trkpt lat="56.386893" lon="8.121823"><ele>0.3</ele></trkpt>
      <trkpt lat="56.388136" lon="8.121740"><ele>0.1</ele></trkpt>
      <trkpt lat="56.394122" lon="8.121343"><ele>0.0</ele></trkpt>
      <trkpt lat="56.394612" lon="8.121327"><ele>0.1</ele></trkpt>
      <trkpt lat="56.395692" lon="8.121404"><ele>0.3</ele></trkpt>
      <trkpt lat="56.396023" lon="8.121431"><ele>0.3</ele></trkpt>
      <trkpt lat="56.396162" lon="8.121442"><ele>0.3</ele></trkpt>
      <trkpt lat="56.397171" lon="8.121516"><ele>0.3</ele></trkpt>
      <trkpt lat="56.400016" lon="8.121722"><ele>0.1</ele></trkpt>
      <trkpt lat="56.404211" lon="8.122031"><ele>-0.8</ele></trkpt>
      <trkpt lat="56.413345" lon="8.122710"><ele>-1.3</ele></trkpt>
      <trkpt lat="56.424537" lon="8.123538"><ele>-0.0</ele></trkpt>
      <trkpt lat="56.437514" lon="8.124499"><ele>0.6</ele></trkpt>
      <trkpt lat="56.439929" lon="8.124676"><ele>0.2</ele></trkpt>
      <trkpt lat="56.441254" lon="8.124781"><ele>0.1</ele></trkpt>
      <trkpt lat="56.449463" lon="8.125393"><ele>0.2</ele></trkpt>
      <trkpt lat="56.450996" lon="8.125498"><ele>0.1</ele></trkpt>
      <trkpt lat="56.451512" lon="8.125659"><ele>0.0</ele></trkpt>
      <trkpt lat="56.451966" lon="8.125918"><ele>0.0</ele></trkpt>
      <trkpt lat="56.452186" lon="8.126088"><ele>0.0</ele></trkpt>
      <trkpt lat="56.452711" lon="8.126633"><ele>0.1</ele></trkpt>
      <trkpt lat="56.453145" lon="8.127257"><ele>0.1</ele></trkpt>
      <trkpt lat="56.454110" lon="8.128765"><ele>0.2</ele></trkpt>
      <trkpt lat="56.454409" lon="8.129159"><ele>0.3</ele></trkpt>
      <trkpt lat="56.454720" lon="8.129486"><ele>0.4</ele></trkpt>
      <trkpt lat="56.455086" lon="8.129786"><ele>0.6</ele></trkpt>
      <trkpt lat="56.455343" lon="8.129943"><ele>0.7</ele></trkpt>
      <trkpt lat="56.455615" lon="8.130069"><ele>0.9</ele></trkpt>
      <trkpt lat="56.457899" lon="8.130845"><ele>2.6</ele></trkpt>
      <trkpt lat="56.459191" lon="8.131321"><ele>3.2</ele></trkpt>
      <trkpt lat="56.459969" lon="8.131747"><ele>3.5</ele></trkpt>
      <trkpt lat="56.460444" lon="8.132072"><ele>3.6</ele></trkpt>
      <trkpt lat="56.461279" lon="8.132787"><ele>3.8</ele></trkpt>
      <trkpt lat="56.462448" lon="8.133840"><ele>3.5</ele></trkpt>
      <trkpt lat="56.462518" lon="8.133523"><ele>3.4</ele></trkpt>
      <trkpt lat="56.462544" lon="8.133321"><ele>3.4</ele></trkpt>
      <trkpt lat="56.462645" lon="8.130261"><ele>2.0</ele></trkpt>
      <trkpt lat="56.462683" lon="8.129921"><ele>1.9</ele></trkpt>
      <trkpt lat="56.462727" lon="8.129793"><ele>1.9</ele></trkpt>
      <trkpt lat="56.462851" lon="8.129656"><ele>1.9</ele></trkpt>
      <trkpt lat="56.463234" lon="8.129601"><ele>2.0</ele></trkpt>
      <trkpt lat="56.463817" lon="8.129442"><ele>2.1</ele></trkpt>
      <trkpt lat="56.464218" lon="8.129389"><ele>2.1</ele></trkpt>
      <trkpt lat="56.465722" lon="8.129314"><ele>3.2</ele></trkpt>
      <trkpt lat="56.466292" lon="8.129108"><ele>3.6</ele></trkpt>
      <trkpt lat="56.466495" lon="8.129109"><ele>3.7</ele></trkpt>
      <trkpt lat="56.466673" lon="8.129155"><ele>3.8</ele></trkpt>
      <trkpt lat="56.467134" lon="8.129491"><ele>3.9</ele></trkpt>
      <trkpt lat="56.467701" lon="8.129691"><ele>4.2</ele></trkpt>
      <trkpt lat="56.467913" lon="8.129695"><ele>4.2</ele></trkpt>
      <trkpt lat="56.468507" lon="8.129606"><ele>4.2</ele></trkpt>
      <trkpt lat="56.468696" lon="8.129623"><ele>4.2</ele></trkpt>
      <trkpt lat="56.468824" lon="8.129692"><ele>4.1</ele></trkpt>
      <trkpt lat="56.469309" lon="8.130129"><ele>4.1</ele></trkpt>
      <trkpt lat="56.469562" lon="8.130233"><ele>4.1</ele></trkpt>
      <trkpt lat="56.470003" lon="8.130337"><ele>4.2</ele></trkpt>
      <trkpt lat="56.470860" lon="8.130766"><ele>4.4</ele></trkpt>
      <trkpt lat="56.471597" lon="8.131042"><ele>4.7</ele></trkpt>
      <trkpt lat="56.471703" lon="8.131106"><ele>4.7</ele></trkpt>
      <trkpt lat="56.471972" lon="8.131369"><ele>4.9</ele></trkpt>
      <trkpt lat="56.472137" lon="8.131541"><ele>5.0</ele></trkpt>
      <trkpt lat="56.472480" lon="8.131806"><ele>5.2</ele></trkpt>
      <trkpt lat="56.472822" lon="8.132016"><ele>5.4</ele></trkpt>
      <trkpt lat="56.473242" lon="8.132131"><ele>5.6</ele></trkpt>
      <trkpt lat="56.473688" lon="8.132180"><ele>5.9</ele></trkpt>
      <trkpt lat="56.473961" lon="8.132196"><ele>6.1</ele></trkpt>
      <trkpt lat="56.474045" lon="8.132121"><ele>6.2</ele></trkpt>
      <trkpt lat="56.474223" lon="8.132047"><ele>6.3</ele></trkpt>
      <trkpt lat="56.475872" lon="8.131362"><ele>7.4</ele></trkpt>
      <trkpt lat="56.476247" lon="8.131255"><ele>7.6</ele></trkpt>
      <trkpt lat="56.476309" lon="8.131580"><ele>7.7</ele></trkpt>
      <trkpt lat="56.476453" lon="8.132101"><ele>7.8</ele></trkpt>
      <trkpt lat="56.476705" lon="8.133009"><ele>7.8</ele></trkpt>
      <trkpt lat="56.477454" lon="8.135665"><ele>7.7</ele></trkpt>
      <trkpt lat="56.478048" lon="8.137771"><ele>7.4</ele></trkpt>
      <trkpt lat="56.478494" lon="8.139392"><ele>7.2</ele></trkpt>
      <trkpt lat="56.478533" lon="8.139636"><ele>7.2</ele></trkpt>
      <trkpt lat="56.478545" lon="8.140254"><ele>7.1</ele></trkpt>
      <trkpt lat="56.478741" lon="8.140280"><ele>7.1</ele></trkpt>
      <trkpt lat="56.479778" lon="8.140211"><ele>7.8</ele></trkpt>
      <trkpt lat="56.480101" lon="8.140341"><ele>8.1</ele></trkpt>
      <trkpt lat="56.480260" lon="8.140509"><ele>8.2</ele></trkpt>
      <trkpt lat="56.480682" lon="8.141179"><ele>8.8</ele></trkpt>
      <trkpt lat="56.480871" lon="8.141500"><ele>9.1</ele></trkpt>
      <trkpt lat="56.481284" lon="8.142210"><ele>9.8</ele></trkpt>
      <trkpt lat="56.481440" lon="8.142412"><ele>10.1</ele></trkpt>
      <trkpt lat="56.481713" lon="8.142652"><ele>10.5</ele></trkpt>
      <trkpt lat="56.482303" lon="8.142948"><ele>11.3</ele></trkpt>
      <trkpt lat="56.482665" lon="8.143060"><ele>11.7</ele></trkpt>
      <trkpt lat="56.482818" lon="8.143009"><ele>11.9</ele></trkpt>
      <trkpt lat="56.483259" lon="8.142377"><ele>12.6</ele></trkpt>
      <trkpt lat="56.483351" lon="8.142288"><ele>12.8</ele></trkpt>
      <trkpt lat="56.483641" lon="8.142009"><ele>13.0</ele></trkpt>
      <trkpt lat="56.485260" lon="8.140229"><ele>12.9</ele></trkpt>
      <trkpt lat="56.485682" lon="8.139880"><ele>11.9</ele></trkpt>
      <trkpt lat="56.486064" lon="8.139623"><ele>11.1</ele></trkpt>
      <trkpt lat="56.487384" lon="8.138953"><ele>8.3</ele></trkpt>
      <trkpt lat="56.487802" lon="8.138741"><ele>7.5</ele></trkpt>
      <trkpt lat="56.487883" lon="8.138701"><ele>7.3</ele></trkpt>
      <trkpt lat="56.488520" lon="8.138375"><ele>6.2</ele></trkpt>
      <trkpt lat="56.488869" lon="8.138151"><ele>6.3</ele></trkpt>
      <trkpt lat="56.489190" lon="8.137871"><ele>6.5</ele></trkpt>
      <trkpt lat="56.489538" lon="8.137513"><ele>6.7</ele></trkpt>
      <trkpt lat="56.490417" lon="8.136445"><ele>7.4</ele></trkpt>
      <trkpt lat="56.490808" lon="8.135894"><ele>7.8</ele></trkpt>
      <trkpt lat="56.491326" lon="8.134898"><ele>8.5</ele></trkpt>
      <trkpt lat="56.491637" lon="8.134346"><ele>9.4</ele></trkpt>
      <trkpt lat="56.491943" lon="8.133987"><ele>10.2</ele></trkpt>
      <trkpt lat="56.492181" lon="8.133783"><ele>10.8</ele></trkpt>
      <trkpt lat="56.493664" lon="8.132907"><ele>14.1</ele></trkpt>
      <trkpt lat="56.495146" lon="8.132133"><ele>16.7</ele></trkpt>
      <trkpt lat="56.495664" lon="8.131872"><ele>17.2</ele></trkpt>
      <trkpt lat="56.495838" lon="8.131840"><ele>17.4</ele></trkpt>
      <trkpt lat="56.496015" lon="8.131894"><ele>17.6</ele></trkpt>
      <trkpt lat="56.496275" lon="8.132053"><ele>17.9</ele></trkpt>
      <trkpt lat="56.496479" lon="8.130200"><ele>18.5</ele></trkpt>
      <trkpt lat="56.496534" lon="8.129940"><ele>18.5</ele></trkpt>
      <trkpt lat="56.496637" lon="8.129689"><ele>18.6</ele></trkpt>
      <trkpt lat="56.498020" lon="8.127574"><ele>19.4</ele></trkpt>
      <trkpt lat="56.498158" lon="8.127202"><ele>19.5</ele></trkpt>
      <trkpt lat="56.498257" lon="8.126413"><ele>19.6</ele></trkpt>
      <trkpt lat="56.498574" lon="8.123688"><ele>18.8</ele></trkpt>
      <trkpt lat="56.498702" lon="8.122660"><ele>17.9</ele></trkpt>
      <trkpt lat="56.498707" lon="8.122369"><ele>17.6</ele></trkpt>
      <trkpt lat="56.498665" lon="8.122183"><ele>17.4</ele></trkpt>
      <trkpt lat="56.498658" lon="8.120662"><ele>15.9</ele></trkpt>
      <trkpt lat="56.498657" lon="8.120557"><ele>15.8</ele></trkpt>
      <trkpt lat="56.498752" lon="8.120604"><ele>15.6</ele></trkpt>
      <trkpt lat="56.499109" lon="8.120655"><ele>15.0</ele></trkpt>
      <trkpt lat="56.499445" lon="8.120528"><ele>14.4</ele></trkpt>
      <trkpt lat="56.500140" lon="8.120245"><ele>13.2</ele></trkpt>
      <trkpt lat="56.500511" lon="8.120014"><ele>12.6</ele></trkpt>
      <trkpt lat="56.501938" lon="8.119748"><ele>14.4</ele></trkpt>
      <trkpt lat="56.502123" lon="8.119637"><ele>14.7</ele></trkpt>
      <trkpt lat="56.502289" lon="8.119532"><ele>15.0</ele></trkpt>
      <trkpt lat="56.502632" lon="8.119528"><ele>15.7</ele></trkpt>
      <trkpt lat="56.507215" lon="8.118933"><ele>24.6</ele></trkpt>
      <trkpt lat="56.509256" lon="8.118337"><ele>25.6</ele></trkpt>
      <trkpt lat="56.509386" lon="8.118343"><ele>25.6</ele></trkpt>
      <trkpt lat="56.509744" lon="8.118510"><ele>25.5</ele></trkpt>
      <trkpt lat="56.510252" lon="8.118172"><ele>25.1</ele></trkpt>
      <trkpt lat="56.511757" lon="8.118024"><ele>25.3</ele></trkpt>
      <trkpt lat="56.512368" lon="8.118096"><ele>26.5</ele></trkpt>
      <trkpt lat="56.512478" lon="8.118241"><ele>26.8</ele></trkpt>
      <trkpt lat="56.512605" lon="8.118267"><ele>27.0</ele></trkpt>
      <trkpt lat="56.512698" lon="8.118227"><ele>27.2</ele></trkpt>
      <trkpt lat="56.512738" lon="8.118107"><ele>27.3</ele></trkpt>
      <trkpt lat="56.513375" lon="8.118099"><ele>28.5</ele></trkpt>
      <trkpt lat="56.513570" lon="8.118102"><ele>28.9</ele></trkpt>
      <trkpt lat="56.513740" lon="8.118144"><ele>29.2</ele></trkpt>
      <trkpt lat="56.513856" lon="8.118254"><ele>29.4</ele></trkpt>
      <trkpt lat="56.515316" lon="8.118281"><ele>30.6</ele></trkpt>
      <trkpt lat="56.515481" lon="8.118282"><ele>30.5</ele></trkpt>
      <trkpt lat="56.515854" lon="8.118408"><ele>30.1</ele></trkpt>
      <trkpt lat="56.515993" lon="8.118469"><ele>30.0</ele></trkpt>
      <trkpt lat="56.519141" lon="8.119842"><ele>23.6</ele></trkpt>
      <trkpt lat="56.519587" lon="8.120036"><ele>23.0</ele></trkpt>
      <trkpt lat="56.521175" lon="8.120729"><ele>22.5</ele></trkpt>
      <trkpt lat="56.521620" lon="8.120886"><ele>22.5</ele></trkpt>
      <trkpt lat="56.524052" lon="8.121035"><ele>20.9</ele></trkpt>
      <trkpt lat="56.524384" lon="8.121013"><ele>20.5</ele></trkpt>
      <trkpt lat="56.524420" lon="8.120904"><ele>20.4</ele></trkpt>
      <trkpt lat="56.524490" lon="8.120805"><ele>20.3</ele></trkpt>
      <trkpt lat="56.524852" lon="8.120438"><ele>19.9</ele></trkpt>
      <trkpt lat="56.525447" lon="8.119753"><ele>18.5</ele></trkpt>
      <trkpt lat="56.525536" lon="8.119642"><ele>18.2</ele></trkpt>
      <trkpt lat="56.525661" lon="8.119476"><ele>17.7</ele></trkpt>
      <trkpt lat="56.525757" lon="8.119441"><ele>17.4</ele></trkpt>
      <trkpt lat="56.525784" lon="8.119326"><ele>17.1</ele></trkpt>
      <trkpt lat="56.525844" lon="8.119213"><ele>16.9</ele></trkpt>
      <trkpt lat="56.526237" lon="8.118609"><ele>15.2</ele></trkpt>
      <trkpt lat="56.526283" lon="8.118575"><ele>15.0</ele></trkpt>
      <trkpt lat="56.526325" lon="8.118545"><ele>14.9</ele></trkpt>
      <trkpt lat="56.526808" lon="8.118533"><ele>13.4</ele></trkpt>
      <trkpt lat="56.527185" lon="8.118513"><ele>12.6</ele></trkpt>
      <trkpt lat="56.527312" lon="8.118545"><ele>12.3</ele></trkpt>
      <trkpt lat="56.527387" lon="8.118618"><ele>12.1</ele></trkpt>
      <trkpt lat="56.527461" lon="8.118797"><ele>11.8</ele></trkpt>
      <trkpt lat="56.527520" lon="8.118883"><ele>11.7</ele></trkpt>
      <trkpt lat="56.527596" lon="8.118921"><ele>11.5</ele></trkpt>
      <trkpt lat="56.528667" lon="8.118977"><ele>9.1</ele></trkpt>
      <trkpt lat="56.529109" lon="8.119047"><ele>8.0</ele></trkpt>
      <trkpt lat="56.529255" lon="8.119095"><ele>7.6</ele></trkpt>
      <trkpt lat="56.529507" lon="8.119270"><ele>7.0</ele></trkpt>
      <trkpt lat="56.529586" lon="8.119369"><ele>6.7</ele></trkpt>
      <trkpt lat="56.529740" lon="8.119413"><ele>6.3</ele></trkpt>
      <trkpt lat="56.531149" lon="8.119112"><ele>3.4</ele></trkpt>
      <trkpt lat="56.531303" lon="8.119124"><ele>3.1</ele></trkpt>
      <trkpt lat="56.533020" lon="8.119614"><ele>1.3</ele></trkpt>
      <trkpt lat="56.533143" lon="8.119699"><ele>1.2</ele></trkpt>
      <trkpt lat="56.533476" lon="8.120363"><ele>0.9</ele></trkpt>
      <trkpt lat="56.534121" lon="8.121289"><ele>1.1</ele></trkpt>
      <trkpt lat="56.534367" lon="8.121595"><ele>1.2</ele></trkpt>
      <trkpt lat="56.534492" lon="8.121640"><ele>1.3</ele></trkpt>
      <trkpt lat="56.534424" lon="8.120721"><ele>1.5</ele></trkpt>
      <trkpt lat="56.534538" lon="8.119684"><ele>1.7</ele></trkpt>
      <trkpt lat="56.534579" lon="8.119562"><ele>1.8</ele></trkpt>
      <trkpt lat="56.535106" lon="8.119843"><ele>2.0</ele></trkpt>
      <trkpt lat="56.535302" lon="8.119878"><ele>2.1</ele></trkpt>
      <trkpt lat="56.535861" lon="8.119979"><ele>2.4</ele></trkpt>
      <trkpt lat="56.535924" lon="8.119990"><ele>2.4</ele></trkpt>
      <trkpt lat="56.537189" lon="8.120218"><ele>2.4</ele></trkpt>
      <trkpt lat="56.537915" lon="8.120349"><ele>2.5</ele></trkpt>
      <trkpt lat="56.537983" lon="8.120366"><ele>2.5</ele></trkpt>
      <trkpt lat="56.539501" lon="8.120735"><ele>2.5</ele></trkpt>
      <trkpt lat="56.539912" lon="8.120835"><ele>2.5</ele></trkpt>
      <trkpt lat="56.541247" lon="8.121135"><ele>2.3</ele></trkpt>
      <trkpt lat="56.542587" lon="8.121477"><ele>2.1</ele></trkpt>
      <trkpt lat="56.543974" lon="8.121806"><ele>2.3</ele></trkpt>
      <trkpt lat="56.544625" lon="8.121942"><ele>2.5</ele></trkpt>
      <trkpt lat="56.545380" lon="8.122155"><ele>2.7</ele></trkpt>
      <trkpt lat="56.546121" lon="8.122302"><ele>2.8</ele></trkpt>
      <trkpt lat="56.547885" lon="8.122755"><ele>2.7</ele></trkpt>
      <trkpt lat="56.549252" lon="8.123160"><ele>2.0</ele></trkpt>
      <trkpt lat="56.549442" lon="8.123203"><ele>1.9</ele></trkpt>
      <trkpt lat="56.549606" lon="8.123239"><ele>1.8</ele></trkpt>
      <trkpt lat="56.550568" lon="8.123519"><ele>1.5</ele></trkpt>
      <trkpt lat="56.550875" lon="8.123600"><ele>1.5</ele></trkpt>
      <trkpt lat="56.551233" lon="8.123691"><ele>1.5</ele></trkpt>
      <trkpt lat="56.553820" lon="8.124424"><ele>1.7</ele></trkpt>
      <trkpt lat="56.554229" lon="8.124453"><ele>1.5</ele></trkpt>
      <trkpt lat="56.554499" lon="8.124383"><ele>1.3</ele></trkpt>
      <trkpt lat="56.554611" lon="8.124314"><ele>1.2</ele></trkpt>
      <trkpt lat="56.554637" lon="8.124584"><ele>1.1</ele></trkpt>
      <trkpt lat="56.554655" lon="8.124722"><ele>1.1</ele></trkpt>
      <trkpt lat="56.554901" lon="8.125181"><ele>0.8</ele></trkpt>
      <trkpt lat="56.554926" lon="8.125360"><ele>0.8</ele></trkpt>
      <trkpt lat="56.554960" lon="8.125403"><ele>0.7</ele></trkpt>
      <trkpt lat="56.555335" lon="8.125407"><ele>0.6</ele></trkpt>
      <trkpt lat="56.555555" lon="8.125457"><ele>0.5</ele></trkpt>
      <trkpt lat="56.555978" lon="8.125650"><ele>0.4</ele></trkpt>
      <trkpt lat="56.556206" lon="8.125803"><ele>0.3</ele></trkpt>
      <trkpt lat="56.556908" lon="8.125884"><ele>0.1</ele></trkpt>
      <trkpt lat="56.557093" lon="8.125977"><ele>0.1</ele></trkpt>
      <trkpt lat="56.557724" lon="8.125972"><ele>0.0</ele></trkpt>
      <trkpt lat="56.557828" lon="8.126042"><ele>0.0</ele></trkpt>
      <trkpt lat="56.557933" lon="8.126175"><ele>0.0</ele></trkpt>
      <trkpt lat="56.558005" lon="8.126440"><ele>0.0</ele></trkpt>
      <trkpt lat="56.558086" lon="8.126558"><ele>-0.0</ele></trkpt>
      <trkpt lat="56.558174" lon="8.126587"><ele>-0.0</ele></trkpt>
      <trkpt lat="56.558423" lon="8.126510"><ele>-0.0</ele></trkpt>
      <trkpt lat="56.558915" lon="8.126774"><ele>-0.0</ele></trkpt>
      <trkpt lat="56.559161" lon="8.126814"><ele>-0.1</ele></trkpt>
      <trkpt lat="56.559355" lon="8.126863"><ele>-0.1</ele></trkpt>
      <trkpt lat="56.559732" lon="8.127068"><ele>-0.1</ele></trkpt>
      <trkpt lat="56.560374" lon="8.127509"><ele>-0.1</ele></trkpt>
      <trkpt lat="56.560833" lon="8.127557"><ele>-0.1</ele></trkpt>
      <trkpt lat="56.561027" lon="8.127617"><ele>-0.0</ele></trkpt>
      <trkpt lat="56.561135" lon="8.127632"><ele>-0.0</ele></trkpt>
      <trkpt lat="56.561252" lon="8.127747"><ele>-0.0</ele></trkpt>
      <trkpt lat="56.561409" lon="8.127827"><ele>-0.0</ele></trkpt>
      <trkpt lat="56.561898" lon="8.128005"><ele>0.0</ele></trkpt>
      <trkpt lat="56.562053" lon="8.128147"><ele>-0.0</ele></trkpt>
      <trkpt lat="56.562154" lon="8.128319"><ele>-0.1</ele></trkpt>
      <trkpt lat="56.562338" lon="8.128603"><ele>-0.2</ele></trkpt>
      <trkpt lat="56.562761" lon="8.128880"><ele>-0.5</ele></trkpt>
      <trkpt lat="56.562818" lon="8.128972"><ele>-0.6</ele></trkpt>
      <trkpt lat="56.562790" lon="8.129881"><ele>-0.9</ele></trkpt>
      <trkpt lat="56.562826" lon="8.130012"><ele>-0.9</ele></trkpt>
      <trkpt lat="56.563157" lon="8.130119"><ele>-1.1</ele></trkpt>
      <trkpt lat="56.563316" lon="8.130242"><ele>-1.1</ele></trkpt>
      <trkpt lat="56.564999" lon="8.132481"><ele>-0.9</ele></trkpt>
      <trkpt lat="56.565043" lon="8.132334"><ele>-0.9</ele></trkpt>
      <trkpt lat="56.565121" lon="8.132022"><ele>-0.8</ele></trkpt>
      <trkpt lat="56.565421" lon="8.131296"><ele>-0.5</ele></trkpt>
      <trkpt lat="56.565604" lon="8.130854"><ele>-0.3</ele></trkpt>
      <trkpt lat="56.566121" lon="8.129954"><ele>0.1</ele></trkpt>
      <trkpt lat="56.566216" lon="8.129891"><ele>0.2</ele></trkpt>
      <trkpt lat="56.566296" lon="8.130056"><ele>0.2</ele></trkpt>
      <trkpt lat="56.566695" lon="8.130855"><ele>0.5</ele></trkpt>
      <trkpt lat="56.567261" lon="8.131972"><ele>0.8</ele></trkpt>
      <trkpt lat="56.567367" lon="8.132161"><ele>0.9</ele></trkpt>
      <trkpt lat="56.567897" lon="8.132985"><ele>1.0</ele></trkpt>
      <trkpt lat="56.568054" lon="8.133243"><ele>1.0</ele></trkpt>
      <trkpt lat="56.568425" lon="8.133835"><ele>1.0</ele></trkpt>
      <trkpt lat="56.568905" lon="8.134590"><ele>0.9</ele></trkpt>
      <trkpt lat="56.568959" lon="8.134647"><ele>0.9</ele></trkpt>
      <trkpt lat="56.569098" lon="8.134759"><ele>0.9</ele></trkpt>
      <trkpt lat="56.569368" lon="8.134855"><ele>0.8</ele></trkpt>
      <trkpt lat="56.570283" lon="8.134944"><ele>0.6</ele></trkpt>
      <trkpt lat="56.570925" lon="8.135133"><ele>0.4</ele></trkpt>
      <trkpt lat="56.570994" lon="8.135167"><ele>0.4</ele></trkpt>
      <trkpt lat="56.571405" lon="8.135461"><ele>0.3</ele></trkpt>
      <trkpt lat="56.571513" lon="8.135554"><ele>0.2</ele></trkpt>
      <trkpt lat="56.571906" lon="8.136014"><ele>0.3</ele></trkpt>
      <trkpt lat="56.571951" lon="8.136066"><ele>0.3</ele></trkpt>
      <trkpt lat="56.572175" lon="8.136307"><ele>0.3</ele></trkpt>
      <trkpt lat="56.572350" lon="8.136476"><ele>0.3</ele></trkpt>
      <trkpt lat="56.572508" lon="8.136615"><ele>0.4</ele></trkpt>
      <trkpt lat="56.572558" lon="8.136659"><ele>0.4</ele></trkpt>
      <trkpt lat="56.572600" lon="8.136695"><ele>0.4</ele></trkpt>
      <trkpt lat="56.572961" lon="8.137029"><ele>0.5</ele></trkpt>
      <trkpt lat="56.573118" lon="8.137180"><ele>0.5</ele></trkpt>
      <trkpt lat="56.573399" lon="8.137530"><ele>0.6</ele></trkpt>
      <trkpt lat="56.573527" lon="8.137727"><ele>0.6</ele></trkpt>
      <trkpt lat="56.573940" lon="8.138320"><ele>0.7</ele></trkpt>
      <trkpt lat="56.574239" lon="8.138615"><ele>0.8</ele></trkpt>
      <trkpt lat="56.574484" lon="8.138844"><ele>0.9</ele></trkpt>
      <trkpt lat="56.574801" lon="8.139157"><ele>1.0</ele></trkpt>
      <trkpt lat="56.575458" lon="8.139813"><ele>1.2</ele></trkpt>
      <trkpt lat="56.575977" lon="8.140393"><ele>1.3</ele></trkpt>
      <trkpt lat="56.576101" lon="8.140562"><ele>1.3</ele></trkpt>
      <trkpt lat="56.576353" lon="8.140980"><ele>1.3</ele></trkpt>
      <trkpt lat="56.576613" lon="8.141540"><ele>1.3</ele></trkpt>
      <trkpt lat="56.576737" lon="8.141823"><ele>1.2</ele></trkpt>
      <trkpt lat="56.577080" lon="8.142647"><ele>1.1</ele></trkpt>
      <trkpt lat="56.577147" lon="8.142992"><ele>1.1</ele></trkpt>
      <trkpt lat="56.577198" lon="8.143316"><ele>1.0</ele></trkpt>
      <trkpt lat="56.577282" lon="8.144138"><ele>1.0</ele></trkpt>
      <trkpt lat="56.577288" lon="8.144200"><ele>1.0</ele></trkpt>
      <trkpt lat="56.577416" lon="8.145328"><ele>1.0</ele></trkpt>
      <trkpt lat="56.577504" lon="8.145663"><ele>0.9</ele></trkpt>
      <trkpt lat="56.577655" lon="8.146098"><ele>0.9</ele></trkpt>
      <trkpt lat="56.577708" lon="8.146238"><ele>0.9</ele></trkpt>
      <trkpt lat="56.577744" lon="8.146335"><ele>0.9</ele></trkpt>
      <trkpt lat="56.577796" lon="8.146476"><ele>0.9</ele></trkpt>
      <trkpt lat="56.577923" lon="8.146823"><ele>0.9</ele></trkpt>
      <trkpt lat="56.577945" lon="8.146911"><ele>0.9</ele></trkpt>
      <trkpt lat="56.577465" lon="8.147225"><ele>0.9</ele></trkpt>
      <trkpt lat="56.577775" lon="8.148248"><ele>1.0</ele></trkpt>
      <trkpt lat="56.578362" lon="8.149828"><ele>0.9</ele></trkpt>
      <trkpt lat="56.578589" lon="8.150378"><ele>0.8</ele></trkpt>
      <trkpt lat="56.579032" lon="8.151209"><ele>0.7</ele></trkpt>
      <trkpt lat="56.579304" lon="8.151784"><ele>0.7</ele></trkpt>
      <trkpt lat="56.579633" lon="8.152498"><ele>0.7</ele></trkpt>
      <trkpt lat="56.580040" lon="8.153260"><ele>0.7</ele></trkpt>
      <trkpt lat="56.580116" lon="8.153394"><ele>0.7</ele></trkpt>
      <trkpt lat="56.580272" lon="8.153646"><ele>0.7</ele></trkpt>
      <trkpt lat="56.580505" lon="8.154413"><ele>0.6</ele></trkpt>
      <trkpt lat="56.580576" lon="8.154611"><ele>0.6</ele></trkpt>
      <trkpt lat="56.580664" lon="8.154766"><ele>0.5</ele></trkpt>
      <trkpt lat="56.581068" lon="8.155185"><ele>0.5</ele></trkpt>
      <trkpt lat="56.581481" lon="8.155706"><ele>0.4</ele></trkpt>
      <trkpt lat="56.581604" lon="8.155922"><ele>0.3</ele></trkpt>
      <trkpt lat="56.582358" lon="8.157791"><ele>0.0</ele></trkpt>
      <trkpt lat="56.582474" lon="8.158360"><ele>-0.1</ele></trkpt>
      <trkpt lat="56.582676" lon="8.160165"><ele>-0.3</ele></trkpt>
      <trkpt lat="56.582749" lon="8.160475"><ele>-0.4</ele></trkpt>
      <trkpt lat="56.582934" lon="8.160856"><ele>-0.5</ele></trkpt>
      <trkpt lat="56.582987" lon="8.160946"><ele>-0.5</ele></trkpt>
      <trkpt lat="56.583224" lon="8.161240"><ele>-0.5</ele></trkpt>
      <trkpt lat="56.583402" lon="8.161523"><ele>-0.6</ele></trkpt>
      <trkpt lat="56.584055" lon="8.162751"><ele>-0.9</ele></trkpt>
      <trkpt lat="56.584318" lon="8.163319"><ele>-1.1</ele></trkpt>
      <trkpt lat="56.584659" lon="8.164105"><ele>-1.2</ele></trkpt>
      <trkpt lat="56.584987" lon="8.164642"><ele>-1.2</ele></trkpt>
      <trkpt lat="56.585319" lon="8.165266"><ele>-1.2</ele></trkpt>
      <trkpt lat="56.585712" lon="8.165787"><ele>-1.1</ele></trkpt>
      <trkpt lat="56.586003" lon="8.166068"><ele>-1.1</ele></trkpt>
      <trkpt lat="56.587760" lon="8.168834"><ele>-1.0</ele></trkpt>
      <trkpt lat="56.588010" lon="8.169121"><ele>-1.1</ele></trkpt>
      <trkpt lat="56.588539" lon="8.169424"><ele>-1.1</ele></trkpt>
      <trkpt lat="56.588765" lon="8.169671"><ele>-1.1</ele></trkpt>
      <trkpt lat="56.589520" lon="8.170929"><ele>-1.0</ele></trkpt>
      <trkpt lat="56.589812" lon="8.171489"><ele>-1.0</ele></trkpt>
      <trkpt lat="56.590052" lon="8.172153"><ele>-1.0</ele></trkpt>
      <trkpt lat="56.590149" lon="8.172634"><ele>-0.9</ele></trkpt>
      <trkpt lat="56.590170" lon="8.173261"><ele>-0.8</ele></trkpt>
      <trkpt lat="56.590206" lon="8.173485"><ele>-0.8</ele></trkpt>
      <trkpt lat="56.590440" lon="8.174201"><ele>-0.6</ele></trkpt>
      <trkpt lat="56.590679" lon="8.174936"><ele>-0.5</ele></trkpt>
      <trkpt lat="56.591896" lon="8.178124"><ele>-0.3</ele></trkpt>
      <trkpt lat="56.592048" lon="8.178346"><ele>-0.3</ele></trkpt>
      <trkpt lat="56.592195" lon="8.178506"><ele>-0.3</ele></trkpt>
      <trkpt lat="56.596171" lon="8.181802"><ele>-0.5</ele></trkpt>
      <trkpt lat="56.596720" lon="8.182316"><ele>-0.7</ele></trkpt>
      <trkpt lat="56.596879" lon="8.182292"><ele>-0.7</ele></trkpt>
      <trkpt lat="56.597017" lon="8.182171"><ele>-0.8</ele></trkpt>
      <trkpt lat="56.597173" lon="8.181939"><ele>-0.9</ele></trkpt>
      <trkpt lat="56.597317" lon="8.181621"><ele>-1.0</ele></trkpt>
      <trkpt lat="56.597447" lon="8.181444"><ele>-1.0</ele></trkpt>
      <trkpt lat="56.597526" lon="8.181400"><ele>-1.1</ele></trkpt>
      <trkpt lat="56.597695" lon="8.181359"><ele>-1.1</ele></trkpt>
      <trkpt lat="56.598669" lon="8.181676"><ele>-1.2</ele></trkpt>
      <trkpt lat="56.598779" lon="8.181656"><ele>-1.2</ele></trkpt>
      <trkpt lat="56.598884" lon="8.181584"><ele>-1.2</ele></trkpt>
      <trkpt lat="56.599646" lon="8.180444"><ele>-1.1</ele></trkpt>
      <trkpt lat="56.599742" lon="8.180336"><ele>-1.1</ele></trkpt>
      <trkpt lat="56.599837" lon="8.180310"><ele>-1.0</ele></trkpt>
      <trkpt lat="56.600083" lon="8.180392"><ele>-1.0</ele></trkpt>
      <trkpt lat="56.601486" lon="8.181539"><ele>-0.6</ele></trkpt>
      <trkpt lat="56.601695" lon="8.181596"><ele>-0.6</ele></trkpt>
      <trkpt lat="56.601807" lon="8.181744"><ele>-0.6</ele></trkpt>
      <trkpt lat="56.602197" lon="8.181948"><ele>-0.6</ele></trkpt>
      <trkpt lat="56.602282" lon="8.182042"><ele>-0.6</ele></trkpt>
      <trkpt lat="56.602307" lon="8.182111"><ele>-0.6</ele></trkpt>
      <trkpt lat="56.602559" lon="8.181147"><ele>-0.6</ele></trkpt>
      <trkpt lat="56.602644" lon="8.180967"><ele>-0.6</ele></trkpt>
      <trkpt lat="56.602764" lon="8.180807"><ele>-0.6</ele></trkpt>
      <trkpt lat="56.603810" lon="8.179796"><ele>-0.7</ele></trkpt>
      <trkpt lat="56.604091" lon="8.179588"><ele>-0.7</ele></trkpt>
      <trkpt lat="56.604569" lon="8.179402"><ele>-0.7</ele></trkpt>
      <trkpt lat="56.605123" lon="8.179250"><ele>-0.7</ele></trkpt>
      <trkpt lat="56.606583" lon="8.178984"><ele>-0.7</ele></trkpt>
      <trkpt lat="56.607829" lon="8.178585"><ele>-0.7</ele></trkpt>
      <trkpt lat="56.609906" lon="8.178470"><ele>-0.2</ele></trkpt>
      <trkpt lat="56.610106" lon="8.178391"><ele>-0.2</ele></trkpt>
      <trkpt lat="56.610243" lon="8.178260"><ele>-0.2</ele></trkpt>
      <trkpt lat="56.610358" lon="8.178065"><ele>-0.2</ele></trkpt>
      <trkpt lat="56.610505" lon="8.177701"><ele>-0.1</ele></trkpt>
      <trkpt lat="56.610617" lon="8.177425"><ele>-0.1</ele></trkpt>
      <trkpt lat="56.610698" lon="8.177448"><ele>-0.1</ele></trkpt>
      <trkpt lat="56.610778" lon="8.177045"><ele>-0.1</ele></trkpt>
      <trkpt lat="56.610891" lon="8.176681"><ele>-0.1</ele></trkpt>
      <trkpt lat="56.611367" lon="8.175460"><ele>-0.1</ele></trkpt>
      <trkpt lat="56.611458" lon="8.175560"><ele>-0.1</ele></trkpt>
      <trkpt lat="56.611918" lon="8.175737"><ele>-0.1</ele></trkpt>
      <trkpt lat="56.612076" lon="8.175836"><ele>-0.1</ele></trkpt>
      <trkpt lat="56.612110" lon="8.175862"><ele>-0.1</ele></trkpt>
      <trkpt lat="56.612369" lon="8.176089"><ele>-0.2</ele></trkpt>
      <trkpt lat="56.612596" lon="8.176335"><ele>-0.2</ele></trkpt>
      <trkpt lat="56.612885" lon="8.176508"><ele>-0.3</ele></trkpt>
      <trkpt lat="56.613128" lon="8.176556"><ele>-0.3</ele></trkpt>
      <trkpt lat="56.613891" lon="8.176543"><ele>-0.5</ele></trkpt>
      <trkpt lat="56.614105" lon="8.176519"><ele>-0.4</ele></trkpt>
      <trkpt lat="56.614147" lon="8.176511"><ele>-0.4</ele></trkpt>
      <trkpt lat="56.614794" lon="8.176375"><ele>-0.4</ele></trkpt>
      <trkpt lat="56.615504" lon="8.176077"><ele>-0.3</ele></trkpt>
      <trkpt lat="56.615866" lon="8.175977"><ele>-0.2</ele></trkpt>
      <trkpt lat="56.616107" lon="8.175945"><ele>-0.1</ele></trkpt>
      <trkpt lat="56.616324" lon="8.175904"><ele>0.0</ele></trkpt>
      <trkpt lat="56.616646" lon="8.175861"><ele>0.1</ele></trkpt>
      <trkpt lat="56.617010" lon="8.175774"><ele>0.3</ele></trkpt>
      <trkpt lat="56.617210" lon="8.175651"><ele>0.4</ele></trkpt>
      <trkpt lat="56.617446" lon="8.175391"><ele>0.5</ele></trkpt>
      <trkpt lat="56.617587" lon="8.175163"><ele>0.5</ele></trkpt>
      <trkpt lat="56.617701" lon="8.174894"><ele>0.4</ele></trkpt>
      <trkpt lat="56.617995" lon="8.173991"><ele>0.4</ele></trkpt>
      <trkpt lat="56.618128" lon="8.173674"><ele>0.4</ele></trkpt>
      <trkpt lat="56.618318" lon="8.173328"><ele>0.4</ele></trkpt>
      <trkpt lat="56.618519" lon="8.173062"><ele>0.4</ele></trkpt>
      <trkpt lat="56.618717" lon="8.172868"><ele>0.3</ele></trkpt>
      <trkpt lat="56.618966" lon="8.172707"><ele>0.3</ele></trkpt>
      <trkpt lat="56.619998" lon="8.172205"><ele>0.0</ele></trkpt>
      <trkpt lat="56.620101" lon="8.172150"><ele>-0.0</ele></trkpt>
      <trkpt lat="56.620162" lon="8.172117"><ele>-0.0</ele></trkpt>
      <trkpt lat="56.620418" lon="8.172032"><ele>-0.1</ele></trkpt>
      <trkpt lat="56.623337" lon="8.171765"><ele>-0.1</ele></trkpt>
      <trkpt lat="56.623376" lon="8.171641"><ele>-0.1</ele></trkpt>
      <trkpt lat="56.623431" lon="8.171628"><ele>-0.1</ele></trkpt>
      <trkpt lat="56.623742" lon="8.171812"><ele>-0.1</ele></trkpt>
      <trkpt lat="56.623776" lon="8.171688"><ele>-0.1</ele></trkpt>
      <trkpt lat="56.623817" lon="8.171721"><ele>-0.1</ele></trkpt>
      <trkpt lat="56.624066" lon="8.171438"><ele>-0.1</ele></trkpt>
      <trkpt lat="56.624386" lon="8.171214"><ele>-0.2</ele></trkpt>
      <trkpt lat="56.624465" lon="8.171093"><ele>-0.2</ele></trkpt>
      <trkpt lat="56.624552" lon="8.170448"><ele>-0.2</ele></trkpt>
      <trkpt lat="56.624975" lon="8.170543"><ele>-0.2</ele></trkpt>
      <trkpt lat="56.625194" lon="8.170996"><ele>-0.2</ele></trkpt>
      <trkpt lat="56.625374" lon="8.171230"><ele>-0.2</ele></trkpt>
      <trkpt lat="56.626221" lon="8.171951"><ele>-0.3</ele></trkpt>
      <trkpt lat="56.626376" lon="8.172021"><ele>-0.4</ele></trkpt>
      <trkpt lat="56.626603" lon="8.172051"><ele>-0.4</ele></trkpt>
      <trkpt lat="56.626981" lon="8.171933"><ele>-0.4</ele></trkpt>
      <trkpt lat="56.627756" lon="8.171364"><ele>-0.6</ele></trkpt>
      <trkpt lat="56.627944" lon="8.171289"><ele>-0.6</ele></trkpt>
      <trkpt lat="56.628649" lon="8.171147"><ele>-0.7</ele></trkpt>
      <trkpt lat="56.629452" lon="8.170913"><ele>-0.6</ele></trkpt>
      <trkpt lat="56.629681" lon="8.170793"><ele>-0.5</ele></trkpt>
      <trkpt lat="56.629904" lon="8.170835"><ele>-0.5</ele></trkpt>
      <trkpt lat="56.630363" lon="8.171226"><ele>-0.4</ele></trkpt>
      <trkpt lat="56.632605" lon="8.166234"><ele>0.1</ele></trkpt>
      <trkpt lat="56.632674" lon="8.166157"><ele>0.0</ele></trkpt>
      <trkpt lat="56.632724" lon="8.166275"><ele>0.0</ele></trkpt>
      <trkpt lat="56.632764" lon="8.166607"><ele>-0.0</ele></trkpt>
      <trkpt lat="56.632799" lon="8.166660"><ele>-0.0</ele></trkpt>
      <trkpt lat="56.632830" lon="8.166655"><ele>-0.1</ele></trkpt>
      <trkpt lat="56.632853" lon="8.166515"><ele>-0.1</ele></trkpt>
      <trkpt lat="56.632929" lon="8.165567"><ele>-0.2</ele></trkpt>
      <trkpt lat="56.632943" lon="8.165474"><ele>-0.2</ele></trkpt>
      <trkpt lat="56.634013" lon="8.163077"><ele>-0.7</ele></trkpt>
      <trkpt lat="56.634607" lon="8.162104"><ele>-0.9</ele></trkpt>
      <trkpt lat="56.635002" lon="8.161577"><ele>-0.8</ele></trkpt>
      <trkpt lat="56.635826" lon="8.160849"><ele>-0.7</ele></trkpt>
      <trkpt lat="56.636616" lon="8.160401"><ele>-0.7</ele></trkpt>
      <trkpt lat="56.637430" lon="8.160176"><ele>-0.9</ele></trkpt>
      <trkpt lat="56.638183" lon="8.160133"><ele>-0.9</ele></trkpt>
      <trkpt lat="56.638792" lon="8.160237"><ele>-0.9</ele></trkpt>
      <trkpt lat="56.639469" lon="8.160484"><ele>-0.8</ele></trkpt>
      <trkpt lat="56.640152" lon="8.160849"><ele>-0.8</ele></trkpt>
      <trkpt lat="56.645467" lon="8.164122"><ele>-0.8</ele></trkpt>
      <trkpt lat="56.645970" lon="8.164458"><ele>-0.8</ele></trkpt>
      <trkpt lat="56.646464" lon="8.164855"><ele>-0.9</ele></trkpt>
      <trkpt lat="56.646623" lon="8.164991"><ele>-0.9</ele></trkpt>
      <trkpt lat="56.654029" lon="8.172811"><ele>-1.1</ele></trkpt>
      <trkpt lat="56.654189" lon="8.172303"><ele>-1.1</ele></trkpt>
      <trkpt lat="56.654409" lon="8.172574"><ele>-1.1</ele></trkpt>
      <trkpt lat="56.655149" lon="8.173142"><ele>-0.9</ele></trkpt>
      <trkpt lat="56.656984" lon="8.174495"><ele>-0.6</ele></trkpt>
      <trkpt lat="56.658997" lon="8.176017"><ele>-0.3</ele></trkpt>
      <trkpt lat="56.659615" lon="8.176478"><ele>-0.3</ele></trkpt>
      <trkpt lat="56.661887" lon="8.178176"><ele>-0.4</ele></trkpt>
      <trkpt lat="56.663304" lon="8.179207"><ele>-0.4</ele></trkpt>
      <trkpt lat="56.665779" lon="8.181091"><ele>-0.3</ele></trkpt>
      <trkpt lat="56.668550" lon="8.183157"><ele>-0.4</ele></trkpt>
      <trkpt lat="56.673370" lon="8.186779"><ele>-0.5</ele></trkpt>
      <trkpt lat="56.679976" lon="8.191766"><ele>-0.4</ele></trkpt>
      <trkpt lat="56.684044" lon="8.194813"><ele>-0.7</ele></trkpt>
      <trkpt lat="56.685700" lon="8.196051"><ele>-0.7</ele></trkpt>
      <trkpt lat="56.693245" lon="8.201695"><ele>-0.1</ele></trkpt>
      <trkpt lat="56.693571" lon="8.201940"><ele>-0.1</ele></trkpt>
      <trkpt lat="56.693630" lon="8.202064"><ele>-0.1</ele></trkpt>
      <trkpt lat="56.693665" lon="8.202235"><ele>-0.1</ele></trkpt>
      <trkpt lat="56.693671" lon="8.202555"><ele>-0.1</ele></trkpt>
      <trkpt lat="56.693735" lon="8.202683"><ele>-0.1</ele></trkpt>
      <trkpt lat="56.693695" lon="8.202817"><ele>-0.1</ele></trkpt>
      <trkpt lat="56.691862" lon="8.209048"><ele>-0.1</ele></trkpt>
      <trkpt lat="56.691774" lon="8.209679"><ele>-0.0</ele></trkpt>
      <trkpt lat="56.691783" lon="8.209790"><ele>-0.0</ele></trkpt>
      <trkpt lat="56.691804" lon="8.209878"><ele>-0.0</ele></trkpt>
      <trkpt lat="56.692018" lon="8.210243"><ele>0.1</ele></trkpt>
      <trkpt lat="56.692108" lon="8.210375"><ele>0.1</ele></trkpt>
      <trkpt lat="56.692215" lon="8.210453"><ele>0.2</ele></trkpt>
      <trkpt lat="56.692684" lon="8.210901"><ele>0.3</ele></trkpt>
      <trkpt lat="56.692530" lon="8.211435"><ele>0.4</ele></trkpt>
      <trkpt lat="56.692850" lon="8.211742"><ele>0.6</ele></trkpt>
      <trkpt lat="56.692446" lon="8.213133"><ele>0.8</ele></trkpt>
      <trkpt lat="56.692283" lon="8.213726"><ele>0.9</ele></trkpt>
      <trkpt lat="56.692194" lon="8.214153"><ele>0.7</ele></trkpt>
      <trkpt lat="56.692151" lon="8.214538"><ele>0.7</ele></trkpt>
      <trkpt lat="56.692137" lon="8.214983"><ele>0.6</ele></trkpt>
      <trkpt lat="56.692157" lon="8.215519"><ele>0.4</ele></trkpt>
      <trkpt lat="56.692211" lon="8.215938"><ele>0.3</ele></trkpt>
      <trkpt lat="56.692404" lon="8.217179"><ele>0.2</ele></trkpt>
      <trkpt lat="56.690454" lon="8.218221"><ele>0.3</ele></trkpt>
      <trkpt lat="56.689945" lon="8.218493"><ele>0.5</ele></trkpt>
      <trkpt lat="56.689835" lon="8.218518"><ele>0.5</ele></trkpt>
      <trkpt lat="56.689724" lon="8.218502"><ele>0.5</ele></trkpt>
      <trkpt lat="56.689584" lon="8.218407"><ele>0.6</ele></trkpt>
      <trkpt lat="56.689518" lon="8.218398"><ele>0.6</ele></trkpt>
      <trkpt lat="56.689484" lon="8.218434"><ele>0.6</ele></trkpt>
      <trkpt lat="56.689279" lon="8.219113"><ele>0.7</ele></trkpt>
      <trkpt lat="56.689106" lon="8.219688"><ele>0.7</ele></trkpt>
      <trkpt lat="56.689061" lon="8.219915"><ele>0.7</ele></trkpt>
      <trkpt lat="56.689055" lon="8.220134"><ele>0.7</ele></trkpt>
      <trkpt lat="56.689117" lon="8.220575"><ele>0.7</ele></trkpt>
      <trkpt lat="56.689142" lon="8.220729"><ele>0.8</ele></trkpt>
      <trkpt lat="56.689195" lon="8.221058"><ele>0.8</ele></trkpt>
      <trkpt lat="56.689107" lon="8.221089"><ele>0.8</ele></trkpt>
      <trkpt lat="56.688985" lon="8.220988"><ele>0.8</ele></trkpt>
      <trkpt lat="56.688547" lon="8.221220"><ele>0.8</ele></trkpt>
      <trkpt lat="56.688295" lon="8.221296"><ele>0.8</ele></trkpt>
      <trkpt lat="56.686347" lon="8.222267"><ele>0.6</ele></trkpt>
      <trkpt lat="56.684692" lon="8.223162"><ele>0.4</ele></trkpt>
      <trkpt lat="56.684739" lon="8.223452"><ele>0.3</ele></trkpt>
      <trkpt lat="56.684775" lon="8.223833"><ele>0.3</ele></trkpt>
      <trkpt lat="56.684692" lon="8.224565"><ele>0.2</ele></trkpt>
      <trkpt lat="56.684654" lon="8.224707"><ele>0.2</ele></trkpt>
      <trkpt lat="56.684626" lon="8.224730"><ele>0.1</ele></trkpt>
      <trkpt lat="56.684499" lon="8.224742"><ele>0.1</ele></trkpt>
      <trkpt lat="56.684478" lon="8.224922"><ele>0.1</ele></trkpt>
      <trkpt lat="56.683529" lon="8.232730"><ele>0.0</ele></trkpt>
      <trkpt lat="56.683562" lon="8.233373"><ele>0.0</ele></trkpt>
      <trkpt lat="56.683709" lon="8.233974"><ele>0.0</ele></trkpt>
      <trkpt lat="56.684092" lon="8.234779"><ele>0.0</ele></trkpt>
      <trkpt lat="56.685438" lon="8.236994"><ele>0.0</ele></trkpt>
      <trkpt lat="56.698044" lon="8.247575"><ele>0.0</ele></trkpt>
      <trkpt lat="56.699257" lon="8.248692"><ele>-0.0</ele></trkpt>
      <trkpt lat="56.699800" lon="8.248691"><ele>-0.1</ele></trkpt>
      <trkpt lat="56.700268" lon="8.248474"><ele>-0.1</ele></trkpt>
      <trkpt lat="56.701084" lon="8.247968"><ele>-0.2</ele></trkpt>
      <trkpt lat="56.701765" lon="8.247257"><ele>-0.3</ele></trkpt>
      <trkpt lat="56.701865" lon="8.247120"><ele>-0.3</ele></trkpt>
      <trkpt lat="56.701883" lon="8.247088"><ele>-0.2</ele></trkpt>
      <trkpt lat="56.701875" lon="8.247027"><ele>-0.2</ele></trkpt>
      <trkpt lat="56.701977" lon="8.246790"><ele>-0.2</ele></trkpt>
      <trkpt lat="56.702096" lon="8.246232"><ele>-0.2</ele></trkpt>
      <trkpt lat="56.702178" lon="8.246010"><ele>-0.2</ele></trkpt>
      <trkpt lat="56.702647" lon="8.245293"><ele>-0.2</ele></trkpt>
      <trkpt lat="56.702742" lon="8.245198"><ele>-0.2</ele></trkpt>
      <trkpt lat="56.703013" lon="8.245059"><ele>-0.2</ele></trkpt>
      <trkpt lat="56.703307" lon="8.245084"><ele>-0.2</ele></trkpt>
      <trkpt lat="56.705403" lon="8.246424"><ele>-0.3</ele></trkpt>
      <trkpt lat="56.705765" lon="8.246743"><ele>-0.3</ele></trkpt>
      <trkpt lat="56.706330" lon="8.247093"><ele>-0.3</ele></trkpt>
      <trkpt lat="56.707128" lon="8.247506"><ele>-0.1</ele></trkpt>
      <trkpt lat="56.707796" lon="8.247785"><ele>-0.0</ele></trkpt>
      <trkpt lat="56.708538" lon="8.248015"><ele>0.1</ele></trkpt>
      <trkpt lat="56.709101" lon="8.248136"><ele>0.1</ele></trkpt>
      <trkpt lat="56.709906" lon="8.248233"><ele>0.2</ele></trkpt>
      <trkpt lat="56.715616" lon="8.248580"><ele>1.0</ele></trkpt>
      <trkpt lat="56.723395" lon="8.249094"><ele>1.2</ele></trkpt>
      <trkpt lat="56.723472" lon="8.249030"><ele>1.2</ele></trkpt>
      <trkpt lat="56.723552" lon="8.249019"><ele>1.2</ele></trkpt>
      <trkpt lat="56.723646" lon="8.249045"><ele>1.2</ele></trkpt>
      <trkpt lat="56.723717" lon="8.249115"><ele>1.2</ele></trkpt>
      <trkpt lat="56.744628" lon="8.250507"><ele>0.5</ele></trkpt>
      <trkpt lat="56.745153" lon="8.250499"><ele>0.5</ele></trkpt>
      <trkpt lat="56.745497" lon="8.250561"><ele>0.4</ele></trkpt>
      <trkpt lat="56.762633" lon="8.251695"><ele>0.3</ele></trkpt>
      <trkpt lat="56.762917" lon="8.251671"><ele>0.3</ele></trkpt>
      <trkpt lat="56.763489" lon="8.251756"><ele>0.3</ele></trkpt>
      <trkpt lat="56.771019" lon="8.252259"><ele>0.2</ele></trkpt>
      <trkpt lat="56.771376" lon="8.252240"><ele>0.3</ele></trkpt>
      <trkpt lat="56.772117" lon="8.252318"><ele>0.4</ele></trkpt>
      <trkpt lat="56.772213" lon="8.252289"><ele>0.4</ele></trkpt>
      <trkpt lat="56.772421" lon="8.252126"><ele>0.4</ele></trkpt>
      <trkpt lat="56.772539" lon="8.252020"><ele>0.4</ele></trkpt>
      <trkpt lat="56.772989" lon="8.251634"><ele>0.4</ele></trkpt>
      <trkpt lat="56.773421" lon="8.251174"><ele>0.4</ele></trkpt>
      <trkpt lat="56.773816" lon="8.250545"><ele>0.4</ele></trkpt>
      <trkpt lat="56.774118" lon="8.249953"><ele>0.4</ele></trkpt>
      <trkpt lat="56.774387" lon="8.249255"><ele>0.2</ele></trkpt>
      <trkpt lat="56.775218" lon="8.246185"><ele>0.0</ele></trkpt>
      <trkpt lat="56.778666" lon="8.233103"><ele>1.3</ele></trkpt>
      <trkpt lat="56.778777" lon="8.232770"><ele>1.4</ele></trkpt>
      <trkpt lat="56.778970" lon="8.232334"><ele>1.5</ele></trkpt>
      <trkpt lat="56.779316" lon="8.231814"><ele>1.8</ele></trkpt>
      <trkpt lat="56.779607" lon="8.231522"><ele>2.0</ele></trkpt>
      <trkpt lat="56.779650" lon="8.231484"><ele>2.0</ele></trkpt>
      <trkpt lat="56.779852" lon="8.231308"><ele>2.2</ele></trkpt>
      <trkpt lat="56.779958" lon="8.231215"><ele>2.2</ele></trkpt>
      <trkpt lat="56.780074" lon="8.231174"><ele>2.3</ele></trkpt>
      <trkpt lat="56.780542" lon="8.231270"><ele>2.6</ele></trkpt>
      <trkpt lat="56.781745" lon="8.231526"><ele>2.8</ele></trkpt>
      <trkpt lat="56.782343" lon="8.231653"><ele>2.9</ele></trkpt>
      <trkpt lat="56.782632" lon="8.231715"><ele>3.0</ele></trkpt>
      <trkpt lat="56.782828" lon="8.231763"><ele>3.1</ele></trkpt>
      <trkpt lat="56.783113" lon="8.231826"><ele>3.1</ele></trkpt>
      <trkpt lat="56.783203" lon="8.231840"><ele>3.1</ele></trkpt>
      <trkpt lat="56.784165" lon="8.232033"><ele>3.3</ele></trkpt>
      <trkpt lat="56.785328" lon="8.232311"><ele>3.3</ele></trkpt>
      <trkpt lat="56.786051" lon="8.232472"><ele>3.2</ele></trkpt>
      <trkpt lat="56.786681" lon="8.232579"><ele>3.1</ele></trkpt>
      <trkpt lat="56.787288" lon="8.232539"><ele>2.9</ele></trkpt>
      <trkpt lat="56.787466" lon="8.232560"><ele>2.9</ele></trkpt>
      <trkpt lat="56.787544" lon="8.232590"><ele>2.9</ele></trkpt>
      <trkpt lat="56.789462" lon="8.233317"><ele>2.1</ele></trkpt>
      <trkpt lat="56.790353" lon="8.233646"><ele>1.8</ele></trkpt>
      <trkpt lat="56.790458" lon="8.233685"><ele>1.8</ele></trkpt>
      <trkpt lat="56.790553" lon="8.233720"><ele>1.8</ele></trkpt>
      <trkpt lat="56.795022" lon="8.235402"><ele>0.9</ele></trkpt>
      <trkpt lat="56.797107" lon="8.236247"><ele>0.5</ele></trkpt>
      <trkpt lat="56.797160" lon="8.236268"><ele>0.5</ele></trkpt>
      <trkpt lat="56.797235" lon="8.236299"><ele>0.5</ele></trkpt>
      <trkpt lat="56.797329" lon="8.236337"><ele>0.5</ele></trkpt>
      <trkpt lat="56.798546" lon="8.236833"><ele>0.6</ele></trkpt>
      <trkpt lat="56.800598" lon="8.237648"><ele>1.6</ele></trkpt>
      <trkpt lat="56.800728" lon="8.237700"><ele>1.7</ele></trkpt>
      <trkpt lat="56.800838" lon="8.237743"><ele>1.7</ele></trkpt>
      <trkpt lat="56.803067" lon="8.238607"><ele>2.1</ele></trkpt>
      <trkpt lat="56.803236" lon="8.239246"><ele>2.0</ele></trkpt>
      <trkpt lat="56.803304" lon="8.239422"><ele>2.0</ele></trkpt>
      <trkpt lat="56.803563" lon="8.239942"><ele>1.8</ele></trkpt>
      <trkpt lat="56.803975" lon="8.240919"><ele>1.5</ele></trkpt>
      <trkpt lat="56.804439" lon="8.241709"><ele>1.2</ele></trkpt>
      <trkpt lat="56.804902" lon="8.242281"><ele>1.2</ele></trkpt>
      <trkpt lat="56.805332" lon="8.242757"><ele>1.2</ele></trkpt>
      <trkpt lat="56.805817" lon="8.243148"><ele>1.2</ele></trkpt>
      <trkpt lat="56.806028" lon="8.243485"><ele>1.2</ele></trkpt>
      <trkpt lat="56.806170" lon="8.243841"><ele>1.1</ele></trkpt>
      <trkpt lat="56.806348" lon="8.244416"><ele>1.1</ele></trkpt>
      <trkpt lat="56.806824" lon="8.245946"><ele>1.0</ele></trkpt>
      <trkpt lat="56.807288" lon="8.247292"><ele>1.0</ele></trkpt>
      <trkpt lat="56.807388" lon="8.247664"><ele>1.0</ele></trkpt>
      <trkpt lat="56.807456" lon="8.248077"><ele>1.0</ele></trkpt>
      <trkpt lat="56.807483" lon="8.248846"><ele>1.0</ele></trkpt>
      <trkpt lat="56.807554" lon="8.249372"><ele>1.0</ele></trkpt>
      <trkpt lat="56.808480" lon="8.253089"><ele>1.4</ele></trkpt>
      <trkpt lat="56.808598" lon="8.253553"><ele>1.5</ele></trkpt>
      <trkpt lat="56.809075" lon="8.255845"><ele>2.5</ele></trkpt>
      <trkpt lat="56.809168" lon="8.256193"><ele>2.8</ele></trkpt>
      <trkpt lat="56.809670" lon="8.257696"><ele>4.0</ele></trkpt>
      <trkpt lat="56.809780" lon="8.258016"><ele>4.2</ele></trkpt>
      <trkpt lat="56.809873" lon="8.257907"><ele>4.3</ele></trkpt>
      <trkpt lat="56.810041" lon="8.257839"><ele>4.5</ele></trkpt>
      <trkpt lat="56.810678" lon="8.257694"><ele>5.2</ele></trkpt>
      <trkpt lat="56.811003" lon="8.257684"><ele>5.5</ele></trkpt>
      <trkpt lat="56.812976" lon="8.258278"><ele>7.4</ele></trkpt>
      <trkpt lat="56.814022" lon="8.258809"><ele>8.3</ele></trkpt>
      <trkpt lat="56.814258" lon="8.258868"><ele>8.5</ele></trkpt>
      <trkpt lat="56.814638" lon="8.258826"><ele>8.8</ele></trkpt>
      <trkpt lat="56.814894" lon="8.258855"><ele>9.0</ele></trkpt>
      <trkpt lat="56.815114" lon="8.258933"><ele>9.2</ele></trkpt>
      <trkpt lat="56.815509" lon="8.259170"><ele>9.4</ele></trkpt>
      <trkpt lat="56.816322" lon="8.259241"><ele>9.8</ele></trkpt>
      <trkpt lat="56.816866" lon="8.259481"><ele>10.0</ele></trkpt>
      <trkpt lat="56.817157" lon="8.259624"><ele>10.2</ele></trkpt>
      <trkpt lat="56.818080" lon="8.260289"><ele>10.8</ele></trkpt>
      <trkpt lat="56.818452" lon="8.260796"><ele>11.1</ele></trkpt>
      <trkpt lat="56.818618" lon="8.260952"><ele>11.2</ele></trkpt>
      <trkpt lat="56.818820" lon="8.261050"><ele>11.4</ele></trkpt>
      <trkpt lat="56.819321" lon="8.261126"><ele>11.7</ele></trkpt>
      <trkpt lat="56.819701" lon="8.261392"><ele>11.9</ele></trkpt>
      <trkpt lat="56.821669" lon="8.263043"><ele>13.4</ele></trkpt>
      <trkpt lat="56.821812" lon="8.263231"><ele>13.5</ele></trkpt>
      <trkpt lat="56.821838" lon="8.263414"><ele>13.4</ele></trkpt>
      <trkpt lat="56.821854" lon="8.263888"><ele>13.0</ele></trkpt>
      <trkpt lat="56.821952" lon="8.264157"><ele>12.8</ele></trkpt>
      <trkpt lat="56.821893" lon="8.264653"><ele>12.4</ele></trkpt>
      <trkpt lat="56.821780" lon="8.265168"><ele>12.0</ele></trkpt>
      <trkpt lat="56.821559" lon="8.265735"><ele>11.5</ele></trkpt>
      <trkpt lat="56.821180" lon="8.266573"><ele>10.5</ele></trkpt>
      <trkpt lat="56.821280" lon="8.266768"><ele>10.2</ele></trkpt>
      <trkpt lat="56.821301" lon="8.267009"><ele>9.9</ele></trkpt>
      <trkpt lat="56.821360" lon="8.267615"><ele>9.2</ele></trkpt>
      <trkpt lat="56.821290" lon="8.267683"><ele>9.0</ele></trkpt>
      <trkpt lat="56.821090" lon="8.267628"><ele>8.6</ele></trkpt>
      <trkpt lat="56.820951" lon="8.267697"><ele>8.3</ele></trkpt>
      <trkpt lat="56.820414" lon="8.268921"><ele>7.0</ele></trkpt>
      <trkpt lat="56.820231" lon="8.269234"><ele>6.8</ele></trkpt>
      <trkpt lat="56.819437" lon="8.271074"><ele>6.0</ele></trkpt>
      <trkpt lat="56.819407" lon="8.271410"><ele>5.9</ele></trkpt>
      <trkpt lat="56.819373" lon="8.271554"><ele>5.9</ele></trkpt>
      <trkpt lat="56.819038" lon="8.272190"><ele>5.8</ele></trkpt>
      <trkpt lat="56.818928" lon="8.272642"><ele>5.7</ele></trkpt>
      <trkpt lat="56.818859" lon="8.272831"><ele>5.7</ele></trkpt>
      <trkpt lat="56.818851" lon="8.272936"><ele>5.7</ele></trkpt>
      <trkpt lat="56.818935" lon="8.273495"><ele>5.6</ele></trkpt>
      <trkpt lat="56.818929" lon="8.273908"><ele>5.6</ele></trkpt>
      <trkpt lat="56.818962" lon="8.274151"><ele>5.6</ele></trkpt>
      <trkpt lat="56.818924" lon="8.274832"><ele>5.7</ele></trkpt>
      <trkpt lat="56.818903" lon="8.274950"><ele>5.7</ele></trkpt>
      <trkpt lat="56.818789" lon="8.275198"><ele>5.8</ele></trkpt>
      <trkpt lat="56.820697" lon="8.278108"><ele>6.8</ele></trkpt>
      <trkpt lat="56.820777" lon="8.278232"><ele>6.9</ele></trkpt>
      <trkpt lat="56.821971" lon="8.280053"><ele>7.8</ele></trkpt>
      <trkpt lat="56.822040" lon="8.280245"><ele>7.8</ele></trkpt>
      <trkpt lat="56.822445" lon="8.282589"><ele>8.4</ele></trkpt>
      <trkpt lat="56.822497" lon="8.282765"><ele>8.5</ele></trkpt>
      <trkpt lat="56.823727" lon="8.284901"><ele>9.0</ele></trkpt>
      <trkpt lat="56.824549" lon="8.285907"><ele>9.3</ele></trkpt>
      <trkpt lat="56.824981" lon="8.286578"><ele>9.5</ele></trkpt>
      <trkpt lat="56.826372" lon="8.288475"><ele>10.2</ele></trkpt>
      <trkpt lat="56.826452" lon="8.288640"><ele>10.3</ele></trkpt>
      <trkpt lat="56.826515" lon="8.288866"><ele>10.3</ele></trkpt>
      <trkpt lat="56.826761" lon="8.290495"><ele>10.7</ele></trkpt>
      <trkpt lat="56.827975" lon="8.298204"><ele>12.0</ele></trkpt>
      <trkpt lat="56.826765" lon="8.299046"><ele>12.5</ele></trkpt>
      <trkpt lat="56.826373" lon="8.299319"><ele>12.7</ele></trkpt>
      <trkpt lat="56.826350" lon="8.299736"><ele>12.8</ele></trkpt>
      <trkpt lat="56.826064" lon="8.301979"><ele>13.2</ele></trkpt>
      <trkpt lat="56.825985" lon="8.304154"><ele>13.5</ele></trkpt>
      <trkpt lat="56.825943" lon="8.304677"><ele>13.2</ele></trkpt>
      <trkpt lat="56.825936" lon="8.305444"><ele>12.7</ele></trkpt>
      <trkpt lat="56.825975" lon="8.307119"><ele>11.5</ele></trkpt>
      <trkpt lat="56.825941" lon="8.307291"><ele>11.3</ele></trkpt>
      <trkpt lat="56.825569" lon="8.308201"><ele>10.8</ele></trkpt>
      <trkpt lat="56.825385" lon="8.308635"><ele>10.6</ele></trkpt>
      <trkpt lat="56.825261" lon="8.308740"><ele>10.5</ele></trkpt>
      <trkpt lat="56.824596" lon="8.309025"><ele>10.0</ele></trkpt>
      <trkpt lat="56.823839" lon="8.309060"><ele>9.7</ele></trkpt>
      <trkpt lat="56.823215" lon="8.309072"><ele>9.6</ele></trkpt>
      <trkpt lat="56.823118" lon="8.309107"><ele>9.5</ele></trkpt>
      <trkpt lat="56.823046" lon="8.309183"><ele>9.5</ele></trkpt>
      <trkpt lat="56.821818" lon="8.311004"><ele>8.2</ele></trkpt>
      <trkpt lat="56.821253" lon="8.312048"><ele>7.4</ele></trkpt>
      <trkpt lat="56.821320" lon="8.312151"><ele>7.4</ele></trkpt>
      <trkpt lat="56.821544" lon="8.312542"><ele>7.2</ele></trkpt>
      <trkpt lat="56.821700" lon="8.312905"><ele>7.0</ele></trkpt>
      <trkpt lat="56.821805" lon="8.313283"><ele>6.9</ele></trkpt>
      <trkpt lat="56.821811" lon="8.313489"><ele>6.8</ele></trkpt>
      <trkpt lat="56.821635" lon="8.316613"><ele>6.1</ele></trkpt>
      <trkpt lat="56.821352" lon="8.316619"><ele>6.0</ele></trkpt>
      <trkpt lat="56.821199" lon="8.316679"><ele>5.9</ele></trkpt>
      <trkpt lat="56.820177" lon="8.317581"><ele>5.4</ele></trkpt>
      <trkpt lat="56.819899" lon="8.317893"><ele>5.2</ele></trkpt>
      <trkpt lat="56.819507" lon="8.318468"><ele>4.9</ele></trkpt>
      <trkpt lat="56.819234" lon="8.319009"><ele>4.9</ele></trkpt>
      <trkpt lat="56.818869" lon="8.320175"><ele>5.1</ele></trkpt>
      <trkpt lat="56.818744" lon="8.320746"><ele>5.2</ele></trkpt>
      <trkpt lat="56.818646" lon="8.321036"><ele>5.3</ele></trkpt>
      <trkpt lat="56.818413" lon="8.321504"><ele>5.3</ele></trkpt>
      <trkpt lat="56.817714" lon="8.323581"><ele>5.1</ele></trkpt>
      <trkpt lat="56.817377" lon="8.324658"><ele>5.1</ele></trkpt>
      <trkpt lat="56.817501" lon="8.324605"><ele>5.1</ele></trkpt>
      <trkpt lat="56.819372" lon="8.325214"><ele>5.0</ele></trkpt>
      <trkpt lat="56.820176" lon="8.325258"><ele>4.3</ele></trkpt>
      <trkpt lat="56.820504" lon="8.325118"><ele>4.0</ele></trkpt>
      <trkpt lat="56.820616" lon="8.324941"><ele>3.9</ele></trkpt>
      <trkpt lat="56.820859" lon="8.324116"><ele>3.6</ele></trkpt>
      <trkpt lat="56.820898" lon="8.324048"><ele>3.6</ele></trkpt>
      <trkpt lat="56.820956" lon="8.324022"><ele>3.5</ele></trkpt>
      <trkpt lat="56.821015" lon="8.324042"><ele>3.5</ele></trkpt>
      <trkpt lat="56.821214" lon="8.324238"><ele>3.4</ele></trkpt>
      <trkpt lat="56.822269" lon="8.324888"><ele>3.0</ele></trkpt>
      <trkpt lat="56.825198" lon="8.326693"><ele>4.0</ele></trkpt>
      <trkpt lat="56.824929" lon="8.328398"><ele>4.4</ele></trkpt>
      <trkpt lat="56.824781" lon="8.328930"><ele>4.5</ele></trkpt>
      <trkpt lat="56.824777" lon="8.329064"><ele>4.5</ele></trkpt>
      <trkpt lat="56.824863" lon="8.329857"><ele>4.6</ele></trkpt>
      <trkpt lat="56.825474" lon="8.335853"><ele>5.3</ele></trkpt>
      <trkpt lat="56.825337" lon="8.335878"><ele>5.4</ele></trkpt>
      <trkpt lat="56.825258" lon="8.335936"><ele>5.4</ele></trkpt>
      <trkpt lat="56.825166" lon="8.336081"><ele>5.4</ele></trkpt>
      <trkpt lat="56.824875" lon="8.336771"><ele>5.6</ele></trkpt>
      <trkpt lat="56.824781" lon="8.337135"><ele>5.7</ele></trkpt>
      <trkpt lat="56.824382" lon="8.339488"><ele>6.4</ele></trkpt>
      <trkpt lat="56.823791" lon="8.341950"><ele>8.6</ele></trkpt>
      <trkpt lat="56.823783" lon="8.342039"><ele>8.7</ele></trkpt>
      <trkpt lat="56.822786" lon="8.347487"><ele>15.6</ele></trkpt>
      <trkpt lat="56.822605" lon="8.348287"><ele>16.5</ele></trkpt>
      <trkpt lat="56.822531" lon="8.348629"><ele>16.8</ele></trkpt>
      <trkpt lat="56.821914" lon="8.351525"><ele>16.3</ele></trkpt>
      <trkpt lat="56.821737" lon="8.352202"><ele>16.2</ele></trkpt>
      <trkpt lat="56.820960" lon="8.351413"><ele>15.8</ele></trkpt>
      <trkpt lat="56.821737" lon="8.352202"><ele>15.5</ele></trkpt>
      <trkpt lat="56.823002" lon="8.353485"><ele>15.1</ele></trkpt>
      <trkpt lat="56.824555" lon="8.355061"><ele>14.0</ele></trkpt>
      <trkpt lat="56.824637" lon="8.354608"><ele>14.1</ele></trkpt>
      <trkpt lat="56.825457" lon="8.351199"><ele>15.2</ele></trkpt>
      <trkpt lat="56.825639" lon="8.350859"><ele>15.2</ele></trkpt>
      <trkpt lat="56.826057" lon="8.350475"><ele>15.1</ele></trkpt>
      <trkpt lat="56.826159" lon="8.350339"><ele>15.1</ele></trkpt>
      <trkpt lat="56.826228" lon="8.350159"><ele>15.1</ele></trkpt>
      <trkpt lat="56.826275" lon="8.349970"><ele>15.1</ele></trkpt>
      <trkpt lat="56.826524" lon="8.348193"><ele>13.7</ele></trkpt>
      <trkpt lat="56.826765" lon="8.346762"><ele>12.3</ele></trkpt>
      <trkpt lat="56.827155" lon="8.344757"><ele>10.6</ele></trkpt>
      <trkpt lat="56.827171" lon="8.344679"><ele>10.5</ele></trkpt>
      <trkpt lat="56.827608" lon="8.344985"><ele>9.8</ele></trkpt>
      <trkpt lat="56.827880" lon="8.345170"><ele>9.4</ele></trkpt>
      <trkpt lat="56.828093" lon="8.345245"><ele>9.4</ele></trkpt>
      <trkpt lat="56.829236" lon="8.345318"><ele>9.6</ele></trkpt>
      <trkpt lat="56.830435" lon="8.345399"><ele>9.8</ele></trkpt>
      <trkpt lat="56.830675" lon="8.345447"><ele>9.9</ele></trkpt>
      <trkpt lat="56.832203" lon="8.346057"><ele>9.7</ele></trkpt>
      <trkpt lat="56.832366" lon="8.346158"><ele>9.7</ele></trkpt>
      <trkpt lat="56.832483" lon="8.346350"><ele>9.6</ele></trkpt>
      <trkpt lat="56.832768" lon="8.346953"><ele>9.4</ele></trkpt>
      <trkpt lat="56.833249" lon="8.347980"><ele>9.5</ele></trkpt>
      <trkpt lat="56.833823" lon="8.349529"><ele>9.8</ele></trkpt>
      <trkpt lat="56.833922" lon="8.349712"><ele>9.8</ele></trkpt>
      <trkpt lat="56.834131" lon="8.349953"><ele>9.9</ele></trkpt>
      <trkpt lat="56.834233" lon="8.350037"><ele>10.0</ele></trkpt>
      <trkpt lat="56.835666" lon="8.351463"><ele>10.6</ele></trkpt>
      <trkpt lat="56.836478" lon="8.352255"><ele>10.9</ele></trkpt>
      <trkpt lat="56.837230" lon="8.353261"><ele>11.2</ele></trkpt>
      <trkpt lat="56.838145" lon="8.354086"><ele>11.8</ele></trkpt>
      <trkpt lat="56.839044" lon="8.355013"><ele>12.5</ele></trkpt>
      <trkpt lat="56.840396" lon="8.356403"><ele>13.9</ele></trkpt>
      <trkpt lat="56.840786" lon="8.356866"><ele>14.3</ele></trkpt>
      <trkpt lat="56.841438" lon="8.357644"><ele>15.1</ele></trkpt>
      <trkpt lat="56.841721" lon="8.357916"><ele>15.4</ele></trkpt>
      <trkpt lat="56.841896" lon="8.358101"><ele>15.6</ele></trkpt>
      <trkpt lat="56.842137" lon="8.358413"><ele>15.6</ele></trkpt>
      <trkpt lat="56.842604" lon="8.359241"><ele>15.5</ele></trkpt>
      <trkpt lat="56.842675" lon="8.359370"><ele>15.5</ele></trkpt>
      <trkpt lat="56.842733" lon="8.359475"><ele>15.5</ele></trkpt>
      <trkpt lat="56.843156" lon="8.360227"><ele>15.5</ele></trkpt>
      <trkpt lat="56.843454" lon="8.360697"><ele>15.6</ele></trkpt>
      <trkpt lat="56.844197" lon="8.361755"><ele>15.7</ele></trkpt>
      <trkpt lat="56.844566" lon="8.362280"><ele>15.8</ele></trkpt>
      <trkpt lat="56.844886" lon="8.362738"><ele>15.9</ele></trkpt>
      <trkpt lat="56.845293" lon="8.363137"><ele>15.9</ele></trkpt>
      <trkpt lat="56.845398" lon="8.363236"><ele>15.9</ele></trkpt>
      <trkpt lat="56.845825" lon="8.363620"><ele>16.0</ele></trkpt>
      <trkpt lat="56.846380" lon="8.364071"><ele>15.9</ele></trkpt>
      <trkpt lat="56.847121" lon="8.364571"><ele>15.5</ele></trkpt>
      <trkpt lat="56.847313" lon="8.364636"><ele>15.4</ele></trkpt>
      <trkpt lat="56.847507" lon="8.364621"><ele>15.3</ele></trkpt>
      <trkpt lat="56.848399" lon="8.364343"><ele>15.2</ele></trkpt>
      <trkpt lat="56.848738" lon="8.364300"><ele>15.3</ele></trkpt>
      <trkpt lat="56.849136" lon="8.364338"><ele>15.4</ele></trkpt>
      <trkpt lat="56.849743" lon="8.364428"><ele>15.6</ele></trkpt>
      <trkpt lat="56.850300" lon="8.364453"><ele>16.3</ele></trkpt>
      <trkpt lat="56.850812" lon="8.364410"><ele>17.0</ele></trkpt>
      <trkpt lat="56.851251" lon="8.364379"><ele>17.6</ele></trkpt>
      <trkpt lat="56.851509" lon="8.364446"><ele>17.9</ele></trkpt>
      <trkpt lat="56.851576" lon="8.364499"><ele>17.9</ele></trkpt>
      <trkpt lat="56.852172" lon="8.364891"><ele>18.1</ele></trkpt>
      <trkpt lat="56.852440" lon="8.365059"><ele>18.2</ele></trkpt>
      <trkpt lat="56.852536" lon="8.365114"><ele>18.2</ele></trkpt>
      <trkpt lat="56.852686" lon="8.365198"><ele>18.3</ele></trkpt>
      <trkpt lat="56.853137" lon="8.365423"><ele>18.4</ele></trkpt>
      <trkpt lat="56.853247" lon="8.365493"><ele>18.4</ele></trkpt>
      <trkpt lat="56.853333" lon="8.365571"><ele>18.3</ele></trkpt>
      <trkpt lat="56.853525" lon="8.365852"><ele>18.1</ele></trkpt>
      <trkpt lat="56.853661" lon="8.366303"><ele>17.9</ele></trkpt>
      <trkpt lat="56.853754" lon="8.366412"><ele>17.8</ele></trkpt>
      <trkpt lat="56.853796" lon="8.366593"><ele>17.7</ele></trkpt>
      <trkpt lat="56.853830" lon="8.367357"><ele>17.4</ele></trkpt>
      <trkpt lat="56.853905" lon="8.367594"><ele>17.3</ele></trkpt>
      <trkpt lat="56.854159" lon="8.368073"><ele>17.0</ele></trkpt>
      <trkpt lat="56.854776" lon="8.368989"><ele>17.4</ele></trkpt>
      <trkpt lat="56.856193" lon="8.371209"><ele>18.5</ele></trkpt>
      <trkpt lat="56.856498" lon="8.371477"><ele>18.8</ele></trkpt>
      <trkpt lat="56.856901" lon="8.371592"><ele>19.1</ele></trkpt>
      <trkpt lat="56.857552" lon="8.371440"><ele>19.3</ele></trkpt>
      <trkpt lat="56.857623" lon="8.371372"><ele>19.3</ele></trkpt>
      <trkpt lat="56.860598" lon="8.369643"><ele>19.4</ele></trkpt>
      <trkpt lat="56.860884" lon="8.369466"><ele>19.7</ele></trkpt>
      <trkpt lat="56.860873" lon="8.369268"><ele>19.9</ele></trkpt>
      <trkpt lat="56.860712" lon="8.368251"><ele>20.5</ele></trkpt>
      <trkpt lat="56.860704" lon="8.368036"><ele>20.6</ele></trkpt>
      <trkpt lat="56.860762" lon="8.367306"><ele>21.0</ele></trkpt>
      <trkpt lat="56.861004" lon="8.367898"><ele>21.3</ele></trkpt>
      <trkpt lat="56.861120" lon="8.368113"><ele>21.3</ele></trkpt>
      <trkpt lat="56.861230" lon="8.368224"><ele>21.3</ele></trkpt>
      <trkpt lat="56.861389" lon="8.368260"><ele>21.3</ele></trkpt>
      <trkpt lat="56.861757" lon="8.368232"><ele>21.4</ele></trkpt>
      <trkpt lat="56.861808" lon="8.368181"><ele>21.4</ele></trkpt>
      <trkpt lat="56.861946" lon="8.367776"><ele>21.4</ele></trkpt>
      <trkpt lat="56.862170" lon="8.367289"><ele>21.5</ele></trkpt>
      <trkpt lat="56.862287" lon="8.367220"><ele>21.5</ele></trkpt>
      <trkpt lat="56.862471" lon="8.367216"><ele>21.5</ele></trkpt>
      <trkpt lat="56.862566" lon="8.367238"><ele>21.5</ele></trkpt>
      <trkpt lat="56.862709" lon="8.367355"><ele>21.5</ele></trkpt>
      <trkpt lat="56.862781" lon="8.367481"><ele>21.5</ele></trkpt>
      <trkpt lat="56.863031" lon="8.368135"><ele>21.6</ele></trkpt>
      <trkpt lat="56.863301" lon="8.368923"><ele>21.6</ele></trkpt>
      <trkpt lat="56.863464" lon="8.369695"><ele>21.7</ele></trkpt>
      <trkpt lat="56.863482" lon="8.370007"><ele>21.7</ele></trkpt>
      <trkpt lat="56.863454" lon="8.370627"><ele>21.7</ele></trkpt>
      <trkpt lat="56.863474" lon="8.371094"><ele>21.7</ele></trkpt>
      <trkpt lat="56.863524" lon="8.371531"><ele>21.8</ele></trkpt>
      <trkpt lat="56.863614" lon="8.371870"><ele>21.8</ele></trkpt>
      <trkpt lat="56.863709" lon="8.372087"><ele>21.8</ele></trkpt>
      <trkpt lat="56.863868" lon="8.372292"><ele>21.8</ele></trkpt>
      <trkpt lat="56.864188" lon="8.372602"><ele>21.8</ele></trkpt>
      <trkpt lat="56.864666" lon="8.372868"><ele>21.8</ele></trkpt>
      <trkpt lat="56.864831" lon="8.373044"><ele>21.8</ele></trkpt>
      <trkpt lat="56.864982" lon="8.373288"><ele>21.8</ele></trkpt>
      <trkpt lat="56.865161" lon="8.373101"><ele>21.8</ele></trkpt>
      <trkpt lat="56.866052" lon="8.371790"><ele>21.5</ele></trkpt>
      <trkpt lat="56.866408" lon="8.371364"><ele>21.3</ele></trkpt>
      <trkpt lat="56.866577" lon="8.371065"><ele>21.2</ele></trkpt>
      <trkpt lat="56.866932" lon="8.370552"><ele>21.1</ele></trkpt>
      <trkpt lat="56.867591" lon="8.369802"><ele>20.7</ele></trkpt>
      <trkpt lat="56.867699" lon="8.369744"><ele>20.7</ele></trkpt>
      <trkpt lat="56.867826" lon="8.369780"><ele>20.6</ele></trkpt>
      <trkpt lat="56.868037" lon="8.370074"><ele>20.5</ele></trkpt>
      <trkpt lat="56.868132" lon="8.370133"><ele>20.4</ele></trkpt>
      <trkpt lat="56.868441" lon="8.370057"><ele>20.3</ele></trkpt>
      <trkpt lat="56.868580" lon="8.369938"><ele>20.2</ele></trkpt>
      <trkpt lat="56.868704" lon="8.369767"><ele>20.0</ele></trkpt>
      <trkpt lat="56.868770" lon="8.369855"><ele>20.0</ele></trkpt>
      <trkpt lat="56.868870" lon="8.370670"><ele>19.5</ele></trkpt>
      <trkpt lat="56.868980" lon="8.371117"><ele>19.2</ele></trkpt>
      <trkpt lat="56.869207" lon="8.371849"><ele>18.8</ele></trkpt>
      <trkpt lat="56.869275" lon="8.371950"><ele>18.7</ele></trkpt>
      <trkpt lat="56.869354" lon="8.372009"><ele>18.6</ele></trkpt>
      <trkpt lat="56.870066" lon="8.372259"><ele>18.4</ele></trkpt>
      <trkpt lat="56.870711" lon="8.372300"><ele>18.3</ele></trkpt>
      <trkpt lat="56.871070" lon="8.372399"><ele>18.3</ele></trkpt>
      <trkpt lat="56.871363" lon="8.372538"><ele>18.3</ele></trkpt>
      <trkpt lat="56.871587" lon="8.372556"><ele>18.5</ele></trkpt>
      <trkpt lat="56.871698" lon="8.372487"><ele>18.5</ele></trkpt>
      <trkpt lat="56.872429" lon="8.371343"><ele>19.0</ele></trkpt>
      <trkpt lat="56.872633" lon="8.371166"><ele>19.2</ele></trkpt>
      <trkpt lat="56.873261" lon="8.370910"><ele>19.7</ele></trkpt>
      <trkpt lat="56.873711" lon="8.370899"><ele>20.0</ele></trkpt>
      <trkpt lat="56.874032" lon="8.371003"><ele>20.3</ele></trkpt>
      <trkpt lat="56.874838" lon="8.371732"><ele>20.8</ele></trkpt>
      <trkpt lat="56.874965" lon="8.371575"><ele>20.8</ele></trkpt>
      <trkpt lat="56.876071" lon="8.371122"><ele>21.0</ele></trkpt>
      <trkpt lat="56.877393" lon="8.370529"><ele>20.9</ele></trkpt>
      <trkpt lat="56.877651" lon="8.370475"><ele>20.8</ele></trkpt>
      <trkpt lat="56.878714" lon="8.370952"><ele>20.4</ele></trkpt>
      <trkpt lat="56.879103" lon="8.371013"><ele>20.3</ele></trkpt>
      <trkpt lat="56.879451" lon="8.371029"><ele>20.1</ele></trkpt>
      <trkpt lat="56.879832" lon="8.371158"><ele>19.9</ele></trkpt>
      <trkpt lat="56.880071" lon="8.371441"><ele>19.6</ele></trkpt>
      <trkpt lat="56.880240" lon="8.371724"><ele>19.4</ele></trkpt>
      <trkpt lat="56.880445" lon="8.372324"><ele>19.0</ele></trkpt>
      <trkpt lat="56.880586" lon="8.372127"><ele>18.9</ele></trkpt>
      <trkpt lat="56.880833" lon="8.371584"><ele>18.5</ele></trkpt>
      <trkpt lat="56.880882" lon="8.371405"><ele>18.4</ele></trkpt>
      <trkpt lat="56.880899" lon="8.371228"><ele>18.3</ele></trkpt>
      <trkpt lat="56.880907" lon="8.370980"><ele>18.2</ele></trkpt>
      <trkpt lat="56.880955" lon="8.370772"><ele>18.1</ele></trkpt>
      <trkpt lat="56.881714" lon="8.370197"><ele>17.6</ele></trkpt>
      <trkpt lat="56.881821" lon="8.370168"><ele>17.5</ele></trkpt>
      <trkpt lat="56.882356" lon="8.370310"><ele>17.2</ele></trkpt>
      <trkpt lat="56.882540" lon="8.370516"><ele>17.0</ele></trkpt>
      <trkpt lat="56.882665" lon="8.370820"><ele>16.7</ele></trkpt>
      <trkpt lat="56.882806" lon="8.370941"><ele>16.5</ele></trkpt>
      <trkpt lat="56.882973" lon="8.371026"><ele>16.3</ele></trkpt>
      <trkpt lat="56.883095" lon="8.371042"><ele>16.2</ele></trkpt>
      <trkpt lat="56.883299" lon="8.371013"><ele>16.0</ele></trkpt>
      <trkpt lat="56.883834" lon="8.370716"><ele>15.3</ele></trkpt>
      <trkpt lat="56.885443" lon="8.370059"><ele>13.9</ele></trkpt>
      <trkpt lat="56.885546" lon="8.370072"><ele>13.8</ele></trkpt>
      <trkpt lat="56.886061" lon="8.370609"><ele>13.4</ele></trkpt>
      <trkpt lat="56.886154" lon="8.370652"><ele>13.4</ele></trkpt>
      <trkpt lat="56.886237" lon="8.370622"><ele>13.4</ele></trkpt>
      <trkpt lat="56.886386" lon="8.370474"><ele>13.3</ele></trkpt>
      <trkpt lat="56.886582" lon="8.369938"><ele>13.2</ele></trkpt>
      <trkpt lat="56.886699" lon="8.369841"><ele>13.2</ele></trkpt>
      <trkpt lat="56.887098" lon="8.369355"><ele>13.1</ele></trkpt>
      <trkpt lat="56.891835" lon="8.367386"><ele>12.7</ele></trkpt>
      <trkpt lat="56.891876" lon="8.367394"><ele>12.7</ele></trkpt>
      <trkpt lat="56.891915" lon="8.367468"><ele>12.7</ele></trkpt>
      <trkpt lat="56.891720" lon="8.367865"><ele>12.6</ele></trkpt>
      <trkpt lat="56.891440" lon="8.368819"><ele>12.3</ele></trkpt>
      <trkpt lat="56.891388" lon="8.369198"><ele>12.2</ele></trkpt>
      <trkpt lat="56.891359" lon="8.369903"><ele>11.8</ele></trkpt>
      <trkpt lat="56.890571" lon="8.373420"><ele>10.2</ele></trkpt>
      <trkpt lat="56.890486" lon="8.373901"><ele>10.0</ele></trkpt>
      <trkpt lat="56.890404" lon="8.374063"><ele>9.9</ele></trkpt>
      <trkpt lat="56.890275" lon="8.374113"><ele>9.8</ele></trkpt>
      <trkpt lat="56.889853" lon="8.373967"><ele>9.7</ele></trkpt>
      <trkpt lat="56.889594" lon="8.373871"><ele>9.7</ele></trkpt>
      <trkpt lat="56.888871" lon="8.373609"><ele>9.6</ele></trkpt>
      <trkpt lat="56.888740" lon="8.373633"><ele>9.6</ele></trkpt>
      <trkpt lat="56.888691" lon="8.373686"><ele>9.6</ele></trkpt>
      <trkpt lat="56.888627" lon="8.373895"><ele>9.5</ele></trkpt>
      <trkpt lat="56.888535" lon="8.375259"><ele>9.2</ele></trkpt>
      <trkpt lat="56.888335" lon="8.377158"><ele>8.5</ele></trkpt>
      <trkpt lat="56.888270" lon="8.378169"><ele>8.3</ele></trkpt>
      <trkpt lat="56.888200" lon="8.378403"><ele>8.2</ele></trkpt>
      <trkpt lat="56.888131" lon="8.378479"><ele>8.2</ele></trkpt>
      <trkpt lat="56.888052" lon="8.378498"><ele>8.2</ele></trkpt>
      <trkpt lat="56.887418" lon="8.378358"><ele>8.1</ele></trkpt>
      <trkpt lat="56.885636" lon="8.378358"><ele>8.0</ele></trkpt>
      <trkpt lat="56.885566" lon="8.378389"><ele>8.0</ele></trkpt>
      <trkpt lat="56.885478" lon="8.378543"><ele>8.0</ele></trkpt>
      <trkpt lat="56.885455" lon="8.378671"><ele>8.0</ele></trkpt>
      <trkpt lat="56.885379" lon="8.380209"><ele>7.4</ele></trkpt>
      <trkpt lat="56.885090" lon="8.382639"><ele>6.3</ele></trkpt>
      <trkpt lat="56.885075" lon="8.383275"><ele>6.2</ele></trkpt>
      <trkpt lat="56.885060" lon="8.383910"><ele>6.1</ele></trkpt>
      <trkpt lat="56.885637" lon="8.384274"><ele>5.9</ele></trkpt>
      <trkpt lat="56.886095" lon="8.384689"><ele>5.7</ele></trkpt>
      <trkpt lat="56.886699" lon="8.385308"><ele>5.4</ele></trkpt>
      <trkpt lat="56.886842" lon="8.385601"><ele>5.4</ele></trkpt>
      <trkpt lat="56.886896" lon="8.385836"><ele>5.3</ele></trkpt>
      <trkpt lat="56.886932" lon="8.386207"><ele>5.3</ele></trkpt>
      <trkpt lat="56.886892" lon="8.388908"><ele>4.5</ele></trkpt>
      <trkpt lat="56.887071" lon="8.388931"><ele>4.4</ele></trkpt>
      <trkpt lat="56.888798" lon="8.389180"><ele>3.8</ele></trkpt>
      <trkpt lat="56.889402" lon="8.389228"><ele>3.6</ele></trkpt>
      <trkpt lat="56.889973" lon="8.389215"><ele>3.6</ele></trkpt>
      <trkpt lat="56.890928" lon="8.389028"><ele>3.6</ele></trkpt>
      <trkpt lat="56.891553" lon="8.388799"><ele>3.4</ele></trkpt>
      <trkpt lat="56.892233" lon="8.388485"><ele>3.2</ele></trkpt>
      <trkpt lat="56.892276" lon="8.389900"><ele>2.9</ele></trkpt>
      <trkpt lat="56.892366" lon="8.392828"><ele>2.3</ele></trkpt>
      <trkpt lat="56.892487" lon="8.392850"><ele>2.2</ele></trkpt>
      <trkpt lat="56.892737" lon="8.392983"><ele>2.5</ele></trkpt>
      <trkpt lat="56.892890" lon="8.393123"><ele>2.7</ele></trkpt>
      <trkpt lat="56.893115" lon="8.393472"><ele>3.0</ele></trkpt>
      <trkpt lat="56.894265" lon="8.396585"><ele>5.8</ele></trkpt>
      <trkpt lat="56.894304" lon="8.396689"><ele>5.9</ele></trkpt>
      <trkpt lat="56.896574" lon="8.402744"><ele>13.7</ele></trkpt>
      <trkpt lat="56.896715" lon="8.403126"><ele>14.1</ele></trkpt>
      <trkpt lat="56.897302" lon="8.404711"><ele>14.5</ele></trkpt>
      <trkpt lat="56.897931" lon="8.406301"><ele>15.3</ele></trkpt>
      <trkpt lat="56.898734" lon="8.408016"><ele>18.3</ele></trkpt>
      <trkpt lat="56.900297" lon="8.410527"><ele>22.4</ele></trkpt>
      <trkpt lat="56.900741" lon="8.411215"><ele>21.5</ele></trkpt>
      <trkpt lat="56.900633" lon="8.411685"><ele>21.0</ele></trkpt>
      <trkpt lat="56.900562" lon="8.412144"><ele>20.5</ele></trkpt>
      <trkpt lat="56.900499" lon="8.413614"><ele>19.1</ele></trkpt>
      <trkpt lat="56.900469" lon="8.414677"><ele>18.5</ele></trkpt>
      <trkpt lat="56.900343" lon="8.418587"><ele>18.4</ele></trkpt>
      <trkpt lat="56.900290" lon="8.418929"><ele>18.6</ele></trkpt>
      <trkpt lat="56.899960" lon="8.420533"><ele>20.2</ele></trkpt>
      <trkpt lat="56.899744" lon="8.421857"><ele>22.3</ele></trkpt>
      <trkpt lat="56.899396" lon="8.425252"><ele>25.0</ele></trkpt>
      <trkpt lat="56.899355" lon="8.425671"><ele>25.1</ele></trkpt>
      <trkpt lat="56.899296" lon="8.426374"><ele>25.4</ele></trkpt>
      <trkpt lat="56.899160" lon="8.427244"><ele>23.9</ele></trkpt>
      <trkpt lat="56.899062" lon="8.427732"><ele>23.0</ele></trkpt>
      <trkpt lat="56.898961" lon="8.428051"><ele>22.4</ele></trkpt>
      <trkpt lat="56.898407" lon="8.429417"><ele>19.6</ele></trkpt>
      <trkpt lat="56.898324" lon="8.429682"><ele>19.2</ele></trkpt>
      <trkpt lat="56.898251" lon="8.430197"><ele>18.4</ele></trkpt>
      <trkpt lat="56.898282" lon="8.432162"><ele>15.4</ele></trkpt>
      <trkpt lat="56.898344" lon="8.432581"><ele>14.9</ele></trkpt>
      <trkpt lat="56.898431" lon="8.432918"><ele>14.6</ele></trkpt>
      <trkpt lat="56.898563" lon="8.433223"><ele>14.3</ele></trkpt>
      <trkpt lat="56.898858" lon="8.433764"><ele>13.7</ele></trkpt>
      <trkpt lat="56.898994" lon="8.434088"><ele>13.4</ele></trkpt>
      <trkpt lat="56.899098" lon="8.434552"><ele>13.0</ele></trkpt>
      <trkpt lat="56.899139" lon="8.435003"><ele>12.6</ele></trkpt>
      <trkpt lat="56.899100" lon="8.435957"><ele>12.0</ele></trkpt>
      <trkpt lat="56.899011" lon="8.437546"><ele>11.0</ele></trkpt>
      <trkpt lat="56.899014" lon="8.438023"><ele>10.6</ele></trkpt>
      <trkpt lat="56.899059" lon="8.438487"><ele>10.3</ele></trkpt>
      <trkpt lat="56.899424" lon="8.440101"><ele>10.4</ele></trkpt>
      <trkpt lat="56.899552" lon="8.440432"><ele>10.5</ele></trkpt>
      <trkpt lat="56.899932" lon="8.440922"><ele>10.5</ele></trkpt>
      <trkpt lat="56.899626" lon="8.442099"><ele>11.1</ele></trkpt>
      <trkpt lat="56.899309" lon="8.443512"><ele>12.1</ele></trkpt>
      <trkpt lat="56.899252" lon="8.443810"><ele>12.3</ele></trkpt>
      <trkpt lat="56.898883" lon="8.445901"><ele>13.8</ele></trkpt>
      <trkpt lat="56.898497" lon="8.448999"><ele>16.2</ele></trkpt>
      <trkpt lat="56.898416" lon="8.450033"><ele>17.1</ele></trkpt>
      <trkpt lat="56.898305" lon="8.452259"><ele>18.0</ele></trkpt>
      <trkpt lat="56.898176" lon="8.455812"><ele>16.8</ele></trkpt>
      <trkpt lat="56.898071" lon="8.457844"><ele>14.8</ele></trkpt>
      <trkpt lat="56.898015" lon="8.458462"><ele>14.0</ele></trkpt>
      <trkpt lat="56.897939" lon="8.459301"><ele>12.9</ele></trkpt>
      <trkpt lat="56.897806" lon="8.460436"><ele>11.5</ele></trkpt>
      <trkpt lat="56.897730" lon="8.460995"><ele>10.9</ele></trkpt>
      <trkpt lat="56.897624" lon="8.461675"><ele>10.2</ele></trkpt>
      <trkpt lat="56.897365" lon="8.463174"><ele>8.7</ele></trkpt>
      <trkpt lat="56.896602" lon="8.467020"><ele>5.6</ele></trkpt>
      <trkpt lat="56.896428" lon="8.468031"><ele>5.3</ele></trkpt>
      <trkpt lat="56.896121" lon="8.469960"><ele>4.7</ele></trkpt>
      <trkpt lat="56.895576" lon="8.473872"><ele>4.2</ele></trkpt>
      <trkpt lat="56.896121" lon="8.469960"><ele>4.6</ele></trkpt>
      <trkpt lat="56.896428" lon="8.468031"><ele>5.0</ele></trkpt>
      <trkpt lat="56.896602" lon="8.467020"><ele>5.3</ele></trkpt>
      <trkpt lat="56.898562" lon="8.467617"><ele>6.6</ele></trkpt>
      <trkpt lat="56.899711" lon="8.468140"><ele>7.4</ele></trkpt>
      <trkpt lat="56.899872" lon="8.468335"><ele>7.5</ele></trkpt>
      <trkpt lat="56.899934" lon="8.468579"><ele>7.5</ele></trkpt>
      <trkpt lat="56.899955" lon="8.468849"><ele>7.6</ele></trkpt>
      <trkpt lat="56.899934" lon="8.469313"><ele>7.6</ele></trkpt>
      <trkpt lat="56.899806" lon="8.470126"><ele>7.7</ele></trkpt>
      <trkpt lat="56.899685" lon="8.471220"><ele>7.5</ele></trkpt>
      <trkpt lat="56.899617" lon="8.472061"><ele>7.1</ele></trkpt>
      <trkpt lat="56.899626" lon="8.472718"><ele>6.7</ele></trkpt>
      <trkpt lat="56.899652" lon="8.473055"><ele>6.6</ele></trkpt>
      <trkpt lat="56.899687" lon="8.473173"><ele>6.5</ele></trkpt>
      <trkpt lat="56.899757" lon="8.473538"><ele>6.3</ele></trkpt>
      <trkpt lat="56.899854" lon="8.473639"><ele>6.2</ele></trkpt>
      <trkpt lat="56.901014" lon="8.473875"><ele>5.5</ele></trkpt>
      <trkpt lat="56.902034" lon="8.474220"><ele>4.9</ele></trkpt>
      <trkpt lat="56.903064" lon="8.474809"><ele>4.6</ele></trkpt>
      <trkpt lat="56.904030" lon="8.475438"><ele>4.6</ele></trkpt>
      <trkpt lat="56.904497" lon="8.473050"><ele>4.8</ele></trkpt>
      <trkpt lat="56.906362" lon="8.473644"><ele>4.7</ele></trkpt>
      <trkpt lat="56.907147" lon="8.474073"><ele>4.9</ele></trkpt>
      <trkpt lat="56.907468" lon="8.474428"><ele>4.9</ele></trkpt>
      <trkpt lat="56.907956" lon="8.473987"><ele>5.1</ele></trkpt>
      <trkpt lat="56.908452" lon="8.474401"><ele>5.3</ele></trkpt>
      <trkpt lat="56.908553" lon="8.474423"><ele>5.3</ele></trkpt>
      <trkpt lat="56.908681" lon="8.474357"><ele>5.3</ele></trkpt>
      <trkpt lat="56.908792" lon="8.474477"><ele>5.4</ele></trkpt>
      <trkpt lat="56.908897" lon="8.474386"><ele>5.4</ele></trkpt>
      <trkpt lat="56.910391" lon="8.475319"><ele>5.6</ele></trkpt>
      <trkpt lat="56.910866" lon="8.474788"><ele>5.7</ele></trkpt>
      <trkpt lat="56.911029" lon="8.474768"><ele>5.7</ele></trkpt>
      <trkpt lat="56.911208" lon="8.474873"><ele>5.8</ele></trkpt>
      <trkpt lat="56.911372" lon="8.475023"><ele>5.9</ele></trkpt>
      <trkpt lat="56.911776" lon="8.475599"><ele>6.2</ele></trkpt>
      <trkpt lat="56.911821" lon="8.475699"><ele>6.3</ele></trkpt>
      <trkpt lat="56.911831" lon="8.475798"><ele>6.3</ele></trkpt>
      <trkpt lat="56.911830" lon="8.476144"><ele>6.4</ele></trkpt>
      <trkpt lat="56.911898" lon="8.476228"><ele>6.5</ele></trkpt>
      <trkpt lat="56.913814" lon="8.477165"><ele>8.9</ele></trkpt>
      <trkpt lat="56.915640" lon="8.478032"><ele>11.0</ele></trkpt>
      <trkpt lat="56.917019" lon="8.478579"><ele>11.1</ele></trkpt>
      <trkpt lat="56.917581" lon="8.480325"><ele>11.5</ele></trkpt>
      <trkpt lat="56.917760" lon="8.480763"><ele>11.8</ele></trkpt>
      <trkpt lat="56.918030" lon="8.481251"><ele>12.2</ele></trkpt>
      <trkpt lat="56.918109" lon="8.481460"><ele>12.3</ele></trkpt>
      <trkpt lat="56.918160" lon="8.481669"><ele>12.5</ele></trkpt>
      <trkpt lat="56.918192" lon="8.481980"><ele>12.7</ele></trkpt>
      <trkpt lat="56.918312" lon="8.483761"><ele>14.4</ele></trkpt>
      <trkpt lat="56.918360" lon="8.484402"><ele>15.1</ele></trkpt>
      <trkpt lat="56.918481" lon="8.485426"><ele>16.2</ele></trkpt>
      <trkpt lat="56.918487" lon="8.485844"><ele>16.6</ele></trkpt>
      <trkpt lat="56.918386" lon="8.486968"><ele>17.5</ele></trkpt>
      <trkpt lat="56.918397" lon="8.487791"><ele>18.1</ele></trkpt>
      <trkpt lat="56.918437" lon="8.489012"><ele>18.9</ele></trkpt>
      <trkpt lat="56.918408" lon="8.489696"><ele>19.0</ele></trkpt>
      <trkpt lat="56.918361" lon="8.490424"><ele>19.0</ele></trkpt>
      <trkpt lat="56.918321" lon="8.490669"><ele>19.0</ele></trkpt>
      <trkpt lat="56.918135" lon="8.491393"><ele>19.1</ele></trkpt>
      <trkpt lat="56.917679" lon="8.492949"><ele>18.7</ele></trkpt>
      <trkpt lat="56.917237" lon="8.494467"><ele>17.8</ele></trkpt>
      <trkpt lat="56.917101" lon="8.495052"><ele>17.5</ele></trkpt>
      <trkpt lat="56.916336" lon="8.500532"><ele>14.9</ele></trkpt>
      <trkpt lat="56.916596" lon="8.500685"><ele>14.7</ele></trkpt>
      <trkpt lat="56.916562" lon="8.501561"><ele>14.3</ele></trkpt>
      <trkpt lat="56.916518" lon="8.502037"><ele>14.1</ele></trkpt>
      <trkpt lat="56.916297" lon="8.503193"><ele>13.6</ele></trkpt>
      <trkpt lat="56.916087" lon="8.504617"><ele>13.2</ele></trkpt>
      <trkpt lat="56.916062" lon="8.505942"><ele>13.2</ele></trkpt>
      <trkpt lat="56.916023" lon="8.506707"><ele>13.2</ele></trkpt>
      <trkpt lat="56.916033" lon="8.507983"><ele>13.5</ele></trkpt>
      <trkpt lat="56.915995" lon="8.508489"><ele>13.8</ele></trkpt>
      <trkpt lat="56.917641" lon="8.509397"><ele>15.8</ele></trkpt>
      <trkpt lat="56.917844" lon="8.508971"><ele>16.2</ele></trkpt>
      <trkpt lat="56.918017" lon="8.508746"><ele>16.5</ele></trkpt>
      <trkpt lat="56.918109" lon="8.508691"><ele>16.6</ele></trkpt>
      <trkpt lat="56.919168" lon="8.508603"><ele>17.9</ele></trkpt>
      <trkpt lat="56.919405" lon="8.508642"><ele>18.1</ele></trkpt>
      <trkpt lat="56.919804" lon="8.508784"><ele>18.4</ele></trkpt>
      <trkpt lat="56.920669" lon="8.509344"><ele>19.0</ele></trkpt>
      <trkpt lat="56.920778" lon="8.509451"><ele>19.0</ele></trkpt>
      <trkpt lat="56.920867" lon="8.509575"><ele>19.1</ele></trkpt>
      <trkpt lat="56.921078" lon="8.510052"><ele>19.1</ele></trkpt>
      <trkpt lat="56.921216" lon="8.510277"><ele>19.1</ele></trkpt>
      <trkpt lat="56.921417" lon="8.510560"><ele>19.2</ele></trkpt>
      <trkpt lat="56.921718" lon="8.510855"><ele>19.2</ele></trkpt>
      <trkpt lat="56.921970" lon="8.510974"><ele>19.3</ele></trkpt>
      <trkpt lat="56.922589" lon="8.510946"><ele>19.5</ele></trkpt>
      <trkpt lat="56.922886" lon="8.511009"><ele>19.6</ele></trkpt>
      <trkpt lat="56.923245" lon="8.511153"><ele>19.8</ele></trkpt>
      <trkpt lat="56.923827" lon="8.511219"><ele>20.1</ele></trkpt>
      <trkpt lat="56.924483" lon="8.511356"><ele>20.8</ele></trkpt>
      <trkpt lat="56.924719" lon="8.511496"><ele>21.1</ele></trkpt>
      <trkpt lat="56.925138" lon="8.511863"><ele>21.7</ele></trkpt>
      <trkpt lat="56.925499" lon="8.512081"><ele>22.1</ele></trkpt>
      <trkpt lat="56.925561" lon="8.512114"><ele>22.2</ele></trkpt>
      <trkpt lat="56.925722" lon="8.512187"><ele>22.9</ele></trkpt>
      <trkpt lat="56.926083" lon="8.512383"><ele>24.3</ele></trkpt>
      <trkpt lat="56.926871" lon="8.512803"><ele>27.5</ele></trkpt>
      <trkpt lat="56.927448" lon="8.513112"><ele>29.6</ele></trkpt>
      <trkpt lat="56.927663" lon="8.513219"><ele>30.3</ele></trkpt>
      <trkpt lat="56.927871" lon="8.513214"><ele>30.9</ele></trkpt>
      <trkpt lat="56.927928" lon="8.513539"><ele>31.4</ele></trkpt>
      <trkpt lat="56.928065" lon="8.514377"><ele>32.8</ele></trkpt>
      <trkpt lat="56.928203" lon="8.515230"><ele>34.2</ele></trkpt>
      <trkpt lat="56.928223" lon="8.515349"><ele>34.4</ele></trkpt>
      <trkpt lat="56.928521" lon="8.517353"><ele>37.4</ele></trkpt>
      <trkpt lat="56.928624" lon="8.517878"><ele>38.2</ele></trkpt>
      <trkpt lat="56.928717" lon="8.518210"><ele>38.8</ele></trkpt>
      <trkpt lat="56.929479" lon="8.520212"><ele>40.6</ele></trkpt>
      <trkpt lat="56.929723" lon="8.520844"><ele>41.1</ele></trkpt>
      <trkpt lat="56.929971" lon="8.521488"><ele>41.3</ele></trkpt>
      <trkpt lat="56.930386" lon="8.522563"><ele>41.2</ele></trkpt>
      <trkpt lat="56.930395" lon="8.522586"><ele>41.2</ele></trkpt>
      <trkpt lat="56.930352" lon="8.522637"><ele>41.2</ele></trkpt>
      <trkpt lat="56.930490" lon="8.523229"><ele>41.1</ele></trkpt>
      <trkpt lat="56.930948" lon="8.524394"><ele>41.8</ele></trkpt>
      <trkpt lat="56.931443" lon="8.525396"><ele>43.2</ele></trkpt>
      <trkpt lat="56.931671" lon="8.525730"><ele>43.8</ele></trkpt>
      <trkpt lat="56.932503" lon="8.527278"><ele>46.3</ele></trkpt>
      <trkpt lat="56.933025" lon="8.528151"><ele>48.0</ele></trkpt>
      <trkpt lat="56.933118" lon="8.527998"><ele>48.2</ele></trkpt>
      <trkpt lat="56.933306" lon="8.527768"><ele>48.7</ele></trkpt>
      <trkpt lat="56.933434" lon="8.527712"><ele>48.7</ele></trkpt>
      <trkpt lat="56.934182" lon="8.527874"><ele>49.0</ele></trkpt>
      <trkpt lat="56.935278" lon="8.528110"><ele>48.6</ele></trkpt>
      <trkpt lat="56.936314" lon="8.528432"><ele>45.9</ele></trkpt>
      <trkpt lat="56.939567" lon="8.529064"><ele>35.4</ele></trkpt>
      <trkpt lat="56.939752" lon="8.529065"><ele>34.7</ele></trkpt>
      <trkpt lat="56.940002" lon="8.528934"><ele>33.8</ele></trkpt>
      <trkpt lat="56.940549" lon="8.528393"><ele>31.6</ele></trkpt>
      <trkpt lat="56.940740" lon="8.528286"><ele>30.9</ele></trkpt>
      <trkpt lat="56.940958" lon="8.528208"><ele>30.1</ele></trkpt>
      <trkpt lat="56.941208" lon="8.528188"><ele>29.2</ele></trkpt>
      <trkpt lat="56.943511" lon="8.528060"><ele>22.0</ele></trkpt>
      <trkpt lat="56.945503" lon="8.528230"><ele>18.0</ele></trkpt>
      <trkpt lat="56.947495" lon="8.528400"><ele>15.3</ele></trkpt>
      <trkpt lat="56.947386" lon="8.532875"><ele>15.3</ele></trkpt>
      <trkpt lat="56.947336" lon="8.533586"><ele>15.3</ele></trkpt>
      <trkpt lat="56.947239" lon="8.534369"><ele>15.4</ele></trkpt>
      <trkpt lat="56.947111" lon="8.534983"><ele>15.4</ele></trkpt>
      <trkpt lat="56.946742" lon="8.536314"><ele>15.3</ele></trkpt>
      <trkpt lat="56.946289" lon="8.537916"><ele>15.2</ele></trkpt>
      <trkpt lat="56.946172" lon="8.538456"><ele>15.2</ele></trkpt>
      <trkpt lat="56.946079" lon="8.539290"><ele>15.3</ele></trkpt>
      <trkpt lat="56.946054" lon="8.540175"><ele>15.4</ele></trkpt>
      <trkpt lat="56.946111" lon="8.540875"><ele>15.5</ele></trkpt>
      <trkpt lat="56.946312" lon="8.542786"><ele>15.6</ele></trkpt>
      <trkpt lat="56.946376" lon="8.543368"><ele>15.6</ele></trkpt>
      <trkpt lat="56.946440" lon="8.543949"><ele>15.6</ele></trkpt>
      <trkpt lat="56.946774" lon="8.546537"><ele>15.2</ele></trkpt>
      <trkpt lat="56.946985" lon="8.547742"><ele>15.1</ele></trkpt>
      <trkpt lat="56.947353" lon="8.549335"><ele>15.1</ele></trkpt>
      <trkpt lat="56.947441" lon="8.550037"><ele>15.1</ele></trkpt>
      <trkpt lat="56.947395" lon="8.552666"><ele>15.4</ele></trkpt>
      <trkpt lat="56.947454" lon="8.553717"><ele>15.5</ele></trkpt>
      <trkpt lat="56.947440" lon="8.554825"><ele>15.4</ele></trkpt>
      <trkpt lat="56.947519" lon="8.555414"><ele>15.3</ele></trkpt>
      <trkpt lat="56.947742" lon="8.556392"><ele>15.2</ele></trkpt>
      <trkpt lat="56.947824" lon="8.556869"><ele>15.1</ele></trkpt>
      <trkpt lat="56.947863" lon="8.557631"><ele>14.9</ele></trkpt>
      <trkpt lat="56.947815" lon="8.558268"><ele>14.8</ele></trkpt>
      <trkpt lat="56.947843" lon="8.559020"><ele>14.7</ele></trkpt>
      <trkpt lat="56.947894" lon="8.559353"><ele>14.6</ele></trkpt>
      <trkpt lat="56.948059" lon="8.559886"><ele>14.5</ele></trkpt>
      <trkpt lat="56.948166" lon="8.560155"><ele>14.4</ele></trkpt>
      <trkpt lat="56.948560" lon="8.561248"><ele>14.8</ele></trkpt>
      <trkpt lat="56.948735" lon="8.562633"><ele>15.2</ele></trkpt>
      <trkpt lat="56.948743" lon="8.562962"><ele>15.3</ele></trkpt>
      <trkpt lat="56.948724" lon="8.563259"><ele>15.4</ele></trkpt>
      <trkpt lat="56.948535" lon="8.564281"><ele>15.9</ele></trkpt>
      <trkpt lat="56.948364" lon="8.566392"><ele>16.8</ele></trkpt>
      <trkpt lat="56.948283" lon="8.567021"><ele>17.2</ele></trkpt>
      <trkpt lat="56.948070" lon="8.568286"><ele>18.0</ele></trkpt>
      <trkpt lat="56.947879" lon="8.569560"><ele>18.7</ele></trkpt>
      <trkpt lat="56.947876" lon="8.570072"><ele>18.9</ele></trkpt>
      <trkpt lat="56.947926" lon="8.570760"><ele>19.1</ele></trkpt>
      <trkpt lat="56.948012" lon="8.571710"><ele>19.5</ele></trkpt>
      <trkpt lat="56.948039" lon="8.572326"><ele>19.7</ele></trkpt>
      <trkpt lat="56.948064" lon="8.574426"><ele>20.1</ele></trkpt>
      <trkpt lat="56.947992" lon="8.575604"><ele>20.2</ele></trkpt>
      <trkpt lat="56.948160" lon="8.579443"><ele>21.2</ele></trkpt>
      <trkpt lat="56.948278" lon="8.583017"><ele>19.9</ele></trkpt>
      <trkpt lat="56.948255" lon="8.583405"><ele>19.6</ele></trkpt>
      <trkpt lat="56.948176" lon="8.583732"><ele>19.4</ele></trkpt>
      <trkpt lat="56.948126" lon="8.583736"><ele>19.3</ele></trkpt>
      <trkpt lat="56.948079" lon="8.583843"><ele>19.3</ele></trkpt>
      <trkpt lat="56.948145" lon="8.583946"><ele>19.2</ele></trkpt>
      <trkpt lat="56.948531" lon="8.584521"><ele>18.6</ele></trkpt>
      <trkpt lat="56.948871" lon="8.584873"><ele>18.1</ele></trkpt>
      <trkpt lat="56.948980" lon="8.584884"><ele>18.0</ele></trkpt>
      <trkpt lat="56.949256" lon="8.585278"><ele>18.0</ele></trkpt>
      <trkpt lat="56.949351" lon="8.585414"><ele>18.0</ele></trkpt>
      <trkpt lat="56.949491" lon="8.585619"><ele>18.1</ele></trkpt>
      <trkpt lat="56.949869" lon="8.586171"><ele>18.2</ele></trkpt>
      <trkpt lat="56.950000" lon="8.586363"><ele>18.3</ele></trkpt>
      <trkpt lat="56.950333" lon="8.586729"><ele>18.4</ele></trkpt>
      <trkpt lat="56.950539" lon="8.586901"><ele>18.5</ele></trkpt>
      <trkpt lat="56.951182" lon="8.587272"><ele>18.9</ele></trkpt>
      <trkpt lat="56.951234" lon="8.587300"><ele>18.9</ele></trkpt>
      <trkpt lat="56.951825" lon="8.587656"><ele>19.3</ele></trkpt>
      <trkpt lat="56.951912" lon="8.587728"><ele>19.4</ele></trkpt>
      <trkpt lat="56.952104" lon="8.587888"><ele>19.5</ele></trkpt>
      <trkpt lat="56.952291" lon="8.588038"><ele>19.7</ele></trkpt>
      <trkpt lat="56.952411" lon="8.588129"><ele>19.8</ele></trkpt>
      <trkpt lat="56.952604" lon="8.588275"><ele>19.9</ele></trkpt>
      <trkpt lat="56.953054" lon="8.588522"><ele>20.2</ele></trkpt>
      <trkpt lat="56.953290" lon="8.588622"><ele>20.4</ele></trkpt>
      <trkpt lat="56.953468" lon="8.588698"><ele>20.5</ele></trkpt>
      <trkpt lat="56.953408" lon="8.588911"><ele>20.6</ele></trkpt>
      <trkpt lat="56.953279" lon="8.589253"><ele>20.8</ele></trkpt>
      <trkpt lat="56.953192" lon="8.589381"><ele>20.9</ele></trkpt>
      <trkpt lat="56.953445" lon="8.590696"><ele>22.5</ele></trkpt>
      <trkpt lat="56.953734" lon="8.592023"><ele>24.1</ele></trkpt>
      <trkpt lat="56.953839" lon="8.592355"><ele>24.6</ele></trkpt>
      <trkpt lat="56.954022" lon="8.592840"><ele>24.5</ele></trkpt>
      <trkpt lat="56.954206" lon="8.593324"><ele>24.4</ele></trkpt>
      <trkpt lat="56.954238" lon="8.593405"><ele>24.4</ele></trkpt>
      <trkpt lat="56.954389" lon="8.593788"><ele>24.3</ele></trkpt>
      <trkpt lat="56.954672" lon="8.594527"><ele>24.1</ele></trkpt>
      <trkpt lat="56.954898" lon="8.594952"><ele>24.0</ele></trkpt>
      <trkpt lat="56.955199" lon="8.595356"><ele>23.5</ele></trkpt>
      <trkpt lat="56.955502" lon="8.595678"><ele>23.0</ele></trkpt>
      <trkpt lat="56.955607" lon="8.595773"><ele>22.9</ele></trkpt>
      <trkpt lat="56.956027" lon="8.596265"><ele>22.2</ele></trkpt>
      <trkpt lat="56.956450" lon="8.596728"><ele>21.6</ele></trkpt>
      <trkpt lat="56.956693" lon="8.596977"><ele>21.7</ele></trkpt>
      <trkpt lat="56.957637" lon="8.598139"><ele>22.1</ele></trkpt>
      <trkpt lat="56.958874" lon="8.599754"><ele>23.9</ele></trkpt>
      <trkpt lat="56.959016" lon="8.599834"><ele>24.1</ele></trkpt>
      <trkpt lat="56.959156" lon="8.599817"><ele>24.3</ele></trkpt>
      <trkpt lat="56.959167" lon="8.599881"><ele>24.3</ele></trkpt>
      <trkpt lat="56.959241" lon="8.599960"><ele>24.4</ele></trkpt>
      <trkpt lat="56.959281" lon="8.600053"><ele>24.5</ele></trkpt>
      <trkpt lat="56.959551" lon="8.601408"><ele>25.2</ele></trkpt>
      <trkpt lat="56.959887" lon="8.603171"><ele>25.9</ele></trkpt>
      <trkpt lat="56.959996" lon="8.603890"><ele>26.1</ele></trkpt>
      <trkpt lat="56.960063" lon="8.604456"><ele>26.2</ele></trkpt>
      <trkpt lat="56.960134" lon="8.605410"><ele>26.3</ele></trkpt>
      <trkpt lat="56.960155" lon="8.606480"><ele>26.4</ele></trkpt>
      <trkpt lat="56.960111" lon="8.609024"><ele>26.0</ele></trkpt>
      <trkpt lat="56.960143" lon="8.609376"><ele>25.9</ele></trkpt>
      <trkpt lat="56.960111" lon="8.610069"><ele>25.8</ele></trkpt>
      <trkpt lat="56.960090" lon="8.610414"><ele>25.7</ele></trkpt>
      <trkpt lat="56.960045" lon="8.610656"><ele>25.6</ele></trkpt>
      <trkpt lat="56.960000" lon="8.611264"><ele>25.4</ele></trkpt>
      <trkpt lat="56.959997" lon="8.612058"><ele>25.1</ele></trkpt>
      <trkpt lat="56.959942" lon="8.613138"><ele>24.7</ele></trkpt>
      <trkpt lat="56.959979" lon="8.613500"><ele>24.6</ele></trkpt>
      <trkpt lat="56.959970" lon="8.613684"><ele>24.6</ele></trkpt>
      <trkpt lat="56.959937" lon="8.614528"><ele>24.5</ele></trkpt>
      <trkpt lat="56.959904" lon="8.614745"><ele>24.5</ele></trkpt>
      <trkpt lat="56.959868" lon="8.615496"><ele>24.3</ele></trkpt>
      <trkpt lat="56.959844" lon="8.615587"><ele>24.3</ele></trkpt>
      <trkpt lat="56.959764" lon="8.615660"><ele>24.3</ele></trkpt>
      <trkpt lat="56.959756" lon="8.615815"><ele>24.3</ele></trkpt>
      <trkpt lat="56.959765" lon="8.615914"><ele>24.3</ele></trkpt>
      <trkpt lat="56.959820" lon="8.616073"><ele>24.2</ele></trkpt>
      <trkpt lat="56.959748" lon="8.617809"><ele>24.2</ele></trkpt>
      <trkpt lat="56.959761" lon="8.618496"><ele>24.1</ele></trkpt>
      <trkpt lat="56.959933" lon="8.622303"><ele>24.3</ele></trkpt>
      <trkpt lat="56.959981" lon="8.624165"><ele>24.8</ele></trkpt>
      <trkpt lat="56.960085" lon="8.628136"><ele>26.7</ele></trkpt>
      <trkpt lat="56.960123" lon="8.628554"><ele>27.0</ele></trkpt>
      <trkpt lat="56.960660" lon="8.632548"><ele>29.3</ele></trkpt>
      <trkpt lat="56.960784" lon="8.633738"><ele>29.2</ele></trkpt>
      <trkpt lat="56.960835" lon="8.635422"><ele>28.8</ele></trkpt>
      <trkpt lat="56.960860" lon="8.637580"><ele>27.4</ele></trkpt>
      <trkpt lat="56.960816" lon="8.638609"><ele>26.6</ele></trkpt>
      <trkpt lat="56.960733" lon="8.639639"><ele>25.8</ele></trkpt>
      <trkpt lat="56.960642" lon="8.640497"><ele>25.5</ele></trkpt>
      <trkpt lat="56.960555" lon="8.640938"><ele>25.4</ele></trkpt>
      <trkpt lat="56.959573" lon="8.645917"><ele>23.9</ele></trkpt>
      <trkpt lat="56.959569" lon="8.646320"><ele>23.8</ele></trkpt>
      <trkpt lat="56.959411" lon="8.647077"><ele>23.5</ele></trkpt>
      <trkpt lat="56.959332" lon="8.647410"><ele>23.3</ele></trkpt>
      <trkpt lat="56.959235" lon="8.647661"><ele>23.2</ele></trkpt>
      <trkpt lat="56.959168" lon="8.647702"><ele>23.1</ele></trkpt>
      <trkpt lat="56.959104" lon="8.647796"><ele>23.1</ele></trkpt>
      <trkpt lat="56.959065" lon="8.647913"><ele>23.0</ele></trkpt>
      <trkpt lat="56.959049" lon="8.648088"><ele>23.0</ele></trkpt>
      <trkpt lat="56.959109" lon="8.648347"><ele>22.8</ele></trkpt>
      <trkpt lat="56.959162" lon="8.648424"><ele>22.8</ele></trkpt>
      <trkpt lat="56.959235" lon="8.648471"><ele>22.7</ele></trkpt>
      <trkpt lat="56.959276" lon="8.648477"><ele>22.8</ele></trkpt>
      <trkpt lat="56.959364" lon="8.648441"><ele>22.9</ele></trkpt>
      <trkpt lat="56.959600" lon="8.648469"><ele>23.2</ele></trkpt>
      <trkpt lat="56.959660" lon="8.648482"><ele>23.3</ele></trkpt>
      <trkpt lat="56.960827" lon="8.649300"><ele>25.1</ele></trkpt>
      <trkpt lat="56.960912" lon="8.649375"><ele>25.2</ele></trkpt>
      <trkpt lat="56.961216" lon="8.649643"><ele>26.0</ele></trkpt>
      <trkpt lat="56.962272" lon="8.650733"><ele>29.2</ele></trkpt>
      <trkpt lat="56.962406" lon="8.650274"><ele>29.9</ele></trkpt>
      <trkpt lat="56.962414" lon="8.650279"><ele>29.9</ele></trkpt>
      <trkpt lat="56.962406" lon="8.650274"><ele>29.9</ele></trkpt>
      <trkpt lat="56.962272" lon="8.650733"><ele>30.4</ele></trkpt>
      <trkpt lat="56.963569" lon="8.652033"><ele>32.9</ele></trkpt>
      <trkpt lat="56.963902" lon="8.650325"><ele>35.8</ele></trkpt>
      <trkpt lat="56.964019" lon="8.649779"><ele>36.7</ele></trkpt>
      <trkpt lat="56.964449" lon="8.647884"><ele>37.9</ele></trkpt>
      <trkpt lat="56.966146" lon="8.649313"><ele>36.3</ele></trkpt>
      <trkpt lat="56.967885" lon="8.650827"><ele>33.1</ele></trkpt>
      <trkpt lat="56.969143" lon="8.651944"><ele>32.0</ele></trkpt>
      <trkpt lat="56.969843" lon="8.652564"><ele>32.7</ele></trkpt>
      <trkpt lat="56.971110" lon="8.653704"><ele>35.0</ele></trkpt>
      <trkpt lat="56.971465" lon="8.653868"><ele>35.8</ele></trkpt>
      <trkpt lat="56.972237" lon="8.654091"><ele>37.3</ele></trkpt>
      <trkpt lat="56.972728" lon="8.654374"><ele>37.7</ele></trkpt>
      <trkpt lat="56.972919" lon="8.654523"><ele>37.9</ele></trkpt>
      <trkpt lat="56.973313" lon="8.654918"><ele>38.3</ele></trkpt>
      <trkpt lat="56.973688" lon="8.655475"><ele>38.7</ele></trkpt>
      <trkpt lat="56.974136" lon="8.656182"><ele>37.9</ele></trkpt>
      <trkpt lat="56.976728" lon="8.660030"><ele>32.6</ele></trkpt>
      <trkpt lat="56.976910" lon="8.660218"><ele>32.2</ele></trkpt>
      <trkpt lat="56.977107" lon="8.660330"><ele>31.9</ele></trkpt>
      <trkpt lat="56.978319" lon="8.660768"><ele>29.5</ele></trkpt>
      <trkpt lat="56.980727" lon="8.661610"><ele>19.8</ele></trkpt>
      <trkpt lat="56.981047" lon="8.661928"><ele>18.1</ele></trkpt>
      <trkpt lat="56.981626" lon="8.662739"><ele>14.9</ele></trkpt>
      <trkpt lat="56.981797" lon="8.662935"><ele>14.3</ele></trkpt>
      <trkpt lat="56.982577" lon="8.663463"><ele>11.8</ele></trkpt>
      <trkpt lat="56.982917" lon="8.663602"><ele>10.8</ele></trkpt>
      <trkpt lat="56.983872" lon="8.663994"><ele>9.2</ele></trkpt>
      <trkpt lat="56.984624" lon="8.664302"><ele>8.4</ele></trkpt>
      <trkpt lat="56.985108" lon="8.664407"><ele>7.9</ele></trkpt>
      <trkpt lat="56.985516" lon="8.664364"><ele>7.7</ele></trkpt>
      <trkpt lat="56.985507" lon="8.664812"><ele>7.6</ele></trkpt>
      <trkpt lat="56.985413" lon="8.666422"><ele>7.1</ele></trkpt>
      <trkpt lat="56.985326" lon="8.666852"><ele>7.4</ele></trkpt>
      <trkpt lat="56.985653" lon="8.667153"><ele>8.1</ele></trkpt>
      <trkpt lat="56.985723" lon="8.667312"><ele>8.3</ele></trkpt>
      <trkpt lat="56.985780" lon="8.667212"><ele>8.5</ele></trkpt>
      <trkpt lat="56.985879" lon="8.667320"><ele>8.7</ele></trkpt>
      <trkpt lat="56.986224" lon="8.667698"><ele>9.6</ele></trkpt>
      <trkpt lat="56.986374" lon="8.667821"><ele>9.9</ele></trkpt>
      <trkpt lat="56.986423" lon="8.667858"><ele>10.0</ele></trkpt>
      <trkpt lat="56.986661" lon="8.668052"><ele>10.5</ele></trkpt>
      <trkpt lat="56.986772" lon="8.668131"><ele>10.8</ele></trkpt>
      <trkpt lat="56.986998" lon="8.668372"><ele>11.7</ele></trkpt>
      <trkpt lat="56.988055" lon="8.669284"><ele>15.5</ele></trkpt>
      <trkpt lat="56.988321" lon="8.669574"><ele>16.6</ele></trkpt>
      <trkpt lat="56.988503" lon="8.669837"><ele>17.3</ele></trkpt>
      <trkpt lat="56.989089" lon="8.670857"><ele>19.8</ele></trkpt>
      <trkpt lat="56.989055" lon="8.670882"><ele>19.9</ele></trkpt>
      <trkpt lat="56.989008" lon="8.671029"><ele>20.2</ele></trkpt>
      <trkpt lat="56.988994" lon="8.671917"><ele>21.7</ele></trkpt>
      <trkpt lat="56.988973" lon="8.672718"><ele>22.5</ele></trkpt>
      <trkpt lat="56.988975" lon="8.672906"><ele>22.5</ele></trkpt>
      <trkpt lat="56.988717" lon="8.682118"><ele>24.6</ele></trkpt>
      <trkpt lat="56.988653" lon="8.683466"><ele>23.7</ele></trkpt>
      <trkpt lat="56.988519" lon="8.684154"><ele>23.1</ele></trkpt>
      <trkpt lat="56.988377" lon="8.684554"><ele>22.8</ele></trkpt>
      <trkpt lat="56.987783" lon="8.685789"><ele>21.0</ele></trkpt>
      <trkpt lat="56.987668" lon="8.686138"><ele>20.4</ele></trkpt>
      <trkpt lat="56.987553" lon="8.686647"><ele>19.6</ele></trkpt>
      <trkpt lat="56.987497" lon="8.687056"><ele>19.0</ele></trkpt>
      <trkpt lat="56.987212" lon="8.690649"><ele>14.5</ele></trkpt>
      <trkpt lat="56.987115" lon="8.691933"><ele>13.6</ele></trkpt>
      <trkpt lat="56.986612" lon="8.698104"><ele>13.4</ele></trkpt>
      <trkpt lat="56.986481" lon="8.698968"><ele>12.7</ele></trkpt>
      <trkpt lat="56.986321" lon="8.699545"><ele>12.2</ele></trkpt>
      <trkpt lat="56.986186" lon="8.700084"><ele>11.7</ele></trkpt>
      <trkpt lat="56.986083" lon="8.700733"><ele>11.2</ele></trkpt>
      <trkpt lat="56.985868" lon="8.702528"><ele>10.1</ele></trkpt>
      <trkpt lat="56.985547" lon="8.704990"><ele>8.9</ele></trkpt>
      <trkpt lat="56.985493" lon="8.705403"><ele>8.8</ele></trkpt>
      <trkpt lat="56.985678" lon="8.705480"><ele>8.8</ele></trkpt>
      <trkpt lat="56.985493" lon="8.705403"><ele>8.7</ele></trkpt>
      <trkpt lat="56.985312" lon="8.706784"><ele>8.4</ele></trkpt>
      <trkpt lat="56.985292" lon="8.706937"><ele>8.3</ele></trkpt>
      <trkpt lat="56.985239" lon="8.707358"><ele>8.2</ele></trkpt>
      <trkpt lat="56.985297" lon="8.707383"><ele>8.2</ele></trkpt>
      <trkpt lat="56.985282" lon="8.707485"><ele>8.2</ele></trkpt>
      <trkpt lat="56.985095" lon="8.708702"><ele>7.8</ele></trkpt>
      <trkpt lat="56.984859" lon="8.709167"><ele>7.7</ele></trkpt>
      <trkpt lat="56.984597" lon="8.709531"><ele>7.5</ele></trkpt>
      <trkpt lat="56.984325" lon="8.709836"><ele>7.3</ele></trkpt>
      <trkpt lat="56.984219" lon="8.709876"><ele>7.3</ele></trkpt>
      <trkpt lat="56.984218" lon="8.709989"><ele>7.2</ele></trkpt>
      <trkpt lat="56.984242" lon="8.710833"><ele>7.0</ele></trkpt>
      <trkpt lat="56.984257" lon="8.711047"><ele>6.9</ele></trkpt>
      <trkpt lat="56.984327" lon="8.711944"><ele>6.6</ele></trkpt>
      <trkpt lat="56.984336" lon="8.712573"><ele>6.5</ele></trkpt>
      <trkpt lat="56.984319" lon="8.713328"><ele>6.4</ele></trkpt>
      <trkpt lat="56.984233" lon="8.715263"><ele>6.1</ele></trkpt>
      <trkpt lat="56.984246" lon="8.715929"><ele>6.1</ele></trkpt>
      <trkpt lat="56.984308" lon="8.716717"><ele>5.9</ele></trkpt>
      <trkpt lat="56.984334" lon="8.717034"><ele>5.9</ele></trkpt>
      <trkpt lat="56.984351" lon="8.717239"><ele>5.8</ele></trkpt>
      <trkpt lat="56.984462" lon="8.718576"><ele>5.6</ele></trkpt>
      <trkpt lat="56.984502" lon="8.719110"><ele>5.5</ele></trkpt>
      <trkpt lat="56.984526" lon="8.719862"><ele>5.4</ele></trkpt>
      <trkpt lat="56.984576" lon="8.720969"><ele>5.3</ele></trkpt>
      <trkpt lat="56.984647" lon="8.721416"><ele>5.2</ele></trkpt>
      <trkpt lat="56.984824" lon="8.721947"><ele>5.1</ele></trkpt>
      <trkpt lat="56.985028" lon="8.722670"><ele>5.3</ele></trkpt>
      <trkpt lat="56.985314" lon="8.724849"><ele>6.1</ele></trkpt>
      <trkpt lat="56.988699" lon="8.725830"><ele>13.1</ele></trkpt>
      <trkpt lat="56.988795" lon="8.725893"><ele>13.3</ele></trkpt>
      <trkpt lat="56.989120" lon="8.726108"><ele>14.0</ele></trkpt>
      <trkpt lat="56.990627" lon="8.726490"><ele>17.1</ele></trkpt>
      <trkpt lat="56.991486" lon="8.726793"><ele>18.1</ele></trkpt>
      <trkpt lat="56.991565" lon="8.731169"><ele>18.5</ele></trkpt>
      <trkpt lat="56.991623" lon="8.740420"><ele>9.0</ele></trkpt>
      <trkpt lat="56.991681" lon="8.743557"><ele>5.8</ele></trkpt>
      <trkpt lat="56.992231" lon="8.743823"><ele>4.9</ele></trkpt>
      <trkpt lat="56.992528" lon="8.744165"><ele>4.4</ele></trkpt>
      <trkpt lat="56.993055" lon="8.745029"><ele>4.0</ele></trkpt>
      <trkpt lat="56.993482" lon="8.745579"><ele>3.9</ele></trkpt>
      <trkpt lat="56.994423" lon="8.747013"><ele>4.3</ele></trkpt>
      <trkpt lat="56.994672" lon="8.747416"><ele>4.7</ele></trkpt>
      <trkpt lat="56.995000" lon="8.748195"><ele>5.3</ele></trkpt>
      <trkpt lat="56.993823" lon="8.749885"><ele>9.1</ele></trkpt>
      <trkpt lat="56.993672" lon="8.750470"><ele>10.2</ele></trkpt>
      <trkpt lat="56.993483" lon="8.751664"><ele>11.4</ele></trkpt>
      <trkpt lat="56.993137" lon="8.752936"><ele>12.0</ele></trkpt>
      <trkpt lat="56.993407" lon="8.753042"><ele>12.2</ele></trkpt>
      <trkpt lat="56.993660" lon="8.753247"><ele>12.4</ele></trkpt>
      <trkpt lat="56.994664" lon="8.754407"><ele>10.5</ele></trkpt>
      <trkpt lat="56.994873" lon="8.754649"><ele>10.0</ele></trkpt>
      <trkpt lat="56.995172" lon="8.754995"><ele>9.4</ele></trkpt>
      <trkpt lat="56.995494" lon="8.755250"><ele>8.6</ele></trkpt>
      <trkpt lat="56.995993" lon="8.755644"><ele>7.4</ele></trkpt>
      <trkpt lat="56.996744" lon="8.756287"><ele>5.4</ele></trkpt>
      <trkpt lat="56.996935" lon="8.756519"><ele>5.0</ele></trkpt>
      <trkpt lat="56.997071" lon="8.756851"><ele>4.9</ele></trkpt>
      <trkpt lat="56.997183" lon="8.757289"><ele>4.7</ele></trkpt>
      <trkpt lat="56.997253" lon="8.757857"><ele>4.6</ele></trkpt>
      <trkpt lat="56.997245" lon="8.758352"><ele>4.5</ele></trkpt>
      <trkpt lat="56.997086" lon="8.759548"><ele>4.1</ele></trkpt>
      <trkpt lat="56.997092" lon="8.760047"><ele>4.1</ele></trkpt>
      <trkpt lat="56.997160" lon="8.760571"><ele>4.0</ele></trkpt>
      <trkpt lat="56.997365" lon="8.761412"><ele>4.0</ele></trkpt>
      <trkpt lat="56.997939" lon="8.763251"><ele>3.6</ele></trkpt>
      <trkpt lat="56.998013" lon="8.763686"><ele>3.4</ele></trkpt>
      <trkpt lat="56.998116" lon="8.764670"><ele>3.1</ele></trkpt>
      <trkpt lat="56.998202" lon="8.765056"><ele>3.0</ele></trkpt>
      <trkpt lat="56.998326" lon="8.765380"><ele>2.9</ele></trkpt>
      <trkpt lat="56.998545" lon="8.765752"><ele>2.9</ele></trkpt>
      <trkpt lat="56.999433" lon="8.766715"><ele>3.4</ele></trkpt>
      <trkpt lat="56.999670" lon="8.766932"><ele>3.6</ele></trkpt>
      <trkpt lat="57.000565" lon="8.767532"><ele>4.1</ele></trkpt>
      <trkpt lat="57.000882" lon="8.767856"><ele>4.3</ele></trkpt>
      <trkpt lat="57.001247" lon="8.768398"><ele>4.5</ele></trkpt>
      <trkpt lat="57.002088" lon="8.769839"><ele>4.3</ele></trkpt>
      <trkpt lat="57.002728" lon="8.770805"><ele>3.9</ele></trkpt>
      <trkpt lat="57.003478" lon="8.771733"><ele>3.9</ele></trkpt>
      <trkpt lat="57.004106" lon="8.772510"><ele>4.0</ele></trkpt>
      <trkpt lat="57.004366" lon="8.772823"><ele>4.0</ele></trkpt>
      <trkpt lat="57.004498" lon="8.772982"><ele>4.0</ele></trkpt>
      <trkpt lat="57.004976" lon="8.773557"><ele>3.8</ele></trkpt>
      <trkpt lat="57.005199" lon="8.773825"><ele>3.7</ele></trkpt>
      <trkpt lat="57.005476" lon="8.774158"><ele>3.5</ele></trkpt>
      <trkpt lat="57.006389" lon="8.775572"><ele>3.1</ele></trkpt>
      <trkpt lat="57.007122" lon="8.776706"><ele>2.8</ele></trkpt>
      <trkpt lat="57.008002" lon="8.777514"><ele>2.2</ele></trkpt>
      <trkpt lat="57.009217" lon="8.778855"><ele>1.4</ele></trkpt>
      <trkpt lat="57.009963" lon="8.779715"><ele>1.2</ele></trkpt>
      <trkpt lat="57.010088" lon="8.779896"><ele>1.1</ele></trkpt>
      <trkpt lat="57.010214" lon="8.780272"><ele>1.0</ele></trkpt>
      <trkpt lat="57.010342" lon="8.781818"><ele>1.3</ele></trkpt>
      <trkpt lat="57.010403" lon="8.782551"><ele>1.5</ele></trkpt>
      <trkpt lat="57.010440" lon="8.783638"><ele>1.7</ele></trkpt>
      <trkpt lat="57.010478" lon="8.784719"><ele>1.7</ele></trkpt>
      <trkpt lat="57.010459" lon="8.785146"><ele>1.7</ele></trkpt>
      <trkpt lat="57.010786" lon="8.785305"><ele>1.7</ele></trkpt>
      <trkpt lat="57.010913" lon="8.785367"><ele>1.7</ele></trkpt>
      <trkpt lat="57.010890" lon="8.785656"><ele>1.7</ele></trkpt>
      <trkpt lat="57.010944" lon="8.785998"><ele>1.7</ele></trkpt>
      <trkpt lat="57.011797" lon="8.788628"><ele>0.2</ele></trkpt>
      <trkpt lat="57.011823" lon="8.788753"><ele>0.2</ele></trkpt>
      <trkpt lat="57.011807" lon="8.789005"><ele>0.0</ele></trkpt>
      <trkpt lat="57.012278" lon="8.789633"><ele>-0.1</ele></trkpt>
      <trkpt lat="57.012796" lon="8.790434"><ele>-0.2</ele></trkpt>
      <trkpt lat="57.013235" lon="8.791189"><ele>-0.3</ele></trkpt>
      <trkpt lat="57.013723" lon="8.792124"><ele>-0.4</ele></trkpt>
      <trkpt lat="57.010294" lon="8.797949"><ele>-1.0</ele></trkpt>
      <trkpt lat="57.007709" lon="8.802198"><ele>-1.7</ele></trkpt>
      <trkpt lat="57.005475" lon="8.806191"><ele>-0.9</ele></trkpt>
      <trkpt lat="57.005779" lon="8.806468"><ele>-0.8</ele></trkpt>
      <trkpt lat="57.006025" lon="8.806771"><ele>-0.8</ele></trkpt>
      <trkpt lat="57.007869" lon="8.809700"><ele>-0.5</ele></trkpt>
      <trkpt lat="57.007954" lon="8.809907"><ele>-0.5</ele></trkpt>
      <trkpt lat="57.007993" lon="8.810109"><ele>-0.4</ele></trkpt>
      <trkpt lat="57.008067" lon="8.810405"><ele>-0.4</ele></trkpt>
      <trkpt lat="57.008089" lon="8.810531"><ele>-0.4</ele></trkpt>
      <trkpt lat="57.008079" lon="8.810716"><ele>-0.4</ele></trkpt>
      <trkpt lat="57.006731" lon="8.816508"><ele>2.4</ele></trkpt>
      <trkpt lat="57.006926" lon="8.818218"><ele>5.4</ele></trkpt>
      <trkpt lat="57.006992" lon="8.818570"><ele>6.8</ele></trkpt>
      <trkpt lat="57.007068" lon="8.818831"><ele>7.8</ele></trkpt>
      <trkpt lat="57.007308" lon="8.819331"><ele>10.3</ele></trkpt>
      <trkpt lat="57.007596" lon="8.819662"><ele>12.5</ele></trkpt>
      <trkpt lat="57.008269" lon="8.820283"><ele>17.2</ele></trkpt>
      <trkpt lat="57.008691" lon="8.820526"><ele>19.4</ele></trkpt>
      <trkpt lat="57.008745" lon="8.820602"><ele>19.7</ele></trkpt>
      <trkpt lat="57.008782" lon="8.820853"><ele>20.4</ele></trkpt>
      <trkpt lat="57.008733" lon="8.821528"><ele>22.3</ele></trkpt>
      <trkpt lat="57.008710" lon="8.821785"><ele>23.0</ele></trkpt>
      <trkpt lat="57.008603" lon="8.823147"><ele>25.6</ele></trkpt>
      <trkpt lat="57.008614" lon="8.823277"><ele>25.7</ele></trkpt>
      <trkpt lat="57.008708" lon="8.823509"><ele>26.0</ele></trkpt>
      <trkpt lat="57.008985" lon="8.823788"><ele>26.5</ele></trkpt>
      <trkpt lat="57.009977" lon="8.824804"><ele>28.1</ele></trkpt>
      <trkpt lat="57.011444" lon="8.826333"><ele>27.7</ele></trkpt>
      <trkpt lat="57.012114" lon="8.827010"><ele>26.5</ele></trkpt>
      <trkpt lat="57.012650" lon="8.827551"><ele>25.6</ele></trkpt>
      <trkpt lat="57.012953" lon="8.828012"><ele>24.8</ele></trkpt>
      <trkpt lat="57.013132" lon="8.828415"><ele>24.1</ele></trkpt>
      <trkpt lat="57.013310" lon="8.828693"><ele>23.5</ele></trkpt>
      <trkpt lat="57.013990" lon="8.829613"><ele>21.2</ele></trkpt>
      <trkpt lat="57.014605" lon="8.830636"><ele>19.5</ele></trkpt>
      <trkpt lat="57.014919" lon="8.831225"><ele>18.7</ele></trkpt>
      <trkpt lat="57.015072" lon="8.831603"><ele>18.2</ele></trkpt>
      <trkpt lat="57.015510" lon="8.832967"><ele>16.9</ele></trkpt>
      <trkpt lat="57.015996" lon="8.834744"><ele>16.0</ele></trkpt>
      <trkpt lat="57.016185" lon="8.835280"><ele>15.7</ele></trkpt>
      <trkpt lat="57.016661" lon="8.836210"><ele>15.4</ele></trkpt>
      <trkpt lat="57.017240" lon="8.837138"><ele>15.2</ele></trkpt>
      <trkpt lat="57.017411" lon="8.837478"><ele>15.1</ele></trkpt>
      <trkpt lat="57.017733" lon="8.838235"><ele>15.2</ele></trkpt>
      <trkpt lat="57.018051" lon="8.838641"><ele>15.4</ele></trkpt>
      <trkpt lat="57.018355" lon="8.838895"><ele>15.6</ele></trkpt>
      <trkpt lat="57.018855" lon="8.839220"><ele>15.9</ele></trkpt>
      <trkpt lat="57.019095" lon="8.839324"><ele>16.0</ele></trkpt>
      <trkpt lat="57.020048" lon="8.839571"><ele>15.7</ele></trkpt>
      <trkpt lat="57.021182" lon="8.839884"><ele>15.0</ele></trkpt>
      <trkpt lat="57.021289" lon="8.840083"><ele>14.8</ele></trkpt>
      <trkpt lat="57.021325" lon="8.840357"><ele>14.6</ele></trkpt>
      <trkpt lat="57.021125" lon="8.842730"><ele>12.7</ele></trkpt>
      <trkpt lat="57.020941" lon="8.845143"><ele>10.5</ele></trkpt>
      <trkpt lat="57.021906" lon="8.845391"><ele>9.5</ele></trkpt>
      <trkpt lat="57.023006" lon="8.845674"><ele>8.5</ele></trkpt>
      <trkpt lat="57.024053" lon="8.845943"><ele>8.2</ele></trkpt>
      <trkpt lat="57.025142" lon="8.846223"><ele>7.7</ele></trkpt>
      <trkpt lat="57.025628" lon="8.846348"><ele>7.4</ele></trkpt>
      <trkpt lat="57.026021" lon="8.846389"><ele>7.1</ele></trkpt>
      <trkpt lat="57.026106" lon="8.846219"><ele>7.0</ele></trkpt>
      <trkpt lat="57.026262" lon="8.846059"><ele>6.9</ele></trkpt>
      <trkpt lat="57.026608" lon="8.845985"><ele>6.7</ele></trkpt>
      <trkpt lat="57.026820" lon="8.845961"><ele>6.7</ele></trkpt>
      <trkpt lat="57.027058" lon="8.845935"><ele>6.6</ele></trkpt>
      <trkpt lat="57.027142" lon="8.845960"><ele>6.6</ele></trkpt>
      <trkpt lat="57.027252" lon="8.846059"><ele>6.6</ele></trkpt>
      <trkpt lat="57.027366" lon="8.846258"><ele>6.5</ele></trkpt>
      <trkpt lat="57.027456" lon="8.846541"><ele>6.5</ele></trkpt>
      <trkpt lat="57.027446" lon="8.846768"><ele>6.5</ele></trkpt>
      <trkpt lat="57.027462" lon="8.846778"><ele>6.5</ele></trkpt>
      <trkpt lat="57.027719" lon="8.846938"><ele>6.4</ele></trkpt>
      <trkpt lat="57.028067" lon="8.847135"><ele>6.3</ele></trkpt>
      <trkpt lat="57.028117" lon="8.847559"><ele>6.3</ele></trkpt>
      <trkpt lat="57.028209" lon="8.847539"><ele>6.3</ele></trkpt>
      <trkpt lat="57.028242" lon="8.847537"><ele>6.3</ele></trkpt>
      <trkpt lat="57.028474" lon="8.847756"><ele>6.3</ele></trkpt>
      <trkpt lat="57.028778" lon="8.848033"><ele>6.3</ele></trkpt>
      <trkpt lat="57.029302" lon="8.848511"><ele>6.2</ele></trkpt>
      <trkpt lat="57.029361" lon="8.848564"><ele>6.2</ele></trkpt>
      <trkpt lat="57.029799" lon="8.848964"><ele>6.0</ele></trkpt>
      <trkpt lat="57.029860" lon="8.848991"><ele>5.9</ele></trkpt>
      <trkpt lat="57.029946" lon="8.848929"><ele>5.8</ele></trkpt>
      <trkpt lat="57.030108" lon="8.849659"><ele>5.6</ele></trkpt>
      <trkpt lat="57.030188" lon="8.850030"><ele>5.4</ele></trkpt>
      <trkpt lat="57.030229" lon="8.850226"><ele>5.3</ele></trkpt>
      <trkpt lat="57.030344" lon="8.850821"><ele>5.1</ele></trkpt>
      <trkpt lat="57.030408" lon="8.851376"><ele>4.9</ele></trkpt>
      <trkpt lat="57.030647" lon="8.852706"><ele>4.3</ele></trkpt>
      <trkpt lat="57.031085" lon="8.855141"><ele>3.3</ele></trkpt>
      <trkpt lat="57.031143" lon="8.855461"><ele>3.2</ele></trkpt>
      <trkpt lat="57.031202" lon="8.855790"><ele>3.2</ele></trkpt>
      <trkpt lat="57.031242" lon="8.856012"><ele>3.1</ele></trkpt>
      <trkpt lat="57.031348" lon="8.856471"><ele>3.0</ele></trkpt>
      <trkpt lat="57.031416" lon="8.856746"><ele>2.9</ele></trkpt>
      <trkpt lat="57.031465" lon="8.856931"><ele>2.9</ele></trkpt>
      <trkpt lat="57.031492" lon="8.857036"><ele>2.8</ele></trkpt>
      <trkpt lat="57.031700" lon="8.857654"><ele>2.6</ele></trkpt>
      <trkpt lat="57.031751" lon="8.857807"><ele>2.6</ele></trkpt>
      <trkpt lat="57.031845" lon="8.858218"><ele>2.5</ele></trkpt>
      <trkpt lat="57.032066" lon="8.858711"><ele>2.3</ele></trkpt>
      <trkpt lat="57.030868" lon="8.860648"><ele>1.9</ele></trkpt>
      <trkpt lat="57.030369" lon="8.861083"><ele>1.9</ele></trkpt>
      <trkpt lat="57.029261" lon="8.857000"><ele>2.5</ele></trkpt>
      <trkpt lat="57.029134" lon="8.856531"><ele>2.4</ele></trkpt>
      <trkpt lat="57.030327" lon="8.861284"><ele>1.5</ele></trkpt>
      <trkpt lat="57.030442" lon="8.861364"><ele>1.5</ele></trkpt>
      <trkpt lat="57.030868" lon="8.860648"><ele>1.5</ele></trkpt>
      <trkpt lat="57.032066" lon="8.858711"><ele>2.0</ele></trkpt>
      <trkpt lat="57.032460" lon="8.859593"><ele>2.0</ele></trkpt>
      <trkpt lat="57.032417" lon="8.859765"><ele>2.0</ele></trkpt>
      <trkpt lat="57.032049" lon="8.862412"><ele>2.0</ele></trkpt>
      <trkpt lat="57.031999" lon="8.862549"><ele>2.0</ele></trkpt>
      <trkpt lat="57.031681" lon="8.863034"><ele>1.9</ele></trkpt>
      <trkpt lat="57.031632" lon="8.863218"><ele>1.9</ele></trkpt>
      <trkpt lat="57.031774" lon="8.865897"><ele>2.0</ele></trkpt>
      <trkpt lat="57.031855" lon="8.866758"><ele>2.1</ele></trkpt>
      <trkpt lat="57.031991" lon="8.867799"><ele>2.2</ele></trkpt>
      <trkpt lat="57.032182" lon="8.868947"><ele>2.7</ele></trkpt>
      <trkpt lat="57.033117" lon="8.873700"><ele>4.6</ele></trkpt>
      <trkpt lat="57.034150" lon="8.878914"><ele>4.4</ele></trkpt>
      <trkpt lat="57.035271" lon="8.884582"><ele>3.0</ele></trkpt>
      <trkpt lat="57.035571" lon="8.886373"><ele>2.8</ele></trkpt>
      <trkpt lat="57.035855" lon="8.888272"><ele>3.0</ele></trkpt>
      <trkpt lat="57.036204" lon="8.891018"><ele>3.1</ele></trkpt>
      <trkpt lat="57.036466" lon="8.893956"><ele>3.5</ele></trkpt>
      <trkpt lat="57.036490" lon="8.894353"><ele>3.7</ele></trkpt>
      <trkpt lat="57.036791" lon="8.898512"><ele>5.5</ele></trkpt>
      <trkpt lat="57.037387" lon="8.907199"><ele>8.2</ele></trkpt>
      <trkpt lat="57.037468" lon="8.908375"><ele>8.1</ele></trkpt>
      <trkpt lat="57.038469" lon="8.922808"><ele>3.1</ele></trkpt>
      <trkpt lat="57.038590" lon="8.925017"><ele>1.9</ele></trkpt>
      <trkpt lat="57.038546" lon="8.926622"><ele>1.3</ele></trkpt>
      <trkpt lat="57.038488" lon="8.927243"><ele>1.2</ele></trkpt>
      <trkpt lat="57.038274" lon="8.928677"><ele>0.8</ele></trkpt>
      <trkpt lat="57.038131" lon="8.929353"><ele>0.7</ele></trkpt>
      <trkpt lat="57.037914" lon="8.930169"><ele>0.6</ele></trkpt>
      <trkpt lat="57.037669" lon="8.930923"><ele>0.5</ele></trkpt>
      <trkpt lat="57.037323" lon="8.931862"><ele>0.4</ele></trkpt>
      <trkpt lat="57.037290" lon="8.931952"><ele>0.4</ele></trkpt>
      <trkpt lat="57.037175" lon="8.932255"><ele>0.4</ele></trkpt>
      <trkpt lat="57.037036" lon="8.932642"><ele>0.4</ele></trkpt>
      <trkpt lat="57.036629" lon="8.933771"><ele>0.3</ele></trkpt>
      <trkpt lat="57.036059" lon="8.935342"><ele>0.3</ele></trkpt>
      <trkpt lat="57.035578" lon="8.937046"><ele>0.3</ele></trkpt>
      <trkpt lat="57.035432" lon="8.937776"><ele>0.3</ele></trkpt>
      <trkpt lat="57.035300" lon="8.938644"><ele>0.4</ele></trkpt>
      <trkpt lat="57.035197" lon="8.939769"><ele>0.4</ele></trkpt>
      <trkpt lat="57.035154" lon="8.940841"><ele>0.5</ele></trkpt>
      <trkpt lat="57.035188" lon="8.942101"><ele>0.5</ele></trkpt>
      <trkpt lat="57.035244" lon="8.942841"><ele>0.5</ele></trkpt>
      <trkpt lat="57.035321" lon="8.943457"><ele>0.5</ele></trkpt>
      <trkpt lat="57.035906" lon="8.947494"><ele>0.1</ele></trkpt>
      <trkpt lat="57.036250" lon="8.949840"><ele>0.1</ele></trkpt>
      <trkpt lat="57.038114" lon="8.962542"><ele>0.8</ele></trkpt>
      <trkpt lat="57.038988" lon="8.968423"><ele>2.2</ele></trkpt>
      <trkpt lat="57.039778" lon="8.972642"><ele>3.0</ele></trkpt>
      <trkpt lat="57.039891" lon="8.972604"><ele>3.2</ele></trkpt>
      <trkpt lat="57.040155" lon="8.974047"><ele>4.0</ele></trkpt>
      <trkpt lat="57.040310" lon="8.974596"><ele>4.3</ele></trkpt>
      <trkpt lat="57.040509" lon="8.975593"><ele>4.7</ele></trkpt>
      <trkpt lat="57.040846" lon="8.977306"><ele>5.0</ele></trkpt>
      <trkpt lat="57.040840" lon="8.977540"><ele>5.1</ele></trkpt>
      <trkpt lat="57.040787" lon="8.977887"><ele>5.1</ele></trkpt>
      <trkpt lat="57.040796" lon="8.978036"><ele>5.2</ele></trkpt>
      <trkpt lat="57.041483" lon="8.981590"><ele>3.6</ele></trkpt>
      <trkpt lat="57.041525" lon="8.981483"><ele>3.6</ele></trkpt>
      <trkpt lat="57.041563" lon="8.981404"><ele>3.5</ele></trkpt>
      <trkpt lat="57.041718" lon="8.981251"><ele>3.4</ele></trkpt>
      <trkpt lat="57.042727" lon="8.980841"><ele>2.8</ele></trkpt>
      <trkpt lat="57.041718" lon="8.981251"><ele>2.4</ele></trkpt>
      <trkpt lat="57.041563" lon="8.981404"><ele>2.4</ele></trkpt>
      <trkpt lat="57.041525" lon="8.981483"><ele>2.3</ele></trkpt>
      <trkpt lat="57.041483" lon="8.981590"><ele>2.3</ele></trkpt>
      <trkpt lat="57.042020" lon="8.984423"><ele>1.7</ele></trkpt>
      <trkpt lat="57.042363" lon="8.985925"><ele>1.2</ele></trkpt>
      <trkpt lat="57.042653" lon="8.986955"><ele>1.3</ele></trkpt>
      <trkpt lat="57.042924" lon="8.987763"><ele>1.7</ele></trkpt>
      <trkpt lat="57.043499" lon="8.989175"><ele>2.4</ele></trkpt>
      <trkpt lat="57.043226" lon="8.990288"><ele>3.7</ele></trkpt>
      <trkpt lat="57.043253" lon="8.990328"><ele>3.8</ele></trkpt>
      <trkpt lat="57.042945" lon="8.992328"><ele>5.8</ele></trkpt>
      <trkpt lat="57.042834" lon="8.994213"><ele>6.8</ele></trkpt>
      <trkpt lat="57.042708" lon="8.996457"><ele>7.1</ele></trkpt>
      <trkpt lat="57.042701" lon="8.996783"><ele>7.0</ele></trkpt>
      <trkpt lat="57.042764" lon="8.997465"><ele>6.7</ele></trkpt>
      <trkpt lat="57.042417" lon="8.997580"><ele>6.5</ele></trkpt>
      <trkpt lat="57.040795" lon="8.997843"><ele>6.2</ele></trkpt>
      <trkpt lat="57.040334" lon="8.997980"><ele>6.2</ele></trkpt>
      <trkpt lat="57.040079" lon="8.998029"><ele>6.5</ele></trkpt>
      <trkpt lat="57.039623" lon="8.997983"><ele>7.0</ele></trkpt>
      <trkpt lat="57.039426" lon="8.997928"><ele>7.3</ele></trkpt>
      <trkpt lat="57.038757" lon="8.997631"><ele>8.1</ele></trkpt>
      <trkpt lat="57.037793" lon="8.997343"><ele>9.2</ele></trkpt>
      <trkpt lat="57.037416" lon="8.997280"><ele>9.7</ele></trkpt>
      <trkpt lat="57.036274" lon="8.997395"><ele>10.9</ele></trkpt>
      <trkpt lat="57.036010" lon="8.997382"><ele>11.2</ele></trkpt>
      <trkpt lat="57.035373" lon="8.997351"><ele>11.9</ele></trkpt>
      <trkpt lat="57.035105" lon="8.997378"><ele>12.2</ele></trkpt>
      <trkpt lat="57.033829" lon="8.997778"><ele>14.2</ele></trkpt>
      <trkpt lat="57.033443" lon="8.997806"><ele>14.8</ele></trkpt>
      <trkpt lat="57.033214" lon="8.997772"><ele>15.2</ele></trkpt>
      <trkpt lat="57.032718" lon="8.997594"><ele>15.5</ele></trkpt>
      <trkpt lat="57.032608" lon="8.997644"><ele>15.6</ele></trkpt>
      <trkpt lat="57.032571" lon="8.997732"><ele>15.7</ele></trkpt>
      <trkpt lat="57.032235" lon="9.000450"><ele>16.2</ele></trkpt>
      <trkpt lat="57.031670" lon="9.000186"><ele>15.9</ele></trkpt>
      <trkpt lat="57.029435" lon="8.998961"><ele>13.9</ele></trkpt>
      <trkpt lat="57.029235" lon="8.998915"><ele>13.8</ele></trkpt>
      <trkpt lat="57.029298" lon="8.999219"><ele>13.5</ele></trkpt>
      <trkpt lat="57.029311" lon="8.999475"><ele>13.3</ele></trkpt>
      <trkpt lat="57.029310" lon="8.999618"><ele>13.2</ele></trkpt>
      <trkpt lat="57.029300" lon="8.999785"><ele>13.1</ele></trkpt>
      <trkpt lat="57.029265" lon="8.999992"><ele>12.9</ele></trkpt>
      <trkpt lat="57.029199" lon="9.000257"><ele>12.7</ele></trkpt>
      <trkpt lat="57.029078" lon="9.000654"><ele>12.3</ele></trkpt>
      <trkpt lat="57.028956" lon="9.000943"><ele>12.0</ele></trkpt>
      <trkpt lat="57.028903" lon="9.001028"><ele>11.9</ele></trkpt>
      <trkpt lat="57.028585" lon="9.001553"><ele>11.3</ele></trkpt>
      <trkpt lat="57.028472" lon="9.001831"><ele>11.0</ele></trkpt>
      <trkpt lat="57.027480" lon="9.005174"><ele>4.6</ele></trkpt>
      <trkpt lat="57.027428" lon="9.005522"><ele>4.4</ele></trkpt>
      <trkpt lat="57.027560" lon="9.005628"><ele>4.3</ele></trkpt>
      <trkpt lat="57.027672" lon="9.005810"><ele>4.1</ele></trkpt>
      <trkpt lat="57.028247" lon="9.007064"><ele>3.1</ele></trkpt>
      <trkpt lat="57.028404" lon="9.007600"><ele>3.0</ele></trkpt>
      <trkpt lat="57.028563" lon="9.008374"><ele>3.1</ele></trkpt>
      <trkpt lat="57.028582" lon="9.008465"><ele>3.1</ele></trkpt>
      <trkpt lat="57.028480" lon="9.008667"><ele>3.2</ele></trkpt>
      <trkpt lat="57.028348" lon="9.009111"><ele>3.2</ele></trkpt>
      <trkpt lat="57.028300" lon="9.009402"><ele>3.3</ele></trkpt>
      <trkpt lat="57.028227" lon="9.009797"><ele>3.3</ele></trkpt>
      <trkpt lat="57.028125" lon="9.010027"><ele>3.4</ele></trkpt>
      <trkpt lat="57.028005" lon="9.010253"><ele>3.4</ele></trkpt>
      <trkpt lat="57.027824" lon="9.010578"><ele>3.3</ele></trkpt>
      <trkpt lat="57.027727" lon="9.010828"><ele>3.3</ele></trkpt>
      <trkpt lat="57.027635" lon="9.011183"><ele>3.2</ele></trkpt>
      <trkpt lat="57.027472" lon="9.011788"><ele>3.1</ele></trkpt>
      <trkpt lat="57.027330" lon="9.012048"><ele>3.0</ele></trkpt>
      <trkpt lat="57.027116" lon="9.012339"><ele>3.0</ele></trkpt>
      <trkpt lat="57.026990" lon="9.012580"><ele>2.9</ele></trkpt>
      <trkpt lat="57.026914" lon="9.012804"><ele>2.9</ele></trkpt>
      <trkpt lat="57.026822" lon="9.013246"><ele>2.8</ele></trkpt>
      <trkpt lat="57.026649" lon="9.014043"><ele>2.7</ele></trkpt>
      <trkpt lat="57.026584" lon="9.014200"><ele>2.6</ele></trkpt>
      <trkpt lat="57.026427" lon="9.014402"><ele>2.6</ele></trkpt>
      <trkpt lat="57.026368" lon="9.014478"><ele>2.6</ele></trkpt>
      <trkpt lat="57.026491" lon="9.014904"><ele>2.5</ele></trkpt>
      <trkpt lat="57.026560" lon="9.015308"><ele>2.5</ele></trkpt>
      <trkpt lat="57.026605" lon="9.016206"><ele>2.4</ele></trkpt>
      <trkpt lat="57.026631" lon="9.019702"><ele>2.1</ele></trkpt>
      <trkpt lat="57.026664" lon="9.021530"><ele>1.8</ele></trkpt>
      <trkpt lat="57.026704" lon="9.025115"><ele>1.3</ele></trkpt>
      <trkpt lat="57.026704" lon="9.026009"><ele>1.3</ele></trkpt>
      <trkpt lat="57.026536" lon="9.032603"><ele>1.8</ele></trkpt>
      <trkpt lat="57.026492" lon="9.034000"><ele>1.8</ele></trkpt>
      <trkpt lat="57.026432" lon="9.034617"><ele>1.8</ele></trkpt>
      <trkpt lat="57.024747" lon="9.045580"><ele>1.3</ele></trkpt>
      <trkpt lat="57.024672" lon="9.046066"><ele>1.2</ele></trkpt>
      <trkpt lat="57.024247" lon="9.048899"><ele>0.7</ele></trkpt>
      <trkpt lat="57.023917" lon="9.051303"><ele>0.5</ele></trkpt>
      <trkpt lat="57.023131" lon="9.057856"><ele>0.3</ele></trkpt>
      <trkpt lat="57.023084" lon="9.058110"><ele>0.3</ele></trkpt>
      <trkpt lat="57.022967" lon="9.058499"><ele>0.3</ele></trkpt>
      <trkpt lat="57.022712" lon="9.058915"><ele>0.4</ele></trkpt>
      <trkpt lat="57.022479" lon="9.059203"><ele>0.4</ele></trkpt>
      <trkpt lat="57.022769" lon="9.060552"><ele>0.4</ele></trkpt>
      <trkpt lat="57.027075" lon="9.078067"><ele>-0.2</ele></trkpt>
      <trkpt lat="57.027206" lon="9.078167"><ele>-0.2</ele></trkpt>
      <trkpt lat="57.027247" lon="9.078269"><ele>-0.2</ele></trkpt>
      <trkpt lat="57.027878" lon="9.080849"><ele>-0.1</ele></trkpt>
      <trkpt lat="57.027883" lon="9.080951"><ele>-0.1</ele></trkpt>
      <trkpt lat="57.027846" lon="9.081214"><ele>-0.1</ele></trkpt>
      <trkpt lat="57.029951" lon="9.089779"><ele>-0.0</ele></trkpt>
      <trkpt lat="57.031847" lon="9.097495"><ele>0.0</ele></trkpt>
      <trkpt lat="57.031930" lon="9.097825"><ele>0.0</ele></trkpt>
      <trkpt lat="57.032614" lon="9.100585"><ele>0.0</ele></trkpt>
      <trkpt lat="57.032734" lon="9.100675"><ele>0.0</ele></trkpt>
      <trkpt lat="57.032906" lon="9.101366"><ele>0.0</ele></trkpt>
      <trkpt lat="57.033047" lon="9.101937"><ele>0.0</ele></trkpt>
      <trkpt lat="57.033434" lon="9.103495"><ele>0.0</ele></trkpt>
      <trkpt lat="57.033398" lon="9.103666"><ele>0.0</ele></trkpt>
      <trkpt lat="57.036298" lon="9.115590"><ele>0.0</ele></trkpt>
      <trkpt lat="57.039674" lon="9.129334"><ele>0.1</ele></trkpt>
      <trkpt lat="57.042058" lon="9.139002"><ele>0.1</ele></trkpt>
      <trkpt lat="57.042346" lon="9.138820"><ele>0.2</ele></trkpt>
      <trkpt lat="57.042549" lon="9.138754"><ele>0.2</ele></trkpt>
      <trkpt lat="57.042770" lon="9.138746"><ele>0.2</ele></trkpt>
      <trkpt lat="57.042969" lon="9.138837"><ele>0.3</ele></trkpt>
      <trkpt lat="57.046219" lon="9.140625"><ele>0.9</ele></trkpt>
      <trkpt lat="57.046551" lon="9.140814"><ele>1.0</ele></trkpt>
      <trkpt lat="57.046109" lon="9.142952"><ele>1.2</ele></trkpt>
      <trkpt lat="57.046033" lon="9.143328"><ele>1.2</ele></trkpt>
      <trkpt lat="57.045883" lon="9.143805"><ele>1.3</ele></trkpt>
      <trkpt lat="57.045721" lon="9.144176"><ele>1.3</ele></trkpt>
      <trkpt lat="57.044753" lon="9.146040"><ele>1.0</ele></trkpt>
      <trkpt lat="57.044597" lon="9.146471"><ele>0.9</ele></trkpt>
      <trkpt lat="57.044495" lon="9.146873"><ele>0.8</ele></trkpt>
      <trkpt lat="57.044273" lon="9.148246"><ele>0.5</ele></trkpt>
      <trkpt lat="57.044223" lon="9.148461"><ele>0.5</ele></trkpt>
      <trkpt lat="57.044103" lon="9.148686"><ele>0.4</ele></trkpt>
      <trkpt lat="57.043858" lon="9.148889"><ele>0.3</ele></trkpt>
      <trkpt lat="57.044759" lon="9.155283"><ele>0.1</ele></trkpt>
      <trkpt lat="57.045404" lon="9.159952"><ele>-0.1</ele></trkpt>
      <trkpt lat="57.045423" lon="9.160084"><ele>-0.1</ele></trkpt>
      <trkpt lat="57.045607" lon="9.160143"><ele>-0.1</ele></trkpt>
      <trkpt lat="57.046065" lon="9.160540"><ele>-0.0</ele></trkpt>
      <trkpt lat="57.046255" lon="9.160618"><ele>0.0</ele></trkpt>
      <trkpt lat="57.049018" lon="9.162284"><ele>0.0</ele></trkpt>
      <trkpt lat="57.056443" lon="9.166585"><ele>0.1</ele></trkpt>
      <trkpt lat="57.059571" lon="9.168392"><ele>0.3</ele></trkpt>
      <trkpt lat="57.059771" lon="9.168696"><ele>0.3</ele></trkpt>
      <trkpt lat="57.061529" lon="9.173022"><ele>1.0</ele></trkpt>
      <trkpt lat="57.061658" lon="9.173170"><ele>1.1</ele></trkpt>
      <trkpt lat="57.061860" lon="9.173274"><ele>1.2</ele></trkpt>
      <trkpt lat="57.061896" lon="9.173345"><ele>1.3</ele></trkpt>
      <trkpt lat="57.061877" lon="9.173398"><ele>1.3</ele></trkpt>
      <trkpt lat="57.061829" lon="9.173618"><ele>1.4</ele></trkpt>
      <trkpt lat="57.061814" lon="9.173685"><ele>1.4</ele></trkpt>
      <trkpt lat="57.061870" lon="9.173781"><ele>1.5</ele></trkpt>
      <trkpt lat="57.062058" lon="9.173834"><ele>1.6</ele></trkpt>
      <trkpt lat="57.062097" lon="9.173900"><ele>1.6</ele></trkpt>
      <trkpt lat="57.062138" lon="9.174074"><ele>1.7</ele></trkpt>
      <trkpt lat="57.062139" lon="9.174202"><ele>1.8</ele></trkpt>
      <trkpt lat="57.062095" lon="9.174464"><ele>1.9</ele></trkpt>
      <trkpt lat="57.062083" lon="9.174696"><ele>2.0</ele></trkpt>
      <trkpt lat="57.062057" lon="9.175769"><ele>2.4</ele></trkpt>
      <trkpt lat="57.062127" lon="9.176258"><ele>2.6</ele></trkpt>
      <trkpt lat="57.062246" lon="9.176582"><ele>2.7</ele></trkpt>
      <trkpt lat="57.062937" lon="9.176941"><ele>3.2</ele></trkpt>
      <trkpt lat="57.063210" lon="9.177028"><ele>3.2</ele></trkpt>
      <trkpt lat="57.063116" lon="9.177199"><ele>3.2</ele></trkpt>
      <trkpt lat="57.062777" lon="9.177870"><ele>3.2</ele></trkpt>
      <trkpt lat="57.062396" lon="9.178811"><ele>3.1</ele></trkpt>
      <trkpt lat="57.062103" lon="9.179725"><ele>3.1</ele></trkpt>
      <trkpt lat="57.061634" lon="9.181499"><ele>3.0</ele></trkpt>
      <trkpt lat="57.060778" lon="9.184807"><ele>3.4</ele></trkpt>
      <trkpt lat="57.060704" lon="9.185091"><ele>3.4</ele></trkpt>
      <trkpt lat="57.060688" lon="9.185154"><ele>3.4</ele></trkpt>
      <trkpt lat="57.060575" lon="9.185591"><ele>3.5</ele></trkpt>
      <trkpt lat="57.060439" lon="9.186117"><ele>3.5</ele></trkpt>
      <trkpt lat="57.060018" lon="9.186902"><ele>3.6</ele></trkpt>
      <trkpt lat="57.060079" lon="9.186974"><ele>3.7</ele></trkpt>
      <trkpt lat="57.059921" lon="9.187685"><ele>3.7</ele></trkpt>
      <trkpt lat="57.059876" lon="9.187989"><ele>3.7</ele></trkpt>
      <trkpt lat="57.059861" lon="9.188067"><ele>3.7</ele></trkpt>
      <trkpt lat="57.059641" lon="9.189216"><ele>3.5</ele></trkpt>
      <trkpt lat="57.059298" lon="9.191005"><ele>3.1</ele></trkpt>
      <trkpt lat="57.059124" lon="9.191715"><ele>3.0</ele></trkpt>
      <trkpt lat="57.058985" lon="9.192179"><ele>3.0</ele></trkpt>
      <trkpt lat="57.058663" lon="9.193068"><ele>2.9</ele></trkpt>
      <trkpt lat="57.058214" lon="9.194350"><ele>2.8</ele></trkpt>
      <trkpt lat="57.057719" lon="9.196051"><ele>2.7</ele></trkpt>
      <trkpt lat="57.057612" lon="9.196405"><ele>2.7</ele></trkpt>
      <trkpt lat="57.057520" lon="9.196623"><ele>2.6</ele></trkpt>
      <trkpt lat="57.057422" lon="9.196779"><ele>2.6</ele></trkpt>
      <trkpt lat="57.057364" lon="9.196820"><ele>2.6</ele></trkpt>
      <trkpt lat="57.057360" lon="9.198171"><ele>2.3</ele></trkpt>
      <trkpt lat="57.057378" lon="9.201567"><ele>1.9</ele></trkpt>
      <trkpt lat="57.057386" lon="9.203150"><ele>1.8</ele></trkpt>
      <trkpt lat="57.057391" lon="9.204126"><ele>1.9</ele></trkpt>
      <trkpt lat="57.057393" lon="9.204453"><ele>2.0</ele></trkpt>
      <trkpt lat="57.057400" lon="9.205794"><ele>2.1</ele></trkpt>
      <trkpt lat="57.057405" lon="9.206694"><ele>2.4</ele></trkpt>
      <trkpt lat="57.057414" lon="9.208401"><ele>4.0</ele></trkpt>
      <trkpt lat="57.057398" lon="9.209442"><ele>5.0</ele></trkpt>
      <trkpt lat="57.057345" lon="9.210779"><ele>6.4</ele></trkpt>
      <trkpt lat="57.057322" lon="9.211488"><ele>7.2</ele></trkpt>
      <trkpt lat="57.057334" lon="9.213100"><ele>8.9</ele></trkpt>
      <trkpt lat="57.057338" lon="9.213657"><ele>9.0</ele></trkpt>
      <trkpt lat="57.057295" lon="9.213687"><ele>9.1</ele></trkpt>
      <trkpt lat="57.057354" lon="9.217646"><ele>9.4</ele></trkpt>
      <trkpt lat="57.057345" lon="9.218221"><ele>9.2</ele></trkpt>
      <trkpt lat="57.057433" lon="9.225994"><ele>5.0</ele></trkpt>
      <trkpt lat="57.057384" lon="9.226339"><ele>4.8</ele></trkpt>
      <trkpt lat="57.057335" lon="9.226449"><ele>4.8</ele></trkpt>
      <trkpt lat="57.057192" lon="9.226592"><ele>4.7</ele></trkpt>
      <trkpt lat="57.056807" lon="9.226759"><ele>4.6</ele></trkpt>
      <trkpt lat="57.054368" lon="9.226896"><ele>4.6</ele></trkpt>
      <trkpt lat="57.054137" lon="9.226937"><ele>4.7</ele></trkpt>
      <trkpt lat="57.053888" lon="9.227080"><ele>4.7</ele></trkpt>
      <trkpt lat="57.053761" lon="9.227204"><ele>4.8</ele></trkpt>
      <trkpt lat="57.053656" lon="9.227329"><ele>4.8</ele></trkpt>
      <trkpt lat="57.053459" lon="9.227678"><ele>4.9</ele></trkpt>
      <trkpt lat="57.053360" lon="9.227961"><ele>4.9</ele></trkpt>
      <trkpt lat="57.053312" lon="9.228129"><ele>5.0</ele></trkpt>
      <trkpt lat="57.053283" lon="9.228370"><ele>5.0</ele></trkpt>
      <trkpt lat="57.053167" lon="9.230067"><ele>5.3</ele></trkpt>
      <trkpt lat="57.053151" lon="9.230857"><ele>5.2</ele></trkpt>
      <trkpt lat="57.053173" lon="9.231324"><ele>5.1</ele></trkpt>
      <trkpt lat="57.053256" lon="9.232306"><ele>5.0</ele></trkpt>
      <trkpt lat="57.053440" lon="9.233578"><ele>4.9</ele></trkpt>
      <trkpt lat="57.053589" lon="9.234421"><ele>4.8</ele></trkpt>
      <trkpt lat="57.053702" lon="9.234935"><ele>4.7</ele></trkpt>
      <trkpt lat="57.053955" lon="9.235831"><ele>4.6</ele></trkpt>
      <trkpt lat="57.054049" lon="9.236256"><ele>4.5</ele></trkpt>
      <trkpt lat="57.054138" lon="9.236950"><ele>4.4</ele></trkpt>
      <trkpt lat="57.054214" lon="9.237650"><ele>4.3</ele></trkpt>
      <trkpt lat="57.054330" lon="9.238728"><ele>4.2</ele></trkpt>
      <trkpt lat="57.054332" lon="9.239244"><ele>4.1</ele></trkpt>
      <trkpt lat="57.054213" lon="9.240887"><ele>3.9</ele></trkpt>
      <trkpt lat="57.054199" lon="9.241119"><ele>3.8</ele></trkpt>
      <trkpt lat="57.054196" lon="9.241226"><ele>3.8</ele></trkpt>
      <trkpt lat="57.054186" lon="9.241704"><ele>3.8</ele></trkpt>
      <trkpt lat="57.054069" lon="9.243635"><ele>3.9</ele></trkpt>
      <trkpt lat="57.053769" lon="9.247347"><ele>6.4</ele></trkpt>
      <trkpt lat="57.053768" lon="9.247700"><ele>6.8</ele></trkpt>
      <trkpt lat="57.053814" lon="9.248389"><ele>7.6</ele></trkpt>
      <trkpt lat="57.054053" lon="9.250012"><ele>9.7</ele></trkpt>
      <trkpt lat="57.054211" lon="9.250657"><ele>10.6</ele></trkpt>
      <trkpt lat="57.054262" lon="9.251871"><ele>12.3</ele></trkpt>
      <trkpt lat="57.054310" lon="9.251898"><ele>12.4</ele></trkpt>
      <trkpt lat="57.054323" lon="9.252391"><ele>13.0</ele></trkpt>
      <trkpt lat="57.054355" lon="9.253517"><ele>13.8</ele></trkpt>
      <trkpt lat="57.054359" lon="9.253662"><ele>13.8</ele></trkpt>
      <trkpt lat="57.054428" lon="9.254238"><ele>14.2</ele></trkpt>
      <trkpt lat="57.054581" lon="9.254771"><ele>14.6</ele></trkpt>
      <trkpt lat="57.054636" lon="9.254906"><ele>14.7</ele></trkpt>
      <trkpt lat="57.054741" lon="9.255168"><ele>14.9</ele></trkpt>
      <trkpt lat="57.054989" lon="9.255859"><ele>15.4</ele></trkpt>
      <trkpt lat="57.055057" lon="9.256297"><ele>15.6</ele></trkpt>
      <trkpt lat="57.055117" lon="9.257345"><ele>16.3</ele></trkpt>
      <trkpt lat="57.049361" lon="9.258525"><ele>17.4</ele></trkpt>
      <trkpt lat="57.048370" lon="9.259121"><ele>15.5</ele></trkpt>
      <trkpt lat="57.048049" lon="9.259415"><ele>14.6</ele></trkpt>
      <trkpt lat="57.047821" lon="9.259705"><ele>13.9</ele></trkpt>
      <trkpt lat="57.047181" lon="9.260685"><ele>12.0</ele></trkpt>
      <trkpt lat="57.045983" lon="9.262518"><ele>9.6</ele></trkpt>
      <trkpt lat="57.044916" lon="9.264102"><ele>10.8</ele></trkpt>
      <trkpt lat="57.044333" lon="9.264969"><ele>11.3</ele></trkpt>
      <trkpt lat="57.040957" lon="9.269637"><ele>14.1</ele></trkpt>
      <trkpt lat="57.039730" lon="9.271333"><ele>14.3</ele></trkpt>
      <trkpt lat="57.039677" lon="9.271466"><ele>14.3</ele></trkpt>
      <trkpt lat="57.039660" lon="9.271558"><ele>14.3</ele></trkpt>
      <trkpt lat="57.039647" lon="9.271850"><ele>14.2</ele></trkpt>
      <trkpt lat="57.040148" lon="9.278574"><ele>13.0</ele></trkpt>
      <trkpt lat="57.040146" lon="9.278651"><ele>13.0</ele></trkpt>
      <trkpt lat="57.039971" lon="9.278626"><ele>12.9</ele></trkpt>
      <trkpt lat="57.039969" lon="9.278689"><ele>12.9</ele></trkpt>
      <trkpt lat="57.039871" lon="9.279054"><ele>12.9</ele></trkpt>
      <trkpt lat="57.038220" lon="9.282210"><ele>13.2</ele></trkpt>
      <trkpt lat="57.037679" lon="9.283199"><ele>12.8</ele></trkpt>
      <trkpt lat="57.036609" lon="9.285011"><ele>11.8</ele></trkpt>
      <trkpt lat="57.036503" lon="9.285252"><ele>11.6</ele></trkpt>
      <trkpt lat="57.033198" lon="9.294394"><ele>8.1</ele></trkpt>
      <trkpt lat="57.033065" lon="9.294673"><ele>8.0</ele></trkpt>
      <trkpt lat="57.032806" lon="9.295022"><ele>7.7</ele></trkpt>
      <trkpt lat="57.032819" lon="9.295412"><ele>7.5</ele></trkpt>
      <trkpt lat="57.032783" lon="9.295625"><ele>7.4</ele></trkpt>
      <trkpt lat="57.032582" lon="9.296260"><ele>7.1</ele></trkpt>
      <trkpt lat="57.032362" lon="9.296718"><ele>6.8</ele></trkpt>
      <trkpt lat="57.032205" lon="9.296956"><ele>6.7</ele></trkpt>
      <trkpt lat="57.031877" lon="9.297260"><ele>6.4</ele></trkpt>
      <trkpt lat="57.031782" lon="9.297402"><ele>6.4</ele></trkpt>
      <trkpt lat="57.031713" lon="9.297632"><ele>6.3</ele></trkpt>
      <trkpt lat="57.031652" lon="9.298004"><ele>6.2</ele></trkpt>
      <trkpt lat="57.031550" lon="9.299104"><ele>5.9</ele></trkpt>
      <trkpt lat="57.031568" lon="9.299439"><ele>5.8</ele></trkpt>
      <trkpt lat="57.031629" lon="9.299700"><ele>5.7</ele></trkpt>
      <trkpt lat="57.032118" lon="9.301347"><ele>5.9</ele></trkpt>
      <trkpt lat="57.032329" lon="9.302102"><ele>6.0</ele></trkpt>
      <trkpt lat="57.032745" lon="9.303370"><ele>6.3</ele></trkpt>
      <trkpt lat="57.032772" lon="9.303489"><ele>6.3</ele></trkpt>
      <trkpt lat="57.032798" lon="9.303608"><ele>6.3</ele></trkpt>
      <trkpt lat="57.032855" lon="9.304241"><ele>6.4</ele></trkpt>
      <trkpt lat="57.032403" lon="9.304403"><ele>6.6</ele></trkpt>
      <trkpt lat="57.031330" lon="9.304772"><ele>6.8</ele></trkpt>
      <trkpt lat="57.030910" lon="9.304800"><ele>6.8</ele></trkpt>
      <trkpt lat="57.029034" lon="9.305350"><ele>6.5</ele></trkpt>
      <trkpt lat="57.028879" lon="9.305386"><ele>6.4</ele></trkpt>
      <trkpt lat="57.028780" lon="9.305832"><ele>6.3</ele></trkpt>
      <trkpt lat="57.028692" lon="9.306048"><ele>6.3</ele></trkpt>
      <trkpt lat="57.028545" lon="9.306285"><ele>6.2</ele></trkpt>
      <trkpt lat="57.027608" lon="9.307421"><ele>5.7</ele></trkpt>
      <trkpt lat="57.027161" lon="9.307924"><ele>5.5</ele></trkpt>
      <trkpt lat="57.026359" lon="9.308803"><ele>5.5</ele></trkpt>
      <trkpt lat="57.026104" lon="9.308217"><ele>5.5</ele></trkpt>
      <trkpt lat="57.025989" lon="9.308048"><ele>5.6</ele></trkpt>
      <trkpt lat="57.025673" lon="9.307811"><ele>5.6</ele></trkpt>
      <trkpt lat="57.024504" lon="9.307145"><ele>4.9</ele></trkpt>
      <trkpt lat="57.024309" lon="9.306970"><ele>4.7</ele></trkpt>
      <trkpt lat="57.021891" lon="9.303845"><ele>4.2</ele></trkpt>
      <trkpt lat="57.021752" lon="9.303686"><ele>4.2</ele></trkpt>
      <trkpt lat="57.020930" lon="9.303003"><ele>3.9</ele></trkpt>
      <trkpt lat="57.020493" lon="9.302600"><ele>3.9</ele></trkpt>
      <trkpt lat="57.020255" lon="9.302329"><ele>3.9</ele></trkpt>
      <trkpt lat="57.019764" lon="9.301628"><ele>3.9</ele></trkpt>
      <trkpt lat="57.019194" lon="9.300983"><ele>3.9</ele></trkpt>
      <trkpt lat="57.018238" lon="9.299801"><ele>4.2</ele></trkpt>
      <trkpt lat="57.017742" lon="9.299286"><ele>4.2</ele></trkpt>
      <trkpt lat="57.017437" lon="9.299156"><ele>4.0</ele></trkpt>
      <trkpt lat="57.017313" lon="9.299042"><ele>3.9</ele></trkpt>
      <trkpt lat="57.017026" lon="9.298393"><ele>3.7</ele></trkpt>
      <trkpt lat="57.016965" lon="9.298319"><ele>3.6</ele></trkpt>
      <trkpt lat="57.016808" lon="9.298325"><ele>3.5</ele></trkpt>
      <trkpt lat="57.016303" lon="9.298668"><ele>3.2</ele></trkpt>
      <trkpt lat="57.016236" lon="9.298689"><ele>3.2</ele></trkpt>
      <trkpt lat="57.016162" lon="9.298598"><ele>3.2</ele></trkpt>
      <trkpt lat="57.015573" lon="9.296582"><ele>2.8</ele></trkpt>
      <trkpt lat="57.015259" lon="9.295268"><ele>2.9</ele></trkpt>
      <trkpt lat="57.014775" lon="9.293435"><ele>3.8</ele></trkpt>
      <trkpt lat="57.014658" lon="9.292639"><ele>3.9</ele></trkpt>
      <trkpt lat="57.014633" lon="9.291675"><ele>3.7</ele></trkpt>
      <trkpt lat="57.014507" lon="9.291559"><ele>3.7</ele></trkpt>
      <trkpt lat="57.011826" lon="9.289091"><ele>1.4</ele></trkpt>
      <trkpt lat="57.011646" lon="9.288896"><ele>1.3</ele></trkpt>
      <trkpt lat="57.011478" lon="9.288507"><ele>1.2</ele></trkpt>
      <trkpt lat="57.011368" lon="9.288565"><ele>1.2</ele></trkpt>
      <trkpt lat="57.011222" lon="9.288562"><ele>1.1</ele></trkpt>
      <trkpt lat="57.009391" lon="9.288225"><ele>0.7</ele></trkpt>
      <trkpt lat="57.008258" lon="9.288019"><ele>0.9</ele></trkpt>
      <trkpt lat="57.008245" lon="9.288266"><ele>0.9</ele></trkpt>
      <trkpt lat="57.008200" lon="9.288402"><ele>1.0</ele></trkpt>
      <trkpt lat="57.007778" lon="9.289210"><ele>1.2</ele></trkpt>
      <trkpt lat="57.007642" lon="9.289378"><ele>1.3</ele></trkpt>
      <trkpt lat="57.007526" lon="9.289454"><ele>1.3</ele></trkpt>
      <trkpt lat="57.006095" lon="9.289719"><ele>2.1</ele></trkpt>
      <trkpt lat="57.005436" lon="9.289849"><ele>2.5</ele></trkpt>
      <trkpt lat="57.004707" lon="9.289997"><ele>2.4</ele></trkpt>
      <trkpt lat="57.003849" lon="9.290145"><ele>2.4</ele></trkpt>
      <trkpt lat="57.002709" lon="9.290380"><ele>2.0</ele></trkpt>
      <trkpt lat="57.002680" lon="9.290386"><ele>1.9</ele></trkpt>
      <trkpt lat="57.002231" lon="9.290561"><ele>1.7</ele></trkpt>
      <trkpt lat="57.001426" lon="9.290885"><ele>1.3</ele></trkpt>
      <trkpt lat="57.001379" lon="9.290897"><ele>1.3</ele></trkpt>
      <trkpt lat="57.001219" lon="9.290892"><ele>1.2</ele></trkpt>
      <trkpt lat="57.001174" lon="9.290840"><ele>1.2</ele></trkpt>
      <trkpt lat="57.001103" lon="9.290968"><ele>1.1</ele></trkpt>
      <trkpt lat="57.000997" lon="9.290982"><ele>1.1</ele></trkpt>
      <trkpt lat="57.000959" lon="9.291022"><ele>1.1</ele></trkpt>
      <trkpt lat="57.000892" lon="9.291202"><ele>1.0</ele></trkpt>
      <trkpt lat="57.000800" lon="9.291388"><ele>0.9</ele></trkpt>
      <trkpt lat="57.000214" lon="9.292503"><ele>0.6</ele></trkpt>
      <trkpt lat="57.000207" lon="9.292515"><ele>0.6</ele></trkpt>
      <trkpt lat="56.999565" lon="9.293704"><ele>0.3</ele></trkpt>
      <trkpt lat="56.999310" lon="9.294175"><ele>0.2</ele></trkpt>
      <trkpt lat="56.998651" lon="9.295416"><ele>0.5</ele></trkpt>
      <trkpt lat="56.998249" lon="9.296130"><ele>0.8</ele></trkpt>
      <trkpt lat="56.997708" lon="9.296876"><ele>1.1</ele></trkpt>
      <trkpt lat="56.997654" lon="9.296943"><ele>1.1</ele></trkpt>
      <trkpt lat="56.997329" lon="9.297330"><ele>1.1</ele></trkpt>
      <trkpt lat="56.997342" lon="9.297437"><ele>1.1</ele></trkpt>
      <trkpt lat="56.997402" lon="9.297756"><ele>1.1</ele></trkpt>
      <trkpt lat="56.997419" lon="9.298860"><ele>1.1</ele></trkpt>
      <trkpt lat="56.997415" lon="9.299468"><ele>1.1</ele></trkpt>
      <trkpt lat="56.997246" lon="9.301122"><ele>0.7</ele></trkpt>
      <trkpt lat="56.997174" lon="9.301598"><ele>0.6</ele></trkpt>
      <trkpt lat="56.997383" lon="9.302950"><ele>0.2</ele></trkpt>
      <trkpt lat="56.997931" lon="9.305553"><ele>-0.2</ele></trkpt>
      <trkpt lat="56.998265" lon="9.308769"><ele>-0.4</ele></trkpt>
      <trkpt lat="56.998522" lon="9.310599"><ele>-0.4</ele></trkpt>
      <trkpt lat="56.998905" lon="9.313027"><ele>-0.4</ele></trkpt>
      <trkpt lat="56.999024" lon="9.313520"><ele>-0.4</ele></trkpt>
      <trkpt lat="57.000113" lon="9.316240"><ele>-0.3</ele></trkpt>
      <trkpt lat="57.000319" lon="9.316860"><ele>-0.3</ele></trkpt>
      <trkpt lat="57.001174" lon="9.323240"><ele>-0.3</ele></trkpt>
      <trkpt lat="57.001419" lon="9.324869"><ele>-0.2</ele></trkpt>
      <trkpt lat="57.001597" lon="9.325886"><ele>-0.2</ele></trkpt>
      <trkpt lat="57.001855" lon="9.327162"><ele>-0.1</ele></trkpt>
      <trkpt lat="57.002015" lon="9.328230"><ele>-0.1</ele></trkpt>
      <trkpt lat="57.002099" lon="9.329159"><ele>-0.1</ele></trkpt>
      <trkpt lat="57.002099" lon="9.330502"><ele>-0.0</ele></trkpt>
      <trkpt lat="57.002052" lon="9.332051"><ele>0.0</ele></trkpt>
      <trkpt lat="57.002174" lon="9.332860"><ele>0.0</ele></trkpt>
      <trkpt lat="57.002296" lon="9.333360"><ele>0.1</ele></trkpt>
      <trkpt lat="57.002962" lon="9.335356"><ele>-0.0</ele></trkpt>
      <trkpt lat="57.004527" lon="9.339643"><ele>-0.4</ele></trkpt>
      <trkpt lat="57.004762" lon="9.340486"><ele>-0.4</ele></trkpt>
      <trkpt lat="57.005896" lon="9.345496"><ele>-0.3</ele></trkpt>
      <trkpt lat="57.006955" lon="9.349163"><ele>-0.4</ele></trkpt>
      <trkpt lat="57.007705" lon="9.351641"><ele>-0.6</ele></trkpt>
      <trkpt lat="57.007855" lon="9.352588"><ele>-0.6</ele></trkpt>
      <trkpt lat="57.008015" lon="9.354327"><ele>-0.6</ele></trkpt>
      <trkpt lat="57.008061" lon="9.357116"><ele>-0.5</ele></trkpt>
      <trkpt lat="57.008499" lon="9.364860"><ele>-0.6</ele></trkpt>
      <trkpt lat="57.008513" lon="9.365115"><ele>-0.6</ele></trkpt>
      <trkpt lat="57.008823" lon="9.368315"><ele>-0.5</ele></trkpt>
      <trkpt lat="57.009477" lon="9.374210"><ele>-0.1</ele></trkpt>
      <trkpt lat="57.009999" lon="9.378178"><ele>0.3</ele></trkpt>
      <trkpt lat="57.010222" lon="9.379755"><ele>0.4</ele></trkpt>
      <trkpt lat="57.010222" lon="9.379934"><ele>0.5</ele></trkpt>
      <trkpt lat="57.010191" lon="9.379993"><ele>0.5</ele></trkpt>
      <trkpt lat="57.009336" lon="9.380476"><ele>0.4</ele></trkpt>
      <trkpt lat="57.008933" lon="9.380589"><ele>0.3</ele></trkpt>
      <trkpt lat="57.007646" lon="9.380666"><ele>0.1</ele></trkpt>
      <trkpt lat="57.004265" lon="9.380820"><ele>-0.2</ele></trkpt>
      <trkpt lat="57.001598" lon="9.380885"><ele>-0.2</ele></trkpt>
      <trkpt lat="57.001344" lon="9.380801"><ele>-0.2</ele></trkpt>
      <trkpt lat="57.002296" lon="9.387766"><ele>0.0</ele></trkpt>
      <trkpt lat="57.002355" lon="9.388194"><ele>0.0</ele></trkpt>
      <trkpt lat="57.003004" lon="9.392946"><ele>0.4</ele></trkpt>
      <trkpt lat="57.003074" lon="9.393332"><ele>0.5</ele></trkpt>
      <trkpt lat="57.004092" lon="9.398133"><ele>0.8</ele></trkpt>
      <trkpt lat="57.004107" lon="9.398205"><ele>0.7</ele></trkpt>
      <trkpt lat="57.004283" lon="9.399034"><ele>0.7</ele></trkpt>
      <trkpt lat="57.004945" lon="9.402161"><ele>0.2</ele></trkpt>
      <trkpt lat="57.005007" lon="9.402457"><ele>0.2</ele></trkpt>
      <trkpt lat="57.005044" lon="9.402628"><ele>0.1</ele></trkpt>
      <trkpt lat="57.006309" lon="9.407590"><ele>-0.2</ele></trkpt>
      <trkpt lat="57.007026" lon="9.411319"><ele>-0.2</ele></trkpt>
      <trkpt lat="57.008484" lon="9.418962"><ele>0.2</ele></trkpt>
      <trkpt lat="57.008648" lon="9.419822"><ele>0.3</ele></trkpt>
      <trkpt lat="57.009921" lon="9.426426"><ele>0.6</ele></trkpt>
      <trkpt lat="57.009378" lon="9.426613"><ele>0.6</ele></trkpt>
      <trkpt lat="57.003436" lon="9.429279"><ele>0.5</ele></trkpt>
      <trkpt lat="57.003235" lon="9.429633"><ele>0.5</ele></trkpt>
      <trkpt lat="57.003230" lon="9.429670"><ele>0.5</ele></trkpt>
      <trkpt lat="57.004874" lon="9.436075"><ele>0.4</ele></trkpt>
      <trkpt lat="57.005025" lon="9.436140"><ele>0.5</ele></trkpt>
      <trkpt lat="57.007079" lon="9.435216"><ele>0.6</ele></trkpt>
      <trkpt lat="57.007313" lon="9.438730"><ele>0.7</ele></trkpt>
      <trkpt lat="57.007391" lon="9.441348"><ele>0.7</ele></trkpt>
      <trkpt lat="57.007468" lon="9.446348"><ele>0.6</ele></trkpt>
      <trkpt lat="57.007410" lon="9.446454"><ele>0.6</ele></trkpt>
      <trkpt lat="57.005511" lon="9.446212"><ele>1.6</ele></trkpt>
      <trkpt lat="57.005313" lon="9.446274"><ele>1.9</ele></trkpt>
      <trkpt lat="57.002826" lon="9.447624"><ele>5.7</ele></trkpt>
      <trkpt lat="57.002223" lon="9.447986"><ele>6.4</ele></trkpt>
      <trkpt lat="57.002114" lon="9.448124"><ele>6.4</ele></trkpt>
      <trkpt lat="57.002415" lon="9.448469"><ele>6.3</ele></trkpt>
      <trkpt lat="57.002659" lon="9.448890"><ele>6.3</ele></trkpt>
      <trkpt lat="57.002769" lon="9.449215"><ele>6.2</ele></trkpt>
      <trkpt lat="57.003133" lon="9.450670"><ele>6.0</ele></trkpt>
      <trkpt lat="57.003184" lon="9.450985"><ele>5.9</ele></trkpt>
      <trkpt lat="57.003214" lon="9.451367"><ele>5.8</ele></trkpt>
      <trkpt lat="57.003253" lon="9.451565"><ele>5.8</ele></trkpt>
      <trkpt lat="57.003656" lon="9.453330"><ele>5.4</ele></trkpt>
      <trkpt lat="57.003711" lon="9.453724"><ele>5.7</ele></trkpt>
      <trkpt lat="57.003734" lon="9.454436"><ele>6.2</ele></trkpt>
      <trkpt lat="57.003718" lon="9.455165"><ele>6.7</ele></trkpt>
      <trkpt lat="57.003711" lon="9.457266"><ele>8.4</ele></trkpt>
      <trkpt lat="57.003656" lon="9.457528"><ele>8.7</ele></trkpt>
      <trkpt lat="57.003580" lon="9.457657"><ele>8.9</ele></trkpt>
      <trkpt lat="57.000012" lon="9.461887"><ele>16.8</ele></trkpt>
      <trkpt lat="56.999936" lon="9.462076"><ele>17.0</ele></trkpt>
      <trkpt lat="56.999931" lon="9.462208"><ele>17.1</ele></trkpt>
      <trkpt lat="56.999962" lon="9.462379"><ele>17.3</ele></trkpt>
      <trkpt lat="57.001198" lon="9.466874"><ele>21.6</ele></trkpt>
      <trkpt lat="57.002145" lon="9.470367"><ele>23.7</ele></trkpt>
      <trkpt lat="57.002196" lon="9.470633"><ele>23.8</ele></trkpt>
      <trkpt lat="57.002246" lon="9.471248"><ele>24.0</ele></trkpt>
      <trkpt lat="57.002249" lon="9.472781"><ele>23.4</ele></trkpt>
      <trkpt lat="57.002330" lon="9.472876"><ele>23.2</ele></trkpt>
      <trkpt lat="57.002589" lon="9.473186"><ele>22.8</ele></trkpt>
      <trkpt lat="57.002953" lon="9.473721"><ele>22.2</ele></trkpt>
      <trkpt lat="57.004699" lon="9.476282"><ele>18.5</ele></trkpt>
      <trkpt lat="57.004993" lon="9.476775"><ele>17.2</ele></trkpt>
      <trkpt lat="57.005207" lon="9.477193"><ele>16.2</ele></trkpt>
      <trkpt lat="57.006118" lon="9.479333"><ele>11.7</ele></trkpt>
      <trkpt lat="57.006498" lon="9.480022"><ele>10.3</ele></trkpt>
      <trkpt lat="57.006802" lon="9.480448"><ele>9.3</ele></trkpt>
      <trkpt lat="57.008518" lon="9.482475"><ele>7.5</ele></trkpt>
      <trkpt lat="57.008634" lon="9.482577"><ele>7.4</ele></trkpt>
      <trkpt lat="57.008785" lon="9.482709"><ele>7.4</ele></trkpt>
      <trkpt lat="57.009245" lon="9.482965"><ele>7.2</ele></trkpt>
      <trkpt lat="57.009687" lon="9.483260"><ele>7.0</ele></trkpt>
      <trkpt lat="57.009792" lon="9.483382"><ele>7.0</ele></trkpt>
      <trkpt lat="57.009881" lon="9.483528"><ele>6.9</ele></trkpt>
      <trkpt lat="57.010106" lon="9.484041"><ele>6.8</ele></trkpt>
      <trkpt lat="57.010732" lon="9.485179"><ele>6.2</ele></trkpt>
      <trkpt lat="57.010841" lon="9.485434"><ele>6.1</ele></trkpt>
      <trkpt lat="57.010936" lon="9.485786"><ele>6.0</ele></trkpt>
      <trkpt lat="57.011037" lon="9.486564"><ele>5.7</ele></trkpt>
      <trkpt lat="57.011069" lon="9.486880"><ele>5.6</ele></trkpt>
      <trkpt lat="57.011091" lon="9.487015"><ele>5.5</ele></trkpt>
      <trkpt lat="57.011122" lon="9.487207"><ele>5.5</ele></trkpt>
      <trkpt lat="57.011160" lon="9.487598"><ele>5.6</ele></trkpt>
      <trkpt lat="57.011108" lon="9.487726"><ele>5.6</ele></trkpt>
      <trkpt lat="57.010717" lon="9.488194"><ele>5.6</ele></trkpt>
      <trkpt lat="57.010543" lon="9.488482"><ele>5.6</ele></trkpt>
      <trkpt lat="57.010423" lon="9.488777"><ele>5.6</ele></trkpt>
      <trkpt lat="57.010252" lon="9.489346"><ele>5.7</ele></trkpt>
      <trkpt lat="57.009983" lon="9.489988"><ele>6.1</ele></trkpt>
      <trkpt lat="57.009179" lon="9.491219"><ele>7.2</ele></trkpt>
      <trkpt lat="57.008968" lon="9.491620"><ele>7.5</ele></trkpt>
      <trkpt lat="57.008344" lon="9.493164"><ele>8.8</ele></trkpt>
      <trkpt lat="57.007925" lon="9.494097"><ele>9.6</ele></trkpt>
      <trkpt lat="57.007428" lon="9.494874"><ele>9.8</ele></trkpt>
      <trkpt lat="57.006678" lon="9.496352"><ele>9.7</ele></trkpt>
      <trkpt lat="57.006562" lon="9.496687"><ele>9.6</ele></trkpt>
      <trkpt lat="57.006403" lon="9.497349"><ele>9.6</ele></trkpt>
      <trkpt lat="57.006257" lon="9.498611"><ele>9.6</ele></trkpt>
      <trkpt lat="57.006161" lon="9.499171"><ele>9.5</ele></trkpt>
      <trkpt lat="57.005254" lon="9.502997"><ele>9.5</ele></trkpt>
      <trkpt lat="57.005149" lon="9.503395"><ele>9.5</ele></trkpt>
      <trkpt lat="57.005001" lon="9.503832"><ele>9.4</ele></trkpt>
      <trkpt lat="57.003500" lon="9.507608"><ele>9.4</ele></trkpt>
      <trkpt lat="57.003358" lon="9.508006"><ele>9.4</ele></trkpt>
      <trkpt lat="57.003151" lon="9.508790"><ele>9.8</ele></trkpt>
      <trkpt lat="57.003066" lon="9.509112"><ele>10.0</ele></trkpt>
      <trkpt lat="57.002362" lon="9.511245"><ele>11.5</ele></trkpt>
      <trkpt lat="57.002206" lon="9.511650"><ele>11.7</ele></trkpt>
      <trkpt lat="57.001986" lon="9.512023"><ele>12.1</ele></trkpt>
      <trkpt lat="56.998014" lon="9.517178"><ele>17.2</ele></trkpt>
      <trkpt lat="56.997746" lon="9.517485"><ele>17.5</ele></trkpt>
      <trkpt lat="56.996674" lon="9.518567"><ele>18.6</ele></trkpt>
      <trkpt lat="56.996498" lon="9.518785"><ele>18.8</ele></trkpt>
      <trkpt lat="56.996215" lon="9.519339"><ele>18.9</ele></trkpt>
      <trkpt lat="56.995673" lon="9.520512"><ele>19.0</ele></trkpt>
      <trkpt lat="56.995477" lon="9.520961"><ele>19.1</ele></trkpt>
      <trkpt lat="56.995413" lon="9.521220"><ele>19.1</ele></trkpt>
      <trkpt lat="56.995376" lon="9.521485"><ele>19.1</ele></trkpt>
      <trkpt lat="56.995326" lon="9.522339"><ele>18.9</ele></trkpt>
      <trkpt lat="56.995354" lon="9.522751"><ele>18.9</ele></trkpt>
      <trkpt lat="56.995354" lon="9.524580"><ele>18.6</ele></trkpt>
      <trkpt lat="56.995324" lon="9.525130"><ele>18.4</ele></trkpt>
      <trkpt lat="56.995202" lon="9.526487"><ele>17.7</ele></trkpt>
      <trkpt lat="56.995167" lon="9.527210"><ele>17.4</ele></trkpt>
      <trkpt lat="56.995018" lon="9.533786"><ele>13.8</ele></trkpt>
      <trkpt lat="56.995024" lon="9.534624"><ele>13.5</ele></trkpt>
      <trkpt lat="56.995179" lon="9.536740"><ele>13.7</ele></trkpt>
      <trkpt lat="56.995256" lon="9.537890"><ele>13.8</ele></trkpt>
      <trkpt lat="56.995261" lon="9.538475"><ele>13.8</ele></trkpt>
      <trkpt lat="56.994615" lon="9.543585"><ele>13.1</ele></trkpt>
      <trkpt lat="56.994573" lon="9.543912"><ele>13.0</ele></trkpt>
      <trkpt lat="56.994518" lon="9.544337"><ele>12.7</ele></trkpt>
      <trkpt lat="56.994468" lon="9.544721"><ele>12.0</ele></trkpt>
      <trkpt lat="56.994430" lon="9.545019"><ele>11.6</ele></trkpt>
      <trkpt lat="56.994365" lon="9.545515"><ele>10.8</ele></trkpt>
      <trkpt lat="56.994263" lon="9.545996"><ele>10.0</ele></trkpt>
      <trkpt lat="56.993853" lon="9.547338"><ele>7.6</ele></trkpt>
      <trkpt lat="56.993544" lon="9.548424"><ele>6.4</ele></trkpt>
      <trkpt lat="56.993475" lon="9.548614"><ele>6.2</ele></trkpt>
      <trkpt lat="56.993399" lon="9.548729"><ele>6.0</ele></trkpt>
      <trkpt lat="56.993615" lon="9.548903"><ele>5.6</ele></trkpt>
      <trkpt lat="56.993624" lon="9.549124"><ele>5.3</ele></trkpt>
      <trkpt lat="56.993597" lon="9.549286"><ele>5.2</ele></trkpt>
      <trkpt lat="56.993510" lon="9.549586"><ele>4.8</ele></trkpt>
      <trkpt lat="56.993333" lon="9.549968"><ele>4.4</ele></trkpt>
      <trkpt lat="56.991601" lon="9.552812"><ele>3.5</ele></trkpt>
      <trkpt lat="56.991039" lon="9.553787"><ele>3.4</ele></trkpt>
      <trkpt lat="56.990513" lon="9.554563"><ele>3.5</ele></trkpt>
      <trkpt lat="56.990286" lon="9.554814"><ele>3.8</ele></trkpt>
      <trkpt lat="56.989858" lon="9.555675"><ele>4.2</ele></trkpt>
      <trkpt lat="56.987767" lon="9.561123"><ele>7.8</ele></trkpt>
      <trkpt lat="56.987425" lon="9.561796"><ele>8.1</ele></trkpt>
      <trkpt lat="56.987029" lon="9.562368"><ele>7.9</ele></trkpt>
      <trkpt lat="56.986834" lon="9.562526"><ele>7.7</ele></trkpt>
      <trkpt lat="56.986518" lon="9.562689"><ele>7.4</ele></trkpt>
      <trkpt lat="56.986088" lon="9.563286"><ele>6.9</ele></trkpt>
      <trkpt lat="56.985705" lon="9.563510"><ele>6.5</ele></trkpt>
      <trkpt lat="56.985347" lon="9.563685"><ele>6.3</ele></trkpt>
      <trkpt lat="56.985020" lon="9.563762"><ele>6.0</ele></trkpt>
      <trkpt lat="56.983541" lon="9.563778"><ele>5.0</ele></trkpt>
      <trkpt lat="56.982450" lon="9.563719"><ele>4.4</ele></trkpt>
      <trkpt lat="56.980748" lon="9.563606"><ele>4.0</ele></trkpt>
      <trkpt lat="56.980620" lon="9.563550"><ele>3.9</ele></trkpt>
      <trkpt lat="56.980105" lon="9.563146"><ele>4.1</ele></trkpt>
      <trkpt lat="56.979671" lon="9.562784"><ele>4.3</ele></trkpt>
      <trkpt lat="56.979292" lon="9.562729"><ele>4.6</ele></trkpt>
      <trkpt lat="56.979110" lon="9.562707"><ele>4.7</ele></trkpt>
      <trkpt lat="56.978880" lon="9.562680"><ele>4.8</ele></trkpt>
      <trkpt lat="56.978541" lon="9.562667"><ele>4.9</ele></trkpt>
      <trkpt lat="56.978213" lon="9.562774"><ele>4.8</ele></trkpt>
      <trkpt lat="56.978117" lon="9.562560"><ele>4.8</ele></trkpt>
      <trkpt lat="56.978003" lon="9.562058"><ele>4.7</ele></trkpt>
      <trkpt lat="56.977927" lon="9.561870"><ele>4.7</ele></trkpt>
      <trkpt lat="56.977632" lon="9.561461"><ele>4.6</ele></trkpt>
      <trkpt lat="56.977133" lon="9.560211"><ele>4.5</ele></trkpt>
      <trkpt lat="56.977134" lon="9.560101"><ele>4.5</ele></trkpt>
      <trkpt lat="56.976486" lon="9.559826"><ele>4.5</ele></trkpt>
      <trkpt lat="56.976228" lon="9.559696"><ele>4.4</ele></trkpt>
      <trkpt lat="56.975926" lon="9.559564"><ele>4.4</ele></trkpt>
      <trkpt lat="56.976228" lon="9.559696"><ele>4.2</ele></trkpt>
      <trkpt lat="56.976486" lon="9.559826"><ele>4.0</ele></trkpt>
      <trkpt lat="56.976208" lon="9.560181"><ele>3.8</ele></trkpt>
      <trkpt lat="56.975701" lon="9.560738"><ele>3.3</ele></trkpt>
      <trkpt lat="56.975564" lon="9.560866"><ele>3.2</ele></trkpt>
      <trkpt lat="56.975111" lon="9.561217"><ele>3.0</ele></trkpt>
      <trkpt lat="56.974978" lon="9.561248"><ele>3.0</ele></trkpt>
      <trkpt lat="56.974992" lon="9.561328"><ele>3.0</ele></trkpt>
      <trkpt lat="56.974999" lon="9.561372"><ele>3.0</ele></trkpt>
      <trkpt lat="56.974696" lon="9.561550"><ele>2.9</ele></trkpt>
      <trkpt lat="56.973776" lon="9.561959"><ele>2.6</ele></trkpt>
      <trkpt lat="56.971983" lon="9.562701"><ele>2.4</ele></trkpt>
      <trkpt lat="56.971812" lon="9.562763"><ele>2.3</ele></trkpt>
      <trkpt lat="56.971392" lon="9.562948"><ele>2.1</ele></trkpt>
      <trkpt lat="56.966722" lon="9.564956"><ele>0.5</ele></trkpt>
      <trkpt lat="56.965991" lon="9.565532"><ele>0.5</ele></trkpt>
      <trkpt lat="56.965535" lon="9.565888"><ele>0.5</ele></trkpt>
      <trkpt lat="56.965430" lon="9.566011"><ele>0.5</ele></trkpt>
      <trkpt lat="56.965291" lon="9.566285"><ele>0.5</ele></trkpt>
      <trkpt lat="56.964920" lon="9.567534"><ele>0.6</ele></trkpt>
      <trkpt lat="56.964376" lon="9.569171"><ele>0.6</ele></trkpt>
      <trkpt lat="56.963849" lon="9.570530"><ele>0.4</ele></trkpt>
      <trkpt lat="56.963099" lon="9.572268"><ele>0.2</ele></trkpt>
      <trkpt lat="56.962695" lon="9.573260"><ele>0.1</ele></trkpt>
      <trkpt lat="56.962316" lon="9.574281"><ele>-0.0</ele></trkpt>
      <trkpt lat="56.961978" lon="9.575351"><ele>-0.0</ele></trkpt>
      <trkpt lat="56.961676" lon="9.576458"><ele>-0.1</ele></trkpt>
      <trkpt lat="56.961472" lon="9.577328"><ele>-0.1</ele></trkpt>
      <trkpt lat="56.961169" lon="9.578873"><ele>0.0</ele></trkpt>
      <trkpt lat="56.960939" lon="9.580452"><ele>0.2</ele></trkpt>
      <trkpt lat="56.960755" lon="9.582388"><ele>0.2</ele></trkpt>
      <trkpt lat="56.960824" lon="9.583012"><ele>0.2</ele></trkpt>
      <trkpt lat="56.960812" lon="9.583313"><ele>0.2</ele></trkpt>
      <trkpt lat="56.960798" lon="9.583659"><ele>0.3</ele></trkpt>
      <trkpt lat="56.960684" lon="9.584303"><ele>0.3</ele></trkpt>
      <trkpt lat="56.960698" lon="9.585787"><ele>0.6</ele></trkpt>
      <trkpt lat="56.960727" lon="9.586541"><ele>0.8</ele></trkpt>
      <trkpt lat="56.960828" lon="9.587910"><ele>1.0</ele></trkpt>
      <trkpt lat="56.960979" lon="9.589251"><ele>1.0</ele></trkpt>
      <trkpt lat="56.961052" lon="9.589666"><ele>1.1</ele></trkpt>
      <trkpt lat="56.961092" lon="9.589877"><ele>1.1</ele></trkpt>
      <trkpt lat="56.961242" lon="9.590486"><ele>1.1</ele></trkpt>
      <trkpt lat="56.961845" lon="9.593995"><ele>0.2</ele></trkpt>
      <trkpt lat="56.962033" lon="9.594759"><ele>0.2</ele></trkpt>
      <trkpt lat="56.962178" lon="9.595346"><ele>0.3</ele></trkpt>
      <trkpt lat="56.963248" lon="9.601226"><ele>1.3</ele></trkpt>
      <trkpt lat="56.964635" lon="9.607738"><ele>3.1</ele></trkpt>
      <trkpt lat="56.965170" lon="9.610250"><ele>3.3</ele></trkpt>
      <trkpt lat="56.965249" lon="9.610625"><ele>3.3</ele></trkpt>
      <trkpt lat="56.966032" lon="9.614304"><ele>3.0</ele></trkpt>
      <trkpt lat="56.966407" lon="9.615721"><ele>3.0</ele></trkpt>
      <trkpt lat="56.966892" lon="9.617094"><ele>3.3</ele></trkpt>
      <trkpt lat="56.967518" lon="9.618489"><ele>3.6</ele></trkpt>
      <trkpt lat="56.968261" lon="9.619755"><ele>3.8</ele></trkpt>
      <trkpt lat="56.968933" lon="9.620645"><ele>3.6</ele></trkpt>
      <trkpt lat="56.969571" lon="9.621417"><ele>3.1</ele></trkpt>
      <trkpt lat="56.969822" lon="9.621628"><ele>3.0</ele></trkpt>
      <trkpt lat="56.971010" lon="9.622575"><ele>2.3</ele></trkpt>
      <trkpt lat="56.972631" lon="9.623846"><ele>1.8</ele></trkpt>
      <trkpt lat="56.973257" lon="9.624328"><ele>1.8</ele></trkpt>
      <trkpt lat="56.974658" lon="9.625412"><ele>1.5</ele></trkpt>
      <trkpt lat="56.976915" lon="9.627157"><ele>2.0</ele></trkpt>
      <trkpt lat="56.977260" lon="9.627244"><ele>2.4</ele></trkpt>
      <trkpt lat="56.977255" lon="9.627351"><ele>2.5</ele></trkpt>
      <trkpt lat="56.977251" lon="9.627503"><ele>2.6</ele></trkpt>
      <trkpt lat="56.977296" lon="9.628109"><ele>3.0</ele></trkpt>
      <trkpt lat="56.977272" lon="9.629176"><ele>3.7</ele></trkpt>
      <trkpt lat="56.977336" lon="9.629229"><ele>3.8</ele></trkpt>
      <trkpt lat="56.977623" lon="9.629479"><ele>4.1</ele></trkpt>
      <trkpt lat="56.977957" lon="9.629771"><ele>4.4</ele></trkpt>
      <trkpt lat="56.978395" lon="9.630153"><ele>4.8</ele></trkpt>
      <trkpt lat="56.978666" lon="9.630392"><ele>5.0</ele></trkpt>
      <trkpt lat="56.978805" lon="9.630514"><ele>5.1</ele></trkpt>
      <trkpt lat="56.978894" lon="9.630592"><ele>5.2</ele></trkpt>
      <trkpt lat="56.979112" lon="9.630787"><ele>5.3</ele></trkpt>
      <trkpt lat="56.979803" lon="9.631378"><ele>5.5</ele></trkpt>
      <trkpt lat="56.979904" lon="9.631462"><ele>5.6</ele></trkpt>
      <trkpt lat="56.980041" lon="9.631576"><ele>5.6</ele></trkpt>
      <trkpt lat="56.980121" lon="9.631642"><ele>5.7</ele></trkpt>
      <trkpt lat="56.980494" lon="9.631985"><ele>5.8</ele></trkpt>
      <trkpt lat="56.980762" lon="9.632337"><ele>5.9</ele></trkpt>
      <trkpt lat="56.981305" lon="9.633319"><ele>6.1</ele></trkpt>
      <trkpt lat="56.981418" lon="9.633531"><ele>6.2</ele></trkpt>
      <trkpt lat="56.981701" lon="9.634640"><ele>6.4</ele></trkpt>
      <trkpt lat="56.981718" lon="9.634738"><ele>6.5</ele></trkpt>
      <trkpt lat="56.981784" lon="9.635126"><ele>6.5</ele></trkpt>
      <trkpt lat="56.981672" lon="9.635885"><ele>6.5</ele></trkpt>
      <trkpt lat="56.981602" lon="9.636353"><ele>6.6</ele></trkpt>
      <trkpt lat="56.981822" lon="9.637312"><ele>6.6</ele></trkpt>
      <trkpt lat="56.981844" lon="9.637403"><ele>6.6</ele></trkpt>
      <trkpt lat="56.981931" lon="9.637779"><ele>6.6</ele></trkpt>
      <trkpt lat="56.982130" lon="9.638738"><ele>6.7</ele></trkpt>
      <trkpt lat="56.982306" lon="9.639091"><ele>6.8</ele></trkpt>
      <trkpt lat="56.982487" lon="9.639397"><ele>6.9</ele></trkpt>
      <trkpt lat="56.982595" lon="9.639634"><ele>6.9</ele></trkpt>
      <trkpt lat="56.982656" lon="9.639796"><ele>6.9</ele></trkpt>
      <trkpt lat="56.983130" lon="9.641045"><ele>7.4</ele></trkpt>
      <trkpt lat="56.983908" lon="9.642705"><ele>8.7</ele></trkpt>
      <trkpt lat="56.984049" lon="9.643021"><ele>9.0</ele></trkpt>
      <trkpt lat="56.983951" lon="9.643186"><ele>9.1</ele></trkpt>
      <trkpt lat="56.983949" lon="9.643220"><ele>9.2</ele></trkpt>
      <trkpt lat="56.984210" lon="9.643764"><ele>9.4</ele></trkpt>
      <trkpt lat="56.984366" lon="9.644315"><ele>9.6</ele></trkpt>
      <trkpt lat="56.984510" lon="9.644646"><ele>9.8</ele></trkpt>
      <trkpt lat="56.984643" lon="9.644780"><ele>9.9</ele></trkpt>
      <trkpt lat="56.984903" lon="9.645286"><ele>10.1</ele></trkpt>
      <trkpt lat="56.984987" lon="9.645581"><ele>10.3</ele></trkpt>
      <trkpt lat="56.985220" lon="9.646186"><ele>10.0</ele></trkpt>
      <trkpt lat="56.985549" lon="9.646712"><ele>9.4</ele></trkpt>
      <trkpt lat="56.986481" lon="9.648106"><ele>8.2</ele></trkpt>
      <trkpt lat="56.987571" lon="9.649756"><ele>8.3</ele></trkpt>
      <trkpt lat="56.987702" lon="9.649800"><ele>8.3</ele></trkpt>
      <trkpt lat="56.987856" lon="9.649941"><ele>8.4</ele></trkpt>
      <trkpt lat="56.988265" lon="9.650436"><ele>8.8</ele></trkpt>
      <trkpt lat="56.989323" lon="9.651838"><ele>10.1</ele></trkpt>
      <trkpt lat="56.989584" lon="9.652273"><ele>10.3</ele></trkpt>
      <trkpt lat="56.990037" lon="9.652927"><ele>10.7</ele></trkpt>
      <trkpt lat="56.990086" lon="9.652993"><ele>10.8</ele></trkpt>
      <trkpt lat="56.990123" lon="9.653113"><ele>10.8</ele></trkpt>
      <trkpt lat="56.990228" lon="9.653295"><ele>10.9</ele></trkpt>
      <trkpt lat="56.990401" lon="9.653460"><ele>11.0</ele></trkpt>
      <trkpt lat="56.990706" lon="9.653978"><ele>11.2</ele></trkpt>
      <trkpt lat="56.991010" lon="9.654642"><ele>10.8</ele></trkpt>
      <trkpt lat="56.991802" lon="9.656140"><ele>9.9</ele></trkpt>
      <trkpt lat="56.991984" lon="9.656423"><ele>9.7</ele></trkpt>
      <trkpt lat="56.992234" lon="9.656781"><ele>9.4</ele></trkpt>
      <trkpt lat="56.993339" lon="9.658066"><ele>8.4</ele></trkpt>
      <trkpt lat="56.993657" lon="9.658332"><ele>8.5</ele></trkpt>
      <trkpt lat="56.993723" lon="9.658328"><ele>8.5</ele></trkpt>
      <trkpt lat="56.993931" lon="9.659160"><ele>8.7</ele></trkpt>
      <trkpt lat="56.993991" lon="9.659624"><ele>8.8</ele></trkpt>
      <trkpt lat="56.994105" lon="9.661025"><ele>8.9</ele></trkpt>
      <trkpt lat="56.994262" lon="9.663499"><ele>8.0</ele></trkpt>
      <trkpt lat="56.995032" lon="9.662971"><ele>7.2</ele></trkpt>
      <trkpt lat="56.995124" lon="9.663472"><ele>6.9</ele></trkpt>
      <trkpt lat="56.995243" lon="9.664090"><ele>6.5</ele></trkpt>
      <trkpt lat="56.995605" lon="9.665861"><ele>5.5</ele></trkpt>
      <trkpt lat="56.995890" lon="9.667766"><ele>4.6</ele></trkpt>
      <trkpt lat="56.995950" lon="9.668257"><ele>4.4</ele></trkpt>
      <trkpt lat="56.996023" lon="9.668966"><ele>4.2</ele></trkpt>
      <trkpt lat="56.996077" lon="9.669701"><ele>4.1</ele></trkpt>
      <trkpt lat="56.996151" lon="9.671573"><ele>3.8</ele></trkpt>
      <trkpt lat="56.996232" lon="9.673185"><ele>3.8</ele></trkpt>
      <trkpt lat="56.996301" lon="9.673881"><ele>3.8</ele></trkpt>
      <trkpt lat="56.996400" lon="9.674841"><ele>3.9</ele></trkpt>
      <trkpt lat="56.996441" lon="9.675092"><ele>3.9</ele></trkpt>
      <trkpt lat="56.996725" lon="9.676594"><ele>4.2</ele></trkpt>
      <trkpt lat="56.997054" lon="9.678080"><ele>4.5</ele></trkpt>
      <trkpt lat="56.997213" lon="9.678696"><ele>4.6</ele></trkpt>
      <trkpt lat="56.997665" lon="9.680501"><ele>4.7</ele></trkpt>
      <trkpt lat="56.998098" lon="9.682229"><ele>6.0</ele></trkpt>
      <trkpt lat="56.998271" lon="9.683019"><ele>6.8</ele></trkpt>
      <trkpt lat="56.998358" lon="9.683544"><ele>7.3</ele></trkpt>
      <trkpt lat="56.998457" lon="9.684261"><ele>8.3</ele></trkpt>
      <trkpt lat="56.998550" lon="9.685197"><ele>10.7</ele></trkpt>
      <trkpt lat="56.998643" lon="9.686444"><ele>13.9</ele></trkpt>
      <trkpt lat="56.998718" lon="9.688065"><ele>17.1</ele></trkpt>
      <trkpt lat="56.998864" lon="9.694935"><ele>22.3</ele></trkpt>
      <trkpt lat="56.998981" lon="9.699831"><ele>21.9</ele></trkpt>
      <trkpt lat="56.999142" lon="9.706959"><ele>20.1</ele></trkpt>
      <trkpt lat="56.999218" lon="9.708452"><ele>20.2</ele></trkpt>
      <trkpt lat="56.999326" lon="9.709833"><ele>20.5</ele></trkpt>
      <trkpt lat="56.999410" lon="9.710517"><ele>20.6</ele></trkpt>
      <trkpt lat="56.999680" lon="9.712516"><ele>20.9</ele></trkpt>
      <trkpt lat="57.000041" lon="9.714460"><ele>21.7</ele></trkpt>
      <trkpt lat="57.000330" lon="9.715694"><ele>22.6</ele></trkpt>
      <trkpt lat="57.000294" lon="9.716277"><ele>23.0</ele></trkpt>
      <trkpt lat="57.000281" lon="9.716615"><ele>23.2</ele></trkpt>
      <trkpt lat="57.000317" lon="9.716773"><ele>23.3</ele></trkpt>
      <trkpt lat="57.000152" lon="9.716948"><ele>23.4</ele></trkpt>
      <trkpt lat="56.999793" lon="9.717459"><ele>23.6</ele></trkpt>
      <trkpt lat="56.999700" lon="9.717670"><ele>23.7</ele></trkpt>
      <trkpt lat="56.999510" lon="9.717482"><ele>23.8</ele></trkpt>
      <trkpt lat="56.999372" lon="9.717439"><ele>23.9</ele></trkpt>
      <trkpt lat="56.994567" lon="9.720634"><ele>21.9</ele></trkpt>
      <trkpt lat="56.993327" lon="9.721398"><ele>21.6</ele></trkpt>
      <trkpt lat="56.991736" lon="9.722189"><ele>21.8</ele></trkpt>
      <trkpt lat="56.990872" lon="9.722418"><ele>22.3</ele></trkpt>
      <trkpt lat="56.990504" lon="9.725444"><ele>23.9</ele></trkpt>
      <trkpt lat="56.990436" lon="9.726225"><ele>24.4</ele></trkpt>
      <trkpt lat="56.990577" lon="9.726372"><ele>24.6</ele></trkpt>
      <trkpt lat="56.990666" lon="9.726465"><ele>24.7</ele></trkpt>
      <trkpt lat="56.990429" lon="9.727468"><ele>25.5</ele></trkpt>
      <trkpt lat="56.990353" lon="9.728041"><ele>26.0</ele></trkpt>
      <trkpt lat="56.990254" lon="9.731036"><ele>27.9</ele></trkpt>
      <trkpt lat="56.990278" lon="9.732467"><ele>28.6</ele></trkpt>
      <trkpt lat="56.990290" lon="9.732658"><ele>28.7</ele></trkpt>
      <trkpt lat="56.990293" lon="9.732989"><ele>28.9</ele></trkpt>
      <trkpt lat="56.990364" lon="9.735457"><ele>29.8</ele></trkpt>
      <trkpt lat="56.990347" lon="9.735922"><ele>29.9</ele></trkpt>
      <trkpt lat="56.990092" lon="9.738583"><ele>30.7</ele></trkpt>
      <trkpt lat="56.989876" lon="9.739543"><ele>31.0</ele></trkpt>
      <trkpt lat="56.989785" lon="9.739902"><ele>30.9</ele></trkpt>
      <trkpt lat="56.989693" lon="9.740402"><ele>30.6</ele></trkpt>
      <trkpt lat="56.989647" lon="9.740823"><ele>30.5</ele></trkpt>
      <trkpt lat="56.989589" lon="9.744054"><ele>30.0</ele></trkpt>
      <trkpt lat="56.989536" lon="9.744092"><ele>30.1</ele></trkpt>
      <trkpt lat="56.988352" lon="9.744249"><ele>30.8</ele></trkpt>
      <trkpt lat="56.988168" lon="9.744346"><ele>31.0</ele></trkpt>
      <trkpt lat="56.988095" lon="9.744449"><ele>31.0</ele></trkpt>
      <trkpt lat="56.988023" lon="9.744591"><ele>31.1</ele></trkpt>
      <trkpt lat="56.987365" lon="9.746603"><ele>31.9</ele></trkpt>
      <trkpt lat="56.986926" lon="9.748146"><ele>32.2</ele></trkpt>
      <trkpt lat="56.986778" lon="9.748813"><ele>32.4</ele></trkpt>
      <trkpt lat="56.986631" lon="9.749707"><ele>32.6</ele></trkpt>
      <trkpt lat="56.986466" lon="9.751546"><ele>33.8</ele></trkpt>
      <trkpt lat="56.986338" lon="9.752818"><ele>34.6</ele></trkpt>
      <trkpt lat="56.986373" lon="9.752952"><ele>34.7</ele></trkpt>
      <trkpt lat="56.986371" lon="9.753065"><ele>34.8</ele></trkpt>
      <trkpt lat="56.986309" lon="9.753605"><ele>35.1</ele></trkpt>
      <trkpt lat="56.985725" lon="9.760097"><ele>38.1</ele></trkpt>
      <trkpt lat="56.985443" lon="9.763159"><ele>38.3</ele></trkpt>
      <trkpt lat="56.985330" lon="9.763924"><ele>37.8</ele></trkpt>
      <trkpt lat="56.985000" lon="9.765611"><ele>36.5</ele></trkpt>
      <trkpt lat="56.984644" lon="9.766863"><ele>35.4</ele></trkpt>
      <trkpt lat="56.984423" lon="9.767501"><ele>34.8</ele></trkpt>
      <trkpt lat="56.983912" lon="9.768741"><ele>33.6</ele></trkpt>
      <trkpt lat="56.983441" lon="9.769672"><ele>32.7</ele></trkpt>
      <trkpt lat="56.982601" lon="9.770896"><ele>31.3</ele></trkpt>
      <trkpt lat="56.982205" lon="9.771371"><ele>30.4</ele></trkpt>
      <trkpt lat="56.981481" lon="9.772099"><ele>29.0</ele></trkpt>
      <trkpt lat="56.980977" lon="9.772475"><ele>28.2</ele></trkpt>
      <trkpt lat="56.978822" lon="9.773808"><ele>26.5</ele></trkpt>
      <trkpt lat="56.978775" lon="9.773903"><ele>26.3</ele></trkpt>
      <trkpt lat="56.978645" lon="9.774079"><ele>26.1</ele></trkpt>
      <trkpt lat="56.978278" lon="9.774337"><ele>25.5</ele></trkpt>
      <trkpt lat="56.977867" lon="9.774709"><ele>24.9</ele></trkpt>
      <trkpt lat="56.977674" lon="9.774842"><ele>24.5</ele></trkpt>
      <trkpt lat="56.977515" lon="9.774995"><ele>24.1</ele></trkpt>
      <trkpt lat="56.977019" lon="9.775708"><ele>22.8</ele></trkpt>
      <trkpt lat="56.976477" lon="9.776658"><ele>21.2</ele></trkpt>
      <trkpt lat="56.976092" lon="9.777529"><ele>20.5</ele></trkpt>
      <trkpt lat="56.975719" lon="9.778615"><ele>19.9</ele></trkpt>
      <trkpt lat="56.975474" lon="9.779538"><ele>19.5</ele></trkpt>
      <trkpt lat="56.975350" lon="9.780134"><ele>19.5</ele></trkpt>
      <trkpt lat="56.975204" lon="9.781020"><ele>19.8</ele></trkpt>
      <trkpt lat="56.975084" lon="9.782137"><ele>20.0</ele></trkpt>
      <trkpt lat="56.975033" lon="9.782945"><ele>20.2</ele></trkpt>
      <trkpt lat="56.975022" lon="9.783822"><ele>20.7</ele></trkpt>
      <trkpt lat="56.975093" lon="9.790058"><ele>23.6</ele></trkpt>
      <trkpt lat="56.975108" lon="9.793749"><ele>23.5</ele></trkpt>
      <trkpt lat="56.975080" lon="9.794329"><ele>23.5</ele></trkpt>
      <trkpt lat="56.974903" lon="9.795837"><ele>23.7</ele></trkpt>
      <trkpt lat="56.974771" lon="9.796627"><ele>23.8</ele></trkpt>
      <trkpt lat="56.974624" lon="9.797258"><ele>24.0</ele></trkpt>
      <trkpt lat="56.973448" lon="9.801489"><ele>24.5</ele></trkpt>
      <trkpt lat="56.973436" lon="9.801530"><ele>24.5</ele></trkpt>
      <trkpt lat="56.972119" lon="9.806276"><ele>23.3</ele></trkpt>
      <trkpt lat="56.971884" lon="9.806749"><ele>23.1</ele></trkpt>
      <trkpt lat="56.971583" lon="9.807790"><ele>22.6</ele></trkpt>
      <trkpt lat="56.971371" lon="9.808223"><ele>22.1</ele></trkpt>
      <trkpt lat="56.971278" lon="9.808478"><ele>21.8</ele></trkpt>
      <trkpt lat="56.971082" lon="9.809203"><ele>21.0</ele></trkpt>
      <trkpt lat="56.971139" lon="9.809560"><ele>20.7</ele></trkpt>
      <trkpt lat="56.971131" lon="9.809592"><ele>20.7</ele></trkpt>
      <trkpt lat="56.971051" lon="9.809932"><ele>20.3</ele></trkpt>
      <trkpt lat="56.970994" lon="9.810171"><ele>20.1</ele></trkpt>
      <trkpt lat="56.970998" lon="9.810424"><ele>19.9</ele></trkpt>
      <trkpt lat="56.970803" lon="9.811126"><ele>19.3</ele></trkpt>
      <trkpt lat="56.970654" lon="9.811663"><ele>18.8</ele></trkpt>
      <trkpt lat="56.970524" lon="9.812304"><ele>18.4</ele></trkpt>
      <trkpt lat="56.970497" lon="9.812454"><ele>18.3</ele></trkpt>
      <trkpt lat="56.970441" lon="9.812770"><ele>18.0</ele></trkpt>
      <trkpt lat="56.970321" lon="9.813841"><ele>17.4</ele></trkpt>
      <trkpt lat="56.970301" lon="9.814125"><ele>17.5</ele></trkpt>
      <trkpt lat="56.970248" lon="9.815289"><ele>18.1</ele></trkpt>
      <trkpt lat="56.970262" lon="9.816075"><ele>18.4</ele></trkpt>
      <trkpt lat="56.970308" lon="9.816943"><ele>18.8</ele></trkpt>
      <trkpt lat="56.970433" lon="9.818075"><ele>19.2</ele></trkpt>
      <trkpt lat="56.970618" lon="9.819162"><ele>19.6</ele></trkpt>
      <trkpt lat="56.970774" lon="9.820062"><ele>20.0</ele></trkpt>
      <trkpt lat="56.970894" lon="9.820778"><ele>20.0</ele></trkpt>
      <trkpt lat="56.970983" lon="9.821414"><ele>20.1</ele></trkpt>
      <trkpt lat="56.971122" lon="9.822697"><ele>20.2</ele></trkpt>
      <trkpt lat="56.971188" lon="9.823709"><ele>20.3</ele></trkpt>
      <trkpt lat="56.971224" lon="9.824782"><ele>20.3</ele></trkpt>
      <trkpt lat="56.971226" lon="9.824834"><ele>20.4</ele></trkpt>
      <trkpt lat="56.971222" lon="9.825641"><ele>20.4</ele></trkpt>
      <trkpt lat="56.971209" lon="9.826802"><ele>20.5</ele></trkpt>
      <trkpt lat="56.971191" lon="9.828412"><ele>21.7</ele></trkpt>
      <trkpt lat="56.971186" lon="9.828832"><ele>22.0</ele></trkpt>
      <trkpt lat="56.971179" lon="9.829463"><ele>22.5</ele></trkpt>
      <trkpt lat="56.971178" lon="9.829568"><ele>22.6</ele></trkpt>
      <trkpt lat="56.971173" lon="9.830672"><ele>23.0</ele></trkpt>
      <trkpt lat="56.971169" lon="9.830974"><ele>23.0</ele></trkpt>
      <trkpt lat="56.971161" lon="9.831558"><ele>23.0</ele></trkpt>
      <trkpt lat="56.971150" lon="9.832332"><ele>23.0</ele></trkpt>
      <trkpt lat="56.971143" lon="9.832778"><ele>23.1</ele></trkpt>
      <trkpt lat="56.971140" lon="9.833071"><ele>23.1</ele></trkpt>
      <trkpt lat="56.971120" lon="9.834549"><ele>22.6</ele></trkpt>
      <trkpt lat="56.971099" lon="9.835127"><ele>22.4</ele></trkpt>
      <trkpt lat="56.971044" lon="9.836222"><ele>22.0</ele></trkpt>
      <trkpt lat="56.970979" lon="9.836856"><ele>21.8</ele></trkpt>
      <trkpt lat="56.970848" lon="9.837940"><ele>21.7</ele></trkpt>
      <trkpt lat="56.970628" lon="9.839209"><ele>21.5</ele></trkpt>
      <trkpt lat="56.970419" lon="9.840160"><ele>21.3</ele></trkpt>
      <trkpt lat="56.970115" lon="9.841292"><ele>21.1</ele></trkpt>
      <trkpt lat="56.969927" lon="9.841889"><ele>21.0</ele></trkpt>
      <trkpt lat="56.969061" lon="9.844226"><ele>19.6</ele></trkpt>
      <trkpt lat="56.968602" lon="9.845452"><ele>18.6</ele></trkpt>
      <trkpt lat="56.968776" lon="9.845818"><ele>18.3</ele></trkpt>
      <trkpt lat="56.969003" lon="9.846330"><ele>17.9</ele></trkpt>
      <trkpt lat="56.969037" lon="9.846403"><ele>17.8</ele></trkpt>
      <trkpt lat="56.969491" lon="9.847387"><ele>17.0</ele></trkpt>
      <trkpt lat="56.970259" lon="9.849066"><ele>16.0</ele></trkpt>
      <trkpt lat="56.971167" lon="9.851046"><ele>14.8</ele></trkpt>
      <trkpt lat="56.970601" lon="9.851921"><ele>13.8</ele></trkpt>
      <trkpt lat="56.970757" lon="9.852265"><ele>13.5</ele></trkpt>
      <trkpt lat="56.971136" lon="9.853147"><ele>12.7</ele></trkpt>
      <trkpt lat="56.971138" lon="9.853800"><ele>12.2</ele></trkpt>
      <trkpt lat="56.971124" lon="9.855316"><ele>11.3</ele></trkpt>
      <trkpt lat="56.970728" lon="9.855314"><ele>10.8</ele></trkpt>
      <trkpt lat="56.969679" lon="9.855270"><ele>10.3</ele></trkpt>
      <trkpt lat="56.969428" lon="9.855260"><ele>10.2</ele></trkpt>
      <trkpt lat="56.969442" lon="9.855602"><ele>10.1</ele></trkpt>
      <trkpt lat="56.969476" lon="9.855702"><ele>10.1</ele></trkpt>
      <trkpt lat="56.969568" lon="9.855811"><ele>10.0</ele></trkpt>
      <trkpt lat="56.969721" lon="9.855811"><ele>9.9</ele></trkpt>
      <trkpt lat="56.969962" lon="9.855635"><ele>9.5</ele></trkpt>
      <trkpt lat="56.970095" lon="9.855590"><ele>9.3</ele></trkpt>
      <trkpt lat="56.970286" lon="9.855568"><ele>9.0</ele></trkpt>
      <trkpt lat="56.970380" lon="9.855601"><ele>8.9</ele></trkpt>
      <trkpt lat="56.970553" lon="9.855749"><ele>8.6</ele></trkpt>
      <trkpt lat="56.970690" lon="9.855992"><ele>8.3</ele></trkpt>
      <trkpt lat="56.970879" lon="9.856662"><ele>7.7</ele></trkpt>
      <trkpt lat="56.970928" lon="9.856831"><ele>7.6</ele></trkpt>
      <trkpt lat="56.971016" lon="9.857153"><ele>7.3</ele></trkpt>
      <trkpt lat="56.971137" lon="9.857472"><ele>7.1</ele></trkpt>
      <trkpt lat="56.971419" lon="9.857996"><ele>6.6</ele></trkpt>
      <trkpt lat="56.971592" lon="9.858232"><ele>6.4</ele></trkpt>
      <trkpt lat="56.971754" lon="9.858386"><ele>6.2</ele></trkpt>
      <trkpt lat="56.972232" lon="9.858707"><ele>5.7</ele></trkpt>
      <trkpt lat="56.972415" lon="9.858874"><ele>5.5</ele></trkpt>
      <trkpt lat="56.972689" lon="9.859270"><ele>5.5</ele></trkpt>
      <trkpt lat="56.972895" lon="9.859773"><ele>5.5</ele></trkpt>
      <trkpt lat="56.972981" lon="9.860118"><ele>5.5</ele></trkpt>
      <trkpt lat="56.973048" lon="9.860550"><ele>5.5</ele></trkpt>
      <trkpt lat="56.973077" lon="9.861106"><ele>5.5</ele></trkpt>
      <trkpt lat="56.973053" lon="9.861697"><ele>5.5</ele></trkpt>
      <trkpt lat="56.973000" lon="9.863009"><ele>6.4</ele></trkpt>
      <trkpt lat="56.972926" lon="9.864911"><ele>7.9</ele></trkpt>
      <trkpt lat="56.972899" lon="9.865818"><ele>8.6</ele></trkpt>
      <trkpt lat="56.972898" lon="9.866365"><ele>9.0</ele></trkpt>
      <trkpt lat="56.972895" lon="9.868102"><ele>10.4</ele></trkpt>
      <trkpt lat="56.972895" lon="9.868543"><ele>10.6</ele></trkpt>
      <trkpt lat="56.972925" lon="9.869931"><ele>9.7</ele></trkpt>
      <trkpt lat="56.972997" lon="9.870951"><ele>9.0</ele></trkpt>
      <trkpt lat="56.973039" lon="9.871495"><ele>8.7</ele></trkpt>
      <trkpt lat="56.973035" lon="9.872051"><ele>8.3</ele></trkpt>
      <trkpt lat="56.972975" lon="9.873076"><ele>7.7</ele></trkpt>
      <trkpt lat="56.972907" lon="9.873793"><ele>7.2</ele></trkpt>
      <trkpt lat="56.972568" lon="9.877453"><ele>8.0</ele></trkpt>
      <trkpt lat="56.972482" lon="9.878412"><ele>8.6</ele></trkpt>
      <trkpt lat="56.972310" lon="9.880279"><ele>9.9</ele></trkpt>
      <trkpt lat="56.972305" lon="9.881018"><ele>10.5</ele></trkpt>
      <trkpt lat="56.972214" lon="9.881028"><ele>10.6</ele></trkpt>
      <trkpt lat="56.971639" lon="9.880965"><ele>10.7</ele></trkpt>
      <trkpt lat="56.971447" lon="9.880926"><ele>10.6</ele></trkpt>
      <trkpt lat="56.971130" lon="9.880853"><ele>10.4</ele></trkpt>
      <trkpt lat="56.970997" lon="9.880822"><ele>10.4</ele></trkpt>
      <trkpt lat="56.969502" lon="9.880462"><ele>9.8</ele></trkpt>
      <trkpt lat="56.968974" lon="9.880325"><ele>9.6</ele></trkpt>
      <trkpt lat="56.968574" lon="9.880244"><ele>9.4</ele></trkpt>
      <trkpt lat="56.968409" lon="9.880244"><ele>9.4</ele></trkpt>
      <trkpt lat="56.968065" lon="9.880334"><ele>9.7</ele></trkpt>
      <trkpt lat="56.967803" lon="9.880496"><ele>9.9</ele></trkpt>
      <trkpt lat="56.967765" lon="9.880523"><ele>9.9</ele></trkpt>
      <trkpt lat="56.967556" lon="9.880700"><ele>10.1</ele></trkpt>
      <trkpt lat="56.966278" lon="9.881652"><ele>11.0</ele></trkpt>
      <trkpt lat="56.965805" lon="9.881938"><ele>11.3</ele></trkpt>
      <trkpt lat="56.964687" lon="9.882552"><ele>11.8</ele></trkpt>
      <trkpt lat="56.964460" lon="9.882677"><ele>11.9</ele></trkpt>
      <trkpt lat="56.964037" lon="9.882908"><ele>12.0</ele></trkpt>
      <trkpt lat="56.962594" lon="9.883700"><ele>12.3</ele></trkpt>
      <trkpt lat="56.961329" lon="9.884393"><ele>12.5</ele></trkpt>
      <trkpt lat="56.960665" lon="9.884756"><ele>12.6</ele></trkpt>
      <trkpt lat="56.959403" lon="9.885423"><ele>12.6</ele></trkpt>
      <trkpt lat="56.958972" lon="9.885718"><ele>12.4</ele></trkpt>
      <trkpt lat="56.958644" lon="9.886107"><ele>12.3</ele></trkpt>
      <trkpt lat="56.957481" lon="9.887721"><ele>12.4</ele></trkpt>
      <trkpt lat="56.956722" lon="9.888753"><ele>12.6</ele></trkpt>
      <trkpt lat="56.956420" lon="9.889162"><ele>12.9</ele></trkpt>
      <trkpt lat="56.956189" lon="9.889471"><ele>13.1</ele></trkpt>
      <trkpt lat="56.956012" lon="9.889719"><ele>13.3</ele></trkpt>
      <trkpt lat="56.955754" lon="9.890081"><ele>13.6</ele></trkpt>
      <trkpt lat="56.955232" lon="9.890797"><ele>13.9</ele></trkpt>
      <trkpt lat="56.954828" lon="9.891345"><ele>13.9</ele></trkpt>
      <trkpt lat="56.954721" lon="9.891485"><ele>13.9</ele></trkpt>
      <trkpt lat="56.954177" lon="9.892215"><ele>13.9</ele></trkpt>
      <trkpt lat="56.953244" lon="9.893539"><ele>14.1</ele></trkpt>
      <trkpt lat="56.953213" lon="9.893583"><ele>14.1</ele></trkpt>
      <trkpt lat="56.953017" lon="9.893862"><ele>14.2</ele></trkpt>
      <trkpt lat="56.952492" lon="9.894624"><ele>14.4</ele></trkpt>
      <trkpt lat="56.952126" lon="9.895148"><ele>14.4</ele></trkpt>
      <trkpt lat="56.951956" lon="9.895390"><ele>14.4</ele></trkpt>
      <trkpt lat="56.951777" lon="9.895621"><ele>14.5</ele></trkpt>
      <trkpt lat="56.951506" lon="9.895972"><ele>14.5</ele></trkpt>
      <trkpt lat="56.951175" lon="9.896429"><ele>14.6</ele></trkpt>
      <trkpt lat="56.950976" lon="9.896803"><ele>14.4</ele></trkpt>
      <trkpt lat="56.950811" lon="9.897070"><ele>14.1</ele></trkpt>
      <trkpt lat="56.950432" lon="9.897637"><ele>13.5</ele></trkpt>
      <trkpt lat="56.950219" lon="9.897964"><ele>13.2</ele></trkpt>
      <trkpt lat="56.950093" lon="9.898159"><ele>13.0</ele></trkpt>
      <trkpt lat="56.949927" lon="9.898330"><ele>12.8</ele></trkpt>
      <trkpt lat="56.949717" lon="9.898481"><ele>12.5</ele></trkpt>
      <trkpt lat="56.949460" lon="9.898576"><ele>12.3</ele></trkpt>
      <trkpt lat="56.949360" lon="9.898588"><ele>12.2</ele></trkpt>
      <trkpt lat="56.949066" lon="9.898587"><ele>11.9</ele></trkpt>
      <trkpt lat="56.948887" lon="9.898580"><ele>11.8</ele></trkpt>
      <trkpt lat="56.948766" lon="9.898571"><ele>11.7</ele></trkpt>
      <trkpt lat="56.948373" lon="9.898455"><ele>11.3</ele></trkpt>
      <trkpt lat="56.947887" lon="9.898235"><ele>10.9</ele></trkpt>
      <trkpt lat="56.947892" lon="9.898151"><ele>10.9</ele></trkpt>
      <trkpt lat="56.947863" lon="9.898063"><ele>10.8</ele></trkpt>
      <trkpt lat="56.947423" lon="9.897638"><ele>10.6</ele></trkpt>
      <trkpt lat="56.947078" lon="9.897215"><ele>10.4</ele></trkpt>
      <trkpt lat="56.946131" lon="9.895614"><ele>9.6</ele></trkpt>
      <trkpt lat="56.945223" lon="9.893932"><ele>8.6</ele></trkpt>
      <trkpt lat="56.944588" lon="9.892891"><ele>8.5</ele></trkpt>
      <trkpt lat="56.943821" lon="9.892075"><ele>8.3</ele></trkpt>
      <trkpt lat="56.942663" lon="9.891475"><ele>10.6</ele></trkpt>
      <trkpt lat="56.942622" lon="9.891485"><ele>10.6</ele></trkpt>
      <trkpt lat="56.942605" lon="9.891566"><ele>10.7</ele></trkpt>
      <trkpt lat="56.941643" lon="9.898392"><ele>23.4</ele></trkpt>
      <trkpt lat="56.941611" lon="9.899042"><ele>24.6</ele></trkpt>
      <trkpt lat="56.941344" lon="9.899227"><ele>25.3</ele></trkpt>
      <trkpt lat="56.941161" lon="9.899410"><ele>25.7</ele></trkpt>
      <trkpt lat="56.940769" lon="9.899981"><ele>26.9</ele></trkpt>
      <trkpt lat="56.940584" lon="9.900367"><ele>27.5</ele></trkpt>
      <trkpt lat="56.940321" lon="9.900927"><ele>28.5</ele></trkpt>
      <trkpt lat="56.940090" lon="9.901287"><ele>28.6</ele></trkpt>
      <trkpt lat="56.939799" lon="9.901573"><ele>28.6</ele></trkpt>
      <trkpt lat="56.939423" lon="9.901757"><ele>28.5</ele></trkpt>
      <trkpt lat="56.939069" lon="9.901807"><ele>28.5</ele></trkpt>
      <trkpt lat="56.935796" lon="9.901611"><ele>24.4</ele></trkpt>
      <trkpt lat="56.934294" lon="9.901481"><ele>21.3</ele></trkpt>
      <trkpt lat="56.933906" lon="9.901462"><ele>20.4</ele></trkpt>
      <trkpt lat="56.933586" lon="9.901446"><ele>19.6</ele></trkpt>
      <trkpt lat="56.930882" lon="9.901311"><ele>15.1</ele></trkpt>
      <trkpt lat="56.930275" lon="9.901232"><ele>15.4</ele></trkpt>
      <trkpt lat="56.929900" lon="9.901131"><ele>15.6</ele></trkpt>
      <trkpt lat="56.928741" lon="9.900765"><ele>17.8</ele></trkpt>
      <trkpt lat="56.928202" lon="9.900601"><ele>19.2</ele></trkpt>
      <trkpt lat="56.928084" lon="9.900565"><ele>19.5</ele></trkpt>
      <trkpt lat="56.927730" lon="9.900469"><ele>20.2</ele></trkpt>
      <trkpt lat="56.927081" lon="9.900488"><ele>20.9</ele></trkpt>
      <trkpt lat="56.925934" lon="9.900640"><ele>22.1</ele></trkpt>
      <trkpt lat="56.923817" lon="9.901083"><ele>25.2</ele></trkpt>
      <trkpt lat="56.923554" lon="9.903495"><ele>28.2</ele></trkpt>
      <trkpt lat="56.923399" lon="9.907403"><ele>32.6</ele></trkpt>
      <trkpt lat="56.923411" lon="9.908543"><ele>32.7</ele></trkpt>
      <trkpt lat="56.923508" lon="9.913110"><ele>31.3</ele></trkpt>
      <trkpt lat="56.923491" lon="9.913462"><ele>31.1</ele></trkpt>
      <trkpt lat="56.923460" lon="9.913778"><ele>30.9</ele></trkpt>
      <trkpt lat="56.923107" lon="9.915434"><ele>29.6</ele></trkpt>
      <trkpt lat="56.923036" lon="9.915886"><ele>29.3</ele></trkpt>
      <trkpt lat="56.922997" lon="9.916337"><ele>29.0</ele></trkpt>
      <trkpt lat="56.923001" lon="9.916757"><ele>28.6</ele></trkpt>
      <trkpt lat="56.923014" lon="9.917227"><ele>28.1</ele></trkpt>
      <trkpt lat="56.923072" lon="9.919172"><ele>26.0</ele></trkpt>
      <trkpt lat="56.923111" lon="9.919300"><ele>25.8</ele></trkpt>
      <trkpt lat="56.923221" lon="9.919392"><ele>25.6</ele></trkpt>
      <trkpt lat="56.923942" lon="9.919284"><ele>25.0</ele></trkpt>
      <trkpt lat="56.926766" lon="9.919037"><ele>24.8</ele></trkpt>
      <trkpt lat="56.927031" lon="9.919009"><ele>24.9</ele></trkpt>
      <trkpt lat="56.927111" lon="9.919103"><ele>24.9</ele></trkpt>
      <trkpt lat="56.927132" lon="9.920353"><ele>25.2</ele></trkpt>
      <trkpt lat="56.926977" lon="9.920915"><ele>25.4</ele></trkpt>
      <trkpt lat="56.926781" lon="9.921387"><ele>25.5</ele></trkpt>
      <trkpt lat="56.926547" lon="9.921761"><ele>25.7</ele></trkpt>
      <trkpt lat="56.926493" lon="9.921939"><ele>25.8</ele></trkpt>
      <trkpt lat="56.926273" lon="9.925831"><ele>28.2</ele></trkpt>
      <trkpt lat="56.926105" lon="9.927950"><ele>29.5</ele></trkpt>
      <trkpt lat="56.926111" lon="9.928367"><ele>29.8</ele></trkpt>
      <trkpt lat="56.925960" lon="9.928850"><ele>30.3</ele></trkpt>
      <trkpt lat="56.925850" lon="9.929317"><ele>30.9</ele></trkpt>
      <trkpt lat="56.925731" lon="9.930014"><ele>31.7</ele></trkpt>
      <trkpt lat="56.925195" lon="9.933894"><ele>36.0</ele></trkpt>
      <trkpt lat="56.925088" lon="9.934428"><ele>36.6</ele></trkpt>
      <trkpt lat="56.922933" lon="9.941674"><ele>36.6</ele></trkpt>
      <trkpt lat="56.922711" lon="9.942147"><ele>36.6</ele></trkpt>
      <trkpt lat="56.920653" lon="9.945086"><ele>37.2</ele></trkpt>
      <trkpt lat="56.919803" lon="9.946289"><ele>39.3</ele></trkpt>
      <trkpt lat="56.919689" lon="9.946443"><ele>39.5</ele></trkpt>
      <trkpt lat="56.916608" lon="9.950762"><ele>47.4</ele></trkpt>
      <trkpt lat="56.916183" lon="9.951362"><ele>46.4</ele></trkpt>
      <trkpt lat="56.915557" lon="9.952345"><ele>43.9</ele></trkpt>
      <trkpt lat="56.914210" lon="9.955184"><ele>32.9</ele></trkpt>
      <trkpt lat="56.913891" lon="9.955788"><ele>30.1</ele></trkpt>
      <trkpt lat="56.913419" lon="9.956326"><ele>26.6</ele></trkpt>
      <trkpt lat="56.912267" lon="9.957528"><ele>19.6</ele></trkpt>
      <trkpt lat="56.912669" lon="9.958836"><ele>18.8</ele></trkpt>
      <trkpt lat="56.912909" lon="9.959900"><ele>18.2</ele></trkpt>
      <trkpt lat="56.912980" lon="9.960242"><ele>18.0</ele></trkpt>
      <trkpt lat="56.913121" lon="9.961315"><ele>17.8</ele></trkpt>
      <trkpt lat="56.913141" lon="9.961587"><ele>17.8</ele></trkpt>
      <trkpt lat="56.913197" lon="9.962335"><ele>17.7</ele></trkpt>
      <trkpt lat="56.913214" lon="9.963068"><ele>17.5</ele></trkpt>
      <trkpt lat="56.913201" lon="9.963596"><ele>17.5</ele></trkpt>
      <trkpt lat="56.913168" lon="9.964448"><ele>17.7</ele></trkpt>
      <trkpt lat="56.913051" lon="9.965505"><ele>17.8</ele></trkpt>
      <trkpt lat="56.912904" lon="9.966417"><ele>18.0</ele></trkpt>
      <trkpt lat="56.912793" lon="9.967108"><ele>17.4</ele></trkpt>
      <trkpt lat="56.912429" lon="9.968309"><ele>16.0</ele></trkpt>
      <trkpt lat="56.911996" lon="9.969426"><ele>14.7</ele></trkpt>
      <trkpt lat="56.910590" lon="9.971953"><ele>10.7</ele></trkpt>
      <trkpt lat="56.909956" lon="9.973095"><ele>10.1</ele></trkpt>
      <trkpt lat="56.909663" lon="9.973730"><ele>9.8</ele></trkpt>
      <trkpt lat="56.908482" lon="9.976398"><ele>9.6</ele></trkpt>
      <trkpt lat="56.908184" lon="9.977185"><ele>9.6</ele></trkpt>
      <trkpt lat="56.907749" lon="9.978586"><ele>9.5</ele></trkpt>
      <trkpt lat="56.907526" lon="9.979518"><ele>9.5</ele></trkpt>
      <trkpt lat="56.907436" lon="9.979541"><ele>9.4</ele></trkpt>
      <trkpt lat="56.907300" lon="9.979667"><ele>9.2</ele></trkpt>
      <trkpt lat="56.906191" lon="9.982252"><ele>6.9</ele></trkpt>
      <trkpt lat="56.906082" lon="9.982402"><ele>6.8</ele></trkpt>
      <trkpt lat="56.905672" lon="9.982802"><ele>6.3</ele></trkpt>
      <trkpt lat="56.904947" lon="9.980591"><ele>5.8</ele></trkpt>
      <trkpt lat="56.904930" lon="9.980539"><ele>5.8</ele></trkpt>
      <trkpt lat="56.904906" lon="9.980469"><ele>5.9</ele></trkpt>
      <trkpt lat="56.904655" lon="9.979693"><ele>6.5</ele></trkpt>
      <trkpt lat="56.904539" lon="9.979204"><ele>6.8</ele></trkpt>
      <trkpt lat="56.904443" lon="9.978639"><ele>7.2</ele></trkpt>
      <trkpt lat="56.904211" lon="9.976736"><ele>8.8</ele></trkpt>
      <trkpt lat="56.904111" lon="9.976153"><ele>9.3</ele></trkpt>
      <trkpt lat="56.903998" lon="9.975696"><ele>9.7</ele></trkpt>
      <trkpt lat="56.903794" lon="9.975093"><ele>10.2</ele></trkpt>
      <trkpt lat="56.903187" lon="9.973773"><ele>9.5</ele></trkpt>
      <trkpt lat="56.901097" lon="9.977116"><ele>7.1</ele></trkpt>
      <trkpt lat="56.900991" lon="9.977282"><ele>7.1</ele></trkpt>
      <trkpt lat="56.900035" lon="9.978872"><ele>7.7</ele></trkpt>
      <trkpt lat="56.899635" lon="9.979873"><ele>8.1</ele></trkpt>
      <trkpt lat="56.899444" lon="9.980549"><ele>8.4</ele></trkpt>
      <trkpt lat="56.899328" lon="9.981118"><ele>8.6</ele></trkpt>
      <trkpt lat="56.899237" lon="9.981680"><ele>8.8</ele></trkpt>
      <trkpt lat="56.899142" lon="9.982697"><ele>9.4</ele></trkpt>
      <trkpt lat="56.899059" lon="9.987512"><ele>13.2</ele></trkpt>
      <trkpt lat="56.899003" lon="9.987860"><ele>13.6</ele></trkpt>
      <trkpt lat="56.898893" lon="9.988287"><ele>14.0</ele></trkpt>
      <trkpt lat="56.898766" lon="9.988635"><ele>14.4</ele></trkpt>
      <trkpt lat="56.898676" lon="9.988796"><ele>14.7</ele></trkpt>
      <trkpt lat="56.898431" lon="9.989058"><ele>15.3</ele></trkpt>
      <trkpt lat="56.898206" lon="9.989219"><ele>15.9</ele></trkpt>
      <trkpt lat="56.897978" lon="9.989259"><ele>16.4</ele></trkpt>
      <trkpt lat="56.897456" lon="9.989103"><ele>17.5</ele></trkpt>
      <trkpt lat="56.897320" lon="9.989909"><ele>18.4</ele></trkpt>
      <trkpt lat="56.897265" lon="9.990005"><ele>18.5</ele></trkpt>
      <trkpt lat="56.897177" lon="9.990016"><ele>18.6</ele></trkpt>
      <trkpt lat="56.896893" lon="9.989919"><ele>18.9</ele></trkpt>
      <trkpt lat="56.895821" lon="9.989760"><ele>20.1</ele></trkpt>
      <trkpt lat="56.895811" lon="9.990089"><ele>20.2</ele></trkpt>
      <trkpt lat="56.895793" lon="9.990685"><ele>20.2</ele></trkpt>
      <trkpt lat="56.895737" lon="9.992141"><ele>20.0</ele></trkpt>
      <trkpt lat="56.895704" lon="9.992501"><ele>20.0</ele></trkpt>
      <trkpt lat="56.895045" lon="9.994741"><ele>20.6</ele></trkpt>
      <trkpt lat="56.894896" lon="9.995119"><ele>20.8</ele></trkpt>
      <trkpt lat="56.894263" lon="9.996317"><ele>21.6</ele></trkpt>
      <trkpt lat="56.890400" lon="10.003189"><ele>28.1</ele></trkpt>
      <trkpt lat="56.890170" lon="10.003542"><ele>28.6</ele></trkpt>
      <trkpt lat="56.889650" lon="10.004236"><ele>29.4</ele></trkpt>
      <trkpt lat="56.889463" lon="10.004408"><ele>29.7</ele></trkpt>
      <trkpt lat="56.889191" lon="10.004519"><ele>30.1</ele></trkpt>
      <trkpt lat="56.888806" lon="10.004494"><ele>30.6</ele></trkpt>
      <trkpt lat="56.887667" lon="10.004519"><ele>32.2</ele></trkpt>
      <trkpt lat="56.887423" lon="10.004562"><ele>32.5</ele></trkpt>
      <trkpt lat="56.887206" lon="10.004662"><ele>32.8</ele></trkpt>
      <trkpt lat="56.886494" lon="10.005181"><ele>33.7</ele></trkpt>
      <trkpt lat="56.886165" lon="10.005455"><ele>34.1</ele></trkpt>
      <trkpt lat="56.885943" lon="10.005724"><ele>34.4</ele></trkpt>
      <trkpt lat="56.884837" lon="10.007945"><ele>35.7</ele></trkpt>
      <trkpt lat="56.884718" lon="10.008158"><ele>35.8</ele></trkpt>
      <trkpt lat="56.884584" lon="10.008322"><ele>35.9</ele></trkpt>
      <trkpt lat="56.884433" lon="10.008463"><ele>36.0</ele></trkpt>
      <trkpt lat="56.882685" lon="10.009440"><ele>37.1</ele></trkpt>
      <trkpt lat="56.882383" lon="10.009609"><ele>37.4</ele></trkpt>
      <trkpt lat="56.882232" lon="10.009691"><ele>37.6</ele></trkpt>
      <trkpt lat="56.881483" lon="10.010107"><ele>38.4</ele></trkpt>
      <trkpt lat="56.881221" lon="10.010255"><ele>38.7</ele></trkpt>
      <trkpt lat="56.880963" lon="10.010396"><ele>39.0</ele></trkpt>
      <trkpt lat="56.880983" lon="10.010611"><ele>39.0</ele></trkpt>
      <trkpt lat="56.880966" lon="10.011538"><ele>39.3</ele></trkpt>
      <trkpt lat="56.880934" lon="10.011931"><ele>39.4</ele></trkpt>
      <trkpt lat="56.880863" lon="10.012322"><ele>39.5</ele></trkpt>
      <trkpt lat="56.880868" lon="10.012539"><ele>39.6</ele></trkpt>
      <trkpt lat="56.880738" lon="10.012613"><ele>39.7</ele></trkpt>
      <trkpt lat="56.880628" lon="10.012673"><ele>39.7</ele></trkpt>
      <trkpt lat="56.880366" lon="10.012820"><ele>39.9</ele></trkpt>
      <trkpt lat="56.880427" lon="10.013490"><ele>39.7</ele></trkpt>
      <trkpt lat="56.880486" lon="10.014368"><ele>39.5</ele></trkpt>
      <trkpt lat="56.880562" lon="10.015445"><ele>39.2</ele></trkpt>
      <trkpt lat="56.880595" lon="10.016210"><ele>39.1</ele></trkpt>
      <trkpt lat="56.880589" lon="10.016735"><ele>38.9</ele></trkpt>
      <trkpt lat="56.880566" lon="10.017131"><ele>38.8</ele></trkpt>
      <trkpt lat="56.880503" lon="10.017735"><ele>38.6</ele></trkpt>
      <trkpt lat="56.880479" lon="10.017905"><ele>38.5</ele></trkpt>
      <trkpt lat="56.880368" lon="10.018741"><ele>38.2</ele></trkpt>
      <trkpt lat="56.880281" lon="10.019365"><ele>38.0</ele></trkpt>
      <trkpt lat="56.879994" lon="10.021485"><ele>34.8</ele></trkpt>
      <trkpt lat="56.879888" lon="10.022246"><ele>33.6</ele></trkpt>
      <trkpt lat="56.879789" lon="10.022963"><ele>32.5</ele></trkpt>
      <trkpt lat="56.878860" lon="10.029935"><ele>21.2</ele></trkpt>
      <trkpt lat="56.878832" lon="10.030240"><ele>20.6</ele></trkpt>
      <trkpt lat="56.878844" lon="10.030338"><ele>20.4</ele></trkpt>
      <trkpt lat="56.878610" lon="10.030489"><ele>19.5</ele></trkpt>
      <trkpt lat="56.877397" lon="10.031249"><ele>16.0</ele></trkpt>
      <trkpt lat="56.876796" lon="10.031627"><ele>15.1</ele></trkpt>
      <trkpt lat="56.876630" lon="10.031730"><ele>14.8</ele></trkpt>
      <trkpt lat="56.876230" lon="10.031980"><ele>14.2</ele></trkpt>
      <trkpt lat="56.875558" lon="10.032400"><ele>14.5</ele></trkpt>
      <trkpt lat="56.875376" lon="10.031810"><ele>14.6</ele></trkpt>
      <trkpt lat="56.875262" lon="10.031542"><ele>14.7</ele></trkpt>
      <trkpt lat="56.875133" lon="10.031360"><ele>14.8</ele></trkpt>
      <trkpt lat="56.874766" lon="10.031049"><ele>15.0</ele></trkpt>
      <trkpt lat="56.874297" lon="10.030753"><ele>14.8</ele></trkpt>
      <trkpt lat="56.872755" lon="10.030217"><ele>14.4</ele></trkpt>
      <trkpt lat="56.872087" lon="10.029783"><ele>14.1</ele></trkpt>
      <trkpt lat="56.871558" lon="10.029599"><ele>13.9</ele></trkpt>
      <trkpt lat="56.871392" lon="10.029611"><ele>13.9</ele></trkpt>
      <trkpt lat="56.871074" lon="10.029734"><ele>14.5</ele></trkpt>
      <trkpt lat="56.870540" lon="10.030093"><ele>16.5</ele></trkpt>
      <trkpt lat="56.870184" lon="10.030480"><ele>17.9</ele></trkpt>
      <trkpt lat="56.869855" lon="10.030947"><ele>19.3</ele></trkpt>
      <trkpt lat="56.869580" lon="10.031338"><ele>19.7</ele></trkpt>
      <trkpt lat="56.869293" lon="10.031783"><ele>19.2</ele></trkpt>
      <trkpt lat="56.869022" lon="10.032126"><ele>18.8</ele></trkpt>
      <trkpt lat="56.868478" lon="10.032964"><ele>17.8</ele></trkpt>
      <trkpt lat="56.868149" lon="10.033849"><ele>15.8</ele></trkpt>
      <trkpt lat="56.867945" lon="10.034802"><ele>13.1</ele></trkpt>
      <trkpt lat="56.867787" lon="10.035736"><ele>10.6</ele></trkpt>
      <trkpt lat="56.867742" lon="10.035909"><ele>10.1</ele></trkpt>
      <trkpt lat="56.867416" lon="10.036724"><ele>8.4</ele></trkpt>
      <trkpt lat="56.867366" lon="10.037014"><ele>8.1</ele></trkpt>
      <trkpt lat="56.867352" lon="10.037282"><ele>7.8</ele></trkpt>
      <trkpt lat="56.867369" lon="10.037513"><ele>7.6</ele></trkpt>
      <trkpt lat="56.867759" lon="10.037268"><ele>6.8</ele></trkpt>
      <trkpt lat="56.867906" lon="10.038427"><ele>5.6</ele></trkpt>
      <trkpt lat="56.867928" lon="10.038573"><ele>5.8</ele></trkpt>
      <trkpt lat="56.867957" lon="10.038742"><ele>6.0</ele></trkpt>
      <trkpt lat="56.868323" lon="10.040021"><ele>7.4</ele></trkpt>
      <trkpt lat="56.868468" lon="10.040348"><ele>7.8</ele></trkpt>
      <trkpt lat="56.868655" lon="10.040472"><ele>8.2</ele></trkpt>
      <trkpt lat="56.869117" lon="10.040659"><ele>9.1</ele></trkpt>
      <trkpt lat="56.869371" lon="10.040885"><ele>9.8</ele></trkpt>
      <trkpt lat="56.869678" lon="10.041297"><ele>10.8</ele></trkpt>
      <trkpt lat="56.869841" lon="10.041600"><ele>11.4</ele></trkpt>
      <trkpt lat="56.870564" lon="10.043179"><ele>13.8</ele></trkpt>
      <trkpt lat="56.871123" lon="10.044509"><ele>15.1</ele></trkpt>
      <trkpt lat="56.871228" lon="10.044863"><ele>15.4</ele></trkpt>
      <trkpt lat="56.871321" lon="10.045283"><ele>15.8</ele></trkpt>
      <trkpt lat="56.871360" lon="10.045905"><ele>16.0</ele></trkpt>
      <trkpt lat="56.871325" lon="10.047231"><ele>16.4</ele></trkpt>
      <trkpt lat="56.871252" lon="10.048727"><ele>16.7</ele></trkpt>
      <trkpt lat="56.871059" lon="10.052889"><ele>29.7</ele></trkpt>
      <trkpt lat="56.870978" lon="10.054101"><ele>33.4</ele></trkpt>
      <trkpt lat="56.870927" lon="10.054570"><ele>34.8</ele></trkpt>
      <trkpt lat="56.870582" lon="10.056474"><ele>39.2</ele></trkpt>
      <trkpt lat="56.870549" lon="10.056760"><ele>39.7</ele></trkpt>
      <trkpt lat="56.870442" lon="10.058144"><ele>42.1</ele></trkpt>
      <trkpt lat="56.870409" lon="10.058656"><ele>42.7</ele></trkpt>
      <trkpt lat="56.870313" lon="10.059545"><ele>43.1</ele></trkpt>
      <trkpt lat="56.870110" lon="10.060928"><ele>43.7</ele></trkpt>
      <trkpt lat="56.869333" lon="10.064473"><ele>42.8</ele></trkpt>
      <trkpt lat="56.869162" lon="10.065031"><ele>43.0</ele></trkpt>
      <trkpt lat="56.868549" lon="10.066469"><ele>44.2</ele></trkpt>
      <trkpt lat="56.867979" lon="10.067965"><ele>45.0</ele></trkpt>
      <trkpt lat="56.867888" lon="10.068158"><ele>45.1</ele></trkpt>
      <trkpt lat="56.867765" lon="10.068273"><ele>45.1</ele></trkpt>
      <trkpt lat="56.867621" lon="10.068303"><ele>45.2</ele></trkpt>
      <trkpt lat="56.867508" lon="10.068426"><ele>45.2</ele></trkpt>
      <trkpt lat="56.867428" lon="10.068308"><ele>45.3</ele></trkpt>
      <trkpt lat="56.867321" lon="10.068226"><ele>45.3</ele></trkpt>
      <trkpt lat="56.867125" lon="10.068150"><ele>45.4</ele></trkpt>
      <trkpt lat="56.866904" lon="10.068096"><ele>45.5</ele></trkpt>
      <trkpt lat="56.866839" lon="10.068113"><ele>45.5</ele></trkpt>
      <trkpt lat="56.866550" lon="10.068215"><ele>45.5</ele></trkpt>
      <trkpt lat="56.866258" lon="10.068356"><ele>45.5</ele></trkpt>
      <trkpt lat="56.865919" lon="10.068587"><ele>45.4</ele></trkpt>
      <trkpt lat="56.865940" lon="10.068717"><ele>45.4</ele></trkpt>
      <trkpt lat="56.865905" lon="10.068940"><ele>45.4</ele></trkpt>
      <trkpt lat="56.865700" lon="10.069519"><ele>45.4</ele></trkpt>
      <trkpt lat="56.865660" lon="10.069604"><ele>45.4</ele></trkpt>
      <trkpt lat="56.865417" lon="10.070207"><ele>45.4</ele></trkpt>
      <trkpt lat="56.865004" lon="10.071043"><ele>45.8</ele></trkpt>
      <trkpt lat="56.864656" lon="10.072165"><ele>46.2</ele></trkpt>
      <trkpt lat="56.864563" lon="10.072583"><ele>46.3</ele></trkpt>
      <trkpt lat="56.864468" lon="10.073068"><ele>46.5</ele></trkpt>
      <trkpt lat="56.864223" lon="10.073888"><ele>46.9</ele></trkpt>
      <trkpt lat="56.864063" lon="10.074304"><ele>47.1</ele></trkpt>
      <trkpt lat="56.863867" lon="10.074680"><ele>47.4</ele></trkpt>
      <trkpt lat="56.863611" lon="10.075092"><ele>47.6</ele></trkpt>
      <trkpt lat="56.863385" lon="10.075373"><ele>47.9</ele></trkpt>
      <trkpt lat="56.861953" lon="10.076951"><ele>48.6</ele></trkpt>
      <trkpt lat="56.861591" lon="10.077264"><ele>48.5</ele></trkpt>
      <trkpt lat="56.861060" lon="10.077630"><ele>48.3</ele></trkpt>
      <trkpt lat="56.860562" lon="10.077877"><ele>48.1</ele></trkpt>
      <trkpt lat="56.858154" lon="10.078588"><ele>45.6</ele></trkpt>
      <trkpt lat="56.857172" lon="10.078878"><ele>44.7</ele></trkpt>
      <trkpt lat="56.856860" lon="10.078970"><ele>44.4</ele></trkpt>
      <trkpt lat="56.856827" lon="10.079377"><ele>44.2</ele></trkpt>
      <trkpt lat="56.856531" lon="10.081415"><ele>45.1</ele></trkpt>
      <trkpt lat="56.856348" lon="10.082486"><ele>45.5</ele></trkpt>
      <trkpt lat="56.856126" lon="10.083558"><ele>45.7</ele></trkpt>
      <trkpt lat="56.855788" lon="10.085197"><ele>45.8</ele></trkpt>
      <trkpt lat="56.855714" lon="10.085475"><ele>45.8</ele></trkpt>
      <trkpt lat="56.855525" lon="10.085886"><ele>45.2</ele></trkpt>
      <trkpt lat="56.852906" lon="10.089739"><ele>31.9</ele></trkpt>
      <trkpt lat="56.852674" lon="10.090055"><ele>30.2</ele></trkpt>
      <trkpt lat="56.852399" lon="10.090332"><ele>28.4</ele></trkpt>
      <trkpt lat="56.852156" lon="10.090490"><ele>26.9</ele></trkpt>
      <trkpt lat="56.851809" lon="10.090602"><ele>24.8</ele></trkpt>
      <trkpt lat="56.850727" lon="10.090487"><ele>18.8</ele></trkpt>
      <trkpt lat="56.849975" lon="10.090684"><ele>15.1</ele></trkpt>
      <trkpt lat="56.849470" lon="10.090722"><ele>12.6</ele></trkpt>
      <trkpt lat="56.849029" lon="10.090624"><ele>11.4</ele></trkpt>
      <trkpt lat="56.847958" lon="10.090296"><ele>9.3</ele></trkpt>
      <trkpt lat="56.847552" lon="10.090255"><ele>8.6</ele></trkpt>
      <trkpt lat="56.846945" lon="10.090300"><ele>8.8</ele></trkpt>
      <trkpt lat="56.846772" lon="10.090348"><ele>8.9</ele></trkpt>
      <trkpt lat="56.846152" lon="10.090620"><ele>9.2</ele></trkpt>
      <trkpt lat="56.844575" lon="10.091752"><ele>12.1</ele></trkpt>
      <trkpt lat="56.843743" lon="10.092420"><ele>13.9</ele></trkpt>
      <trkpt lat="56.843171" lon="10.093059"><ele>15.2</ele></trkpt>
      <trkpt lat="56.842757" lon="10.093309"><ele>16.1</ele></trkpt>
      <trkpt lat="56.842436" lon="10.093369"><ele>16.6</ele></trkpt>
      <trkpt lat="56.842125" lon="10.093325"><ele>17.0</ele></trkpt>
      <trkpt lat="56.841419" lon="10.092999"><ele>17.7</ele></trkpt>
      <trkpt lat="56.841246" lon="10.092872"><ele>17.9</ele></trkpt>
      <trkpt lat="56.840959" lon="10.092573"><ele>18.2</ele></trkpt>
      <trkpt lat="56.840509" lon="10.091845"><ele>18.6</ele></trkpt>
      <trkpt lat="56.840372" lon="10.091683"><ele>18.7</ele></trkpt>
      <trkpt lat="56.840215" lon="10.091571"><ele>18.9</ele></trkpt>
      <trkpt lat="56.840050" lon="10.091522"><ele>19.0</ele></trkpt>
      <trkpt lat="56.839363" lon="10.091644"><ele>19.4</ele></trkpt>
      <trkpt lat="56.839242" lon="10.091636"><ele>19.4</ele></trkpt>
      <trkpt lat="56.838089" lon="10.091297"><ele>19.2</ele></trkpt>
      <trkpt lat="56.836984" lon="10.091277"><ele>18.8</ele></trkpt>
      <trkpt lat="56.836710" lon="10.091271"><ele>18.6</ele></trkpt>
      <trkpt lat="56.836487" lon="10.091231"><ele>18.4</ele></trkpt>
      <trkpt lat="56.836154" lon="10.091064"><ele>18.1</ele></trkpt>
      <trkpt lat="56.835680" lon="10.090713"><ele>17.8</ele></trkpt>
      <trkpt lat="56.835472" lon="10.091616"><ele>18.2</ele></trkpt>
      <trkpt lat="56.833390" lon="10.089738"><ele>20.1</ele></trkpt>
      <trkpt lat="56.832530" lon="10.089194"><ele>20.8</ele></trkpt>
      <trkpt lat="56.832167" lon="10.088818"><ele>20.9</ele></trkpt>
      <trkpt lat="56.831422" lon="10.088048"><ele>21.1</ele></trkpt>
      <trkpt lat="56.830236" lon="10.086810"><ele>20.9</ele></trkpt>
      <trkpt lat="56.830007" lon="10.086571"><ele>20.8</ele></trkpt>
      <trkpt lat="56.829054" lon="10.085575"><ele>20.6</ele></trkpt>
      <trkpt lat="56.828566" lon="10.085065"><ele>20.5</ele></trkpt>
      <trkpt lat="56.828509" lon="10.085227"><ele>20.5</ele></trkpt>
      <trkpt lat="56.827253" lon="10.087118"><ele>21.3</ele></trkpt>
      <trkpt lat="56.827026" lon="10.087425"><ele>21.5</ele></trkpt>
      <trkpt lat="56.826439" lon="10.087973"><ele>22.2</ele></trkpt>
      <trkpt lat="56.826242" lon="10.088187"><ele>22.5</ele></trkpt>
      <trkpt lat="56.825837" lon="10.088886"><ele>23.2</ele></trkpt>
      <trkpt lat="56.825652" lon="10.089130"><ele>23.5</ele></trkpt>
      <trkpt lat="56.823498" lon="10.091738"><ele>27.2</ele></trkpt>
      <trkpt lat="56.821599" lon="10.093704"><ele>29.8</ele></trkpt>
      <trkpt lat="56.821471" lon="10.093850"><ele>29.9</ele></trkpt>
      <trkpt lat="56.821343" lon="10.093996"><ele>30.1</ele></trkpt>
      <trkpt lat="56.820887" lon="10.094666"><ele>30.7</ele></trkpt>
      <trkpt lat="56.820546" lon="10.095128"><ele>31.1</ele></trkpt>
      <trkpt lat="56.820294" lon="10.095522"><ele>31.4</ele></trkpt>
      <trkpt lat="56.820047" lon="10.095956"><ele>31.8</ele></trkpt>
      <trkpt lat="56.819072" lon="10.097779"><ele>33.5</ele></trkpt>
      <trkpt lat="56.818686" lon="10.098674"><ele>34.7</ele></trkpt>
      <trkpt lat="56.817059" lon="10.102689"><ele>40.0</ele></trkpt>
      <trkpt lat="56.816893" lon="10.102970"><ele>39.9</ele></trkpt>
      <trkpt lat="56.816625" lon="10.103332"><ele>39.8</ele></trkpt>
      <trkpt lat="56.815100" lon="10.105272"><ele>37.4</ele></trkpt>
      <trkpt lat="56.814808" lon="10.105643"><ele>36.6</ele></trkpt>
      <trkpt lat="56.814702" lon="10.105855"><ele>36.3</ele></trkpt>
      <trkpt lat="56.814635" lon="10.106069"><ele>36.0</ele></trkpt>
      <trkpt lat="56.814580" lon="10.106346"><ele>35.6</ele></trkpt>
      <trkpt lat="56.814485" lon="10.107420"><ele>34.6</ele></trkpt>
      <trkpt lat="56.814477" lon="10.107502"><ele>34.5</ele></trkpt>
      <trkpt lat="56.814375" lon="10.108938"><ele>33.4</ele></trkpt>
      <trkpt lat="56.814276" lon="10.110380"><ele>32.8</ele></trkpt>
      <trkpt lat="56.813709" lon="10.118147"><ele>37.6</ele></trkpt>
      <trkpt lat="56.813649" lon="10.118512"><ele>37.7</ele></trkpt>
      <trkpt lat="56.813558" lon="10.118883"><ele>37.9</ele></trkpt>
      <trkpt lat="56.810898" lon="10.127673"><ele>37.2</ele></trkpt>
      <trkpt lat="56.809303" lon="10.131845"><ele>32.9</ele></trkpt>
      <trkpt lat="56.809152" lon="10.132604"><ele>32.5</ele></trkpt>
      <trkpt lat="56.808688" lon="10.133124"><ele>32.0</ele></trkpt>
      <trkpt lat="56.808448" lon="10.133495"><ele>31.9</ele></trkpt>
      <trkpt lat="56.808196" lon="10.133949"><ele>31.9</ele></trkpt>
      <trkpt lat="56.808027" lon="10.134320"><ele>31.9</ele></trkpt>
      <trkpt lat="56.807835" lon="10.134855"><ele>31.9</ele></trkpt>
      <trkpt lat="56.807766" lon="10.135048"><ele>31.9</ele></trkpt>
      <trkpt lat="56.807637" lon="10.135504"><ele>32.0</ele></trkpt>
      <trkpt lat="56.807534" lon="10.135982"><ele>32.0</ele></trkpt>
      <trkpt lat="56.806814" lon="10.139813"><ele>32.2</ele></trkpt>
      <trkpt lat="56.806561" lon="10.141002"><ele>31.9</ele></trkpt>
      <trkpt lat="56.806216" lon="10.142134"><ele>31.6</ele></trkpt>
      <trkpt lat="56.806047" lon="10.142546"><ele>31.5</ele></trkpt>
      <trkpt lat="56.805738" lon="10.143171"><ele>31.4</ele></trkpt>
      <trkpt lat="56.800978" lon="10.151367"><ele>29.5</ele></trkpt>
      <trkpt lat="56.800185" lon="10.152732"><ele>28.6</ele></trkpt>
      <trkpt lat="56.800148" lon="10.152843"><ele>28.5</ele></trkpt>
      <trkpt lat="56.800122" lon="10.153147"><ele>28.4</ele></trkpt>
      <trkpt lat="56.800074" lon="10.153273"><ele>28.3</ele></trkpt>
      <trkpt lat="56.799450" lon="10.154366"><ele>27.3</ele></trkpt>
      <trkpt lat="56.799309" lon="10.154408"><ele>27.2</ele></trkpt>
      <trkpt lat="56.799197" lon="10.154450"><ele>27.0</ele></trkpt>
      <trkpt lat="56.798316" lon="10.155984"><ele>25.8</ele></trkpt>
      <trkpt lat="56.795865" lon="10.160253"><ele>24.5</ele></trkpt>
      <trkpt lat="56.793006" lon="10.165234"><ele>20.3</ele></trkpt>
      <trkpt lat="56.791328" lon="10.168039"><ele>14.4</ele></trkpt>
      <trkpt lat="56.790855" lon="10.168630"><ele>12.8</ele></trkpt>
      <trkpt lat="56.790339" lon="10.169161"><ele>11.4</ele></trkpt>
      <trkpt lat="56.789761" lon="10.169604"><ele>10.5</ele></trkpt>
      <trkpt lat="56.789265" lon="10.169882"><ele>9.7</ele></trkpt>
      <trkpt lat="56.788718" lon="10.170101"><ele>9.2</ele></trkpt>
      <trkpt lat="56.785138" lon="10.170933"><ele>11.5</ele></trkpt>
      <trkpt lat="56.784608" lon="10.171183"><ele>11.7</ele></trkpt>
      <trkpt lat="56.784174" lon="10.171455"><ele>12.0</ele></trkpt>
      <trkpt lat="56.783600" lon="10.171911"><ele>12.3</ele></trkpt>
      <trkpt lat="56.783265" lon="10.172314"><ele>12.1</ele></trkpt>
      <trkpt lat="56.779192" lon="10.176530"><ele>9.7</ele></trkpt>
      <trkpt lat="56.778150" lon="10.177622"><ele>9.0</ele></trkpt>
      <trkpt lat="56.775283" lon="10.180634"><ele>8.6</ele></trkpt>
      <trkpt lat="56.774473" lon="10.181486"><ele>8.7</ele></trkpt>
      <trkpt lat="56.774026" lon="10.181885"><ele>8.6</ele></trkpt>
      <trkpt lat="56.773386" lon="10.182336"><ele>8.5</ele></trkpt>
      <trkpt lat="56.772968" lon="10.182557"><ele>8.4</ele></trkpt>
      <trkpt lat="56.772602" lon="10.182698"><ele>8.3</ele></trkpt>
      <trkpt lat="56.766892" lon="10.183991"><ele>4.0</ele></trkpt>
      <trkpt lat="56.766229" lon="10.184162"><ele>4.1</ele></trkpt>
      <trkpt lat="56.765773" lon="10.184336"><ele>4.2</ele></trkpt>
      <trkpt lat="56.765724" lon="10.184366"><ele>4.2</ele></trkpt>
      <trkpt lat="56.764912" lon="10.184812"><ele>4.5</ele></trkpt>
      <trkpt lat="56.764358" lon="10.185199"><ele>4.9</ele></trkpt>
      <trkpt lat="56.764183" lon="10.186132"><ele>5.3</ele></trkpt>
      <trkpt lat="56.764358" lon="10.185199"><ele>5.6</ele></trkpt>
      <trkpt lat="56.763309" lon="10.186161"><ele>6.4</ele></trkpt>
      <trkpt lat="56.761479" lon="10.188030"><ele>7.8</ele></trkpt>
      <trkpt lat="56.761670" lon="10.188634"><ele>7.8</ele></trkpt>
      <trkpt lat="56.761063" lon="10.188872"><ele>7.8</ele></trkpt>
      <trkpt lat="56.760983" lon="10.188934"><ele>7.8</ele></trkpt>
      <trkpt lat="56.760860" lon="10.189120"><ele>7.8</ele></trkpt>
      <trkpt lat="56.760723" lon="10.189263"><ele>7.8</ele></trkpt>
      <trkpt lat="56.760350" lon="10.189612"><ele>7.7</ele></trkpt>
      <trkpt lat="56.759625" lon="10.190269"><ele>7.2</ele></trkpt>
      <trkpt lat="56.759045" lon="10.190664"><ele>6.7</ele></trkpt>
      <trkpt lat="56.758628" lon="10.190910"><ele>6.4</ele></trkpt>
      <trkpt lat="56.758273" lon="10.190884"><ele>6.2</ele></trkpt>
      <trkpt lat="56.758127" lon="10.190893"><ele>6.1</ele></trkpt>
      <trkpt lat="56.757436" lon="10.191314"><ele>5.6</ele></trkpt>
      <trkpt lat="56.756881" lon="10.191573"><ele>5.3</ele></trkpt>
      <trkpt lat="56.755606" lon="10.192025"><ele>4.9</ele></trkpt>
      <trkpt lat="56.754683" lon="10.192232"><ele>4.7</ele></trkpt>
      <trkpt lat="56.753271" lon="10.192327"><ele>4.5</ele></trkpt>
      <trkpt lat="56.751815" lon="10.192125"><ele>4.0</ele></trkpt>
      <trkpt lat="56.750801" lon="10.191842"><ele>3.5</ele></trkpt>
      <trkpt lat="56.750053" lon="10.191520"><ele>3.1</ele></trkpt>
      <trkpt lat="56.749162" lon="10.191066"><ele>3.0</ele></trkpt>
      <trkpt lat="56.748234" lon="10.190447"><ele>3.0</ele></trkpt>
      <trkpt lat="56.747457" lon="10.189809"><ele>3.6</ele></trkpt>
      <trkpt lat="56.746680" lon="10.189080"><ele>4.3</ele></trkpt>
      <trkpt lat="56.746594" lon="10.188988"><ele>4.3</ele></trkpt>
      <trkpt lat="56.746173" lon="10.188541"><ele>4.6</ele></trkpt>
      <trkpt lat="56.744776" lon="10.186806"><ele>5.5</ele></trkpt>
      <trkpt lat="56.744725" lon="10.186804"><ele>5.5</ele></trkpt>
      <trkpt lat="56.744671" lon="10.186803"><ele>5.5</ele></trkpt>
      <trkpt lat="56.744649" lon="10.185681"><ele>5.7</ele></trkpt>
      <trkpt lat="56.744631" lon="10.184780"><ele>5.8</ele></trkpt>
      <trkpt lat="56.743372" lon="10.184326"><ele>5.4</ele></trkpt>
      <trkpt lat="56.743233" lon="10.184212"><ele>5.4</ele></trkpt>
      <trkpt lat="56.742692" lon="10.183100"><ele>5.3</ele></trkpt>
      <trkpt lat="56.741687" lon="10.180895"><ele>6.5</ele></trkpt>
      <trkpt lat="56.741304" lon="10.179896"><ele>7.3</ele></trkpt>
      <trkpt lat="56.740892" lon="10.178646"><ele>8.2</ele></trkpt>
      <trkpt lat="56.740682" lon="10.177884"><ele>8.6</ele></trkpt>
      <trkpt lat="56.740471" lon="10.176889"><ele>8.6</ele></trkpt>
      <trkpt lat="56.737776" lon="10.163078"><ele>9.0</ele></trkpt>
      <trkpt lat="56.737463" lon="10.161677"><ele>10.0</ele></trkpt>
      <trkpt lat="56.736308" lon="10.157448"><ele>14.8</ele></trkpt>
      <trkpt lat="56.735966" lon="10.156272"><ele>16.0</ele></trkpt>
      <trkpt lat="56.735692" lon="10.155450"><ele>16.6</ele></trkpt>
      <trkpt lat="56.735151" lon="10.154094"><ele>17.8</ele></trkpt>
      <trkpt lat="56.734156" lon="10.152179"><ele>17.1</ele></trkpt>
      <trkpt lat="56.732491" lon="10.148996"><ele>13.9</ele></trkpt>
      <trkpt lat="56.732498" lon="10.148537"><ele>13.6</ele></trkpt>
      <trkpt lat="56.732504" lon="10.148195"><ele>13.4</ele></trkpt>
      <trkpt lat="56.732377" lon="10.148157"><ele>13.3</ele></trkpt>
      <trkpt lat="56.732257" lon="10.148050"><ele>13.1</ele></trkpt>
      <trkpt lat="56.732120" lon="10.147814"><ele>12.9</ele></trkpt>
      <trkpt lat="56.731929" lon="10.147443"><ele>12.6</ele></trkpt>
      <trkpt lat="56.731988" lon="10.147317"><ele>12.5</ele></trkpt>
      <trkpt lat="56.731022" lon="10.145500"><ele>11.2</ele></trkpt>
      <trkpt lat="56.730956" lon="10.145446"><ele>11.1</ele></trkpt>
      <trkpt lat="56.730702" lon="10.145419"><ele>10.9</ele></trkpt>
      <trkpt lat="56.730576" lon="10.145305"><ele>10.8</ele></trkpt>
      <trkpt lat="56.729743" lon="10.143711"><ele>9.0</ele></trkpt>
      <trkpt lat="56.729309" lon="10.142642"><ele>7.9</ele></trkpt>
      <trkpt lat="56.729105" lon="10.142024"><ele>7.6</ele></trkpt>
      <trkpt lat="56.728250" lon="10.139118"><ele>6.7</ele></trkpt>
      <trkpt lat="56.728165" lon="10.138777"><ele>6.8</ele></trkpt>
      <trkpt lat="56.727769" lon="10.137731"><ele>7.0</ele></trkpt>
      <trkpt lat="56.727620" lon="10.137548"><ele>7.0</ele></trkpt>
      <trkpt lat="56.727546" lon="10.137526"><ele>7.0</ele></trkpt>
      <trkpt lat="56.727462" lon="10.137479"><ele>7.0</ele></trkpt>
      <trkpt lat="56.727382" lon="10.137299"><ele>7.1</ele></trkpt>
      <trkpt lat="56.727340" lon="10.137204"><ele>7.1</ele></trkpt>
      <trkpt lat="56.727258" lon="10.137013"><ele>7.0</ele></trkpt>
      <trkpt lat="56.727258" lon="10.136852"><ele>6.9</ele></trkpt>
      <trkpt lat="56.727244" lon="10.136512"><ele>6.7</ele></trkpt>
      <trkpt lat="56.727203" lon="10.136348"><ele>6.6</ele></trkpt>
      <trkpt lat="56.726770" lon="10.135461"><ele>6.0</ele></trkpt>
      <trkpt lat="56.726498" lon="10.134969"><ele>5.6</ele></trkpt>
      <trkpt lat="56.725531" lon="10.133395"><ele>4.3</ele></trkpt>
      <trkpt lat="56.724115" lon="10.131138"><ele>3.1</ele></trkpt>
      <trkpt lat="56.722826" lon="10.129090"><ele>2.6</ele></trkpt>
      <trkpt lat="56.721791" lon="10.128404"><ele>2.3</ele></trkpt>
      <trkpt lat="56.721809" lon="10.128335"><ele>2.3</ele></trkpt>
      <trkpt lat="56.721879" lon="10.128049"><ele>2.3</ele></trkpt>
      <trkpt lat="56.722018" lon="10.127759"><ele>2.2</ele></trkpt>
      <trkpt lat="56.722122" lon="10.127550"><ele>2.2</ele></trkpt>
      <trkpt lat="56.721881" lon="10.127079"><ele>2.1</ele></trkpt>
      <trkpt lat="56.721476" lon="10.126433"><ele>1.9</ele></trkpt>
      <trkpt lat="56.721072" lon="10.125786"><ele>1.8</ele></trkpt>
      <trkpt lat="56.721038" lon="10.125696"><ele>1.8</ele></trkpt>
      <trkpt lat="56.721032" lon="10.125459"><ele>1.8</ele></trkpt>
      <trkpt lat="56.720964" lon="10.125229"><ele>1.8</ele></trkpt>
      <trkpt lat="56.720854" lon="10.125121"><ele>1.7</ele></trkpt>
      <trkpt lat="56.720737" lon="10.125108"><ele>1.7</ele></trkpt>
      <trkpt lat="56.720629" lon="10.125039"><ele>1.7</ele></trkpt>
      <trkpt lat="56.719376" lon="10.122920"><ele>1.7</ele></trkpt>
      <trkpt lat="56.719364" lon="10.122712"><ele>1.7</ele></trkpt>
      <trkpt lat="56.718863" lon="10.121676"><ele>1.8</ele></trkpt>
      <trkpt lat="56.718455" lon="10.120740"><ele>1.8</ele></trkpt>
      <trkpt lat="56.718120" lon="10.119968"><ele>1.8</ele></trkpt>
      <trkpt lat="56.717923" lon="10.119506"><ele>1.8</ele></trkpt>
      <trkpt lat="56.717858" lon="10.119352"><ele>1.8</ele></trkpt>
      <trkpt lat="56.717711" lon="10.119009"><ele>1.9</ele></trkpt>
      <trkpt lat="56.717565" lon="10.118665"><ele>2.1</ele></trkpt>
      <trkpt lat="56.717456" lon="10.118408"><ele>2.2</ele></trkpt>
      <trkpt lat="56.717097" lon="10.117565"><ele>2.5</ele></trkpt>
      <trkpt lat="56.717008" lon="10.117344"><ele>2.5</ele></trkpt>
      <trkpt lat="56.716932" lon="10.117158"><ele>2.6</ele></trkpt>
      <trkpt lat="56.716903" lon="10.117006"><ele>2.6</ele></trkpt>
      <trkpt lat="56.716842" lon="10.116973"><ele>2.7</ele></trkpt>
      <trkpt lat="56.716763" lon="10.116930"><ele>2.7</ele></trkpt>
      <trkpt lat="56.716689" lon="10.116898"><ele>2.7</ele></trkpt>
      <trkpt lat="56.716651" lon="10.116766"><ele>2.7</ele></trkpt>
      <trkpt lat="56.716577" lon="10.116690"><ele>2.6</ele></trkpt>
      <trkpt lat="56.716536" lon="10.116684"><ele>2.6</ele></trkpt>
      <trkpt lat="56.716508" lon="10.116692"><ele>2.6</ele></trkpt>
      <trkpt lat="56.716439" lon="10.116766"><ele>2.5</ele></trkpt>
      <trkpt lat="56.716413" lon="10.116833"><ele>2.5</ele></trkpt>
      <trkpt lat="56.716374" lon="10.116674"><ele>2.5</ele></trkpt>
      <trkpt lat="56.716282" lon="10.116383"><ele>2.4</ele></trkpt>
      <trkpt lat="56.716172" lon="10.116170"><ele>2.3</ele></trkpt>
      <trkpt lat="56.715906" lon="10.115830"><ele>2.2</ele></trkpt>
      <trkpt lat="56.715621" lon="10.115604"><ele>2.0</ele></trkpt>
      <trkpt lat="56.715544" lon="10.115595"><ele>2.0</ele></trkpt>
      <trkpt lat="56.715357" lon="10.115645"><ele>1.9</ele></trkpt>
      <trkpt lat="56.715282" lon="10.115706"><ele>1.8</ele></trkpt>
      <trkpt lat="56.715253" lon="10.115644"><ele>1.8</ele></trkpt>
      <trkpt lat="56.715208" lon="10.115547"><ele>1.7</ele></trkpt>
      <trkpt lat="56.715096" lon="10.115769"><ele>1.6</ele></trkpt>
      <trkpt lat="56.714926" lon="10.116103"><ele>1.4</ele></trkpt>
      <trkpt lat="56.714728" lon="10.116412"><ele>1.2</ele></trkpt>
      <trkpt lat="56.714204" lon="10.117116"><ele>0.7</ele></trkpt>
      <trkpt lat="56.713946" lon="10.117428"><ele>0.4</ele></trkpt>
      <trkpt lat="56.712713" lon="10.118920"><ele>0.6</ele></trkpt>
      <trkpt lat="56.712404" lon="10.119114"><ele>0.6</ele></trkpt>
      <trkpt lat="56.712255" lon="10.119262"><ele>0.8</ele></trkpt>
      <trkpt lat="56.712218" lon="10.119304"><ele>0.8</ele></trkpt>
      <trkpt lat="56.711855" lon="10.119728"><ele>1.2</ele></trkpt>
      <trkpt lat="56.711428" lon="10.120156"><ele>1.7</ele></trkpt>
      <trkpt lat="56.710695" lon="10.120786"><ele>2.8</ele></trkpt>
      <trkpt lat="56.710534" lon="10.120886"><ele>3.3</ele></trkpt>
      <trkpt lat="56.710134" lon="10.120830"><ele>4.4</ele></trkpt>
      <trkpt lat="56.709998" lon="10.120770"><ele>4.8</ele></trkpt>
      <trkpt lat="56.709949" lon="10.120822"><ele>5.0</ele></trkpt>
      <trkpt lat="56.709905" lon="10.120871"><ele>5.2</ele></trkpt>
      <trkpt lat="56.709853" lon="10.120926"><ele>5.3</ele></trkpt>
      <trkpt lat="56.709873" lon="10.121137"><ele>5.7</ele></trkpt>
      <trkpt lat="56.709839" lon="10.121308"><ele>6.0</ele></trkpt>
      <trkpt lat="56.709729" lon="10.121420"><ele>6.3</ele></trkpt>
      <trkpt lat="56.709012" lon="10.121783"><ele>8.9</ele></trkpt>
      <trkpt lat="56.707312" lon="10.122321"><ele>16.2</ele></trkpt>
      <trkpt lat="56.707203" lon="10.122480"><ele>16.7</ele></trkpt>
      <trkpt lat="56.707297" lon="10.122443"><ele>17.0</ele></trkpt>
      <trkpt lat="56.707334" lon="10.122737"><ele>17.7</ele></trkpt>
      <trkpt lat="56.707469" lon="10.123736"><ele>19.8</ele></trkpt>
      <trkpt lat="56.707769" lon="10.125299"><ele>22.6</ele></trkpt>
      <trkpt lat="56.707799" lon="10.125675"><ele>23.0</ele></trkpt>
      <trkpt lat="56.707796" lon="10.125970"><ele>23.3</ele></trkpt>
      <trkpt lat="56.707744" lon="10.126344"><ele>23.7</ele></trkpt>
      <trkpt lat="56.707677" lon="10.126600"><ele>24.0</ele></trkpt>
      <trkpt lat="56.707616" lon="10.126769"><ele>24.2</ele></trkpt>
      <trkpt lat="56.707346" lon="10.127187"><ele>24.9</ele></trkpt>
      <trkpt lat="56.707311" lon="10.127329"><ele>25.1</ele></trkpt>
      <trkpt lat="56.707303" lon="10.127486"><ele>25.2</ele></trkpt>
      <trkpt lat="56.707525" lon="10.128504"><ele>25.1</ele></trkpt>
      <trkpt lat="56.707561" lon="10.129440"><ele>24.8</ele></trkpt>
      <trkpt lat="56.707508" lon="10.129886"><ele>24.6</ele></trkpt>
      <trkpt lat="56.707351" lon="10.130576"><ele>24.4</ele></trkpt>
      <trkpt lat="56.707051" lon="10.131471"><ele>24.0</ele></trkpt>
      <trkpt lat="56.706021" lon="10.133608"><ele>22.9</ele></trkpt>
      <trkpt lat="56.705387" lon="10.135044"><ele>21.3</ele></trkpt>
      <trkpt lat="56.705221" lon="10.135361"><ele>21.0</ele></trkpt>
      <trkpt lat="56.705042" lon="10.135578"><ele>20.7</ele></trkpt>
      <trkpt lat="56.704436" lon="10.136198"><ele>21.1</ele></trkpt>
      <trkpt lat="56.704310" lon="10.136242"><ele>21.3</ele></trkpt>
      <trkpt lat="56.703454" lon="10.136429"><ele>22.2</ele></trkpt>
      <trkpt lat="56.703319" lon="10.136270"><ele>22.4</ele></trkpt>
      <trkpt lat="56.703060" lon="10.136082"><ele>23.3</ele></trkpt>
      <trkpt lat="56.702905" lon="10.136016"><ele>23.9</ele></trkpt>
      <trkpt lat="56.702711" lon="10.136050"><ele>24.6</ele></trkpt>
      <trkpt lat="56.702457" lon="10.136223"><ele>25.7</ele></trkpt>
      <trkpt lat="56.702081" lon="10.134853"><ele>28.9</ele></trkpt>
      <trkpt lat="56.701945" lon="10.134503"><ele>29.4</ele></trkpt>
      <trkpt lat="56.701730" lon="10.134718"><ele>29.4</ele></trkpt>
      <trkpt lat="56.700928" lon="10.136218"><ele>29.3</ele></trkpt>
      <trkpt lat="56.700713" lon="10.136510"><ele>29.3</ele></trkpt>
      <trkpt lat="56.700243" lon="10.137693"><ele>28.7</ele></trkpt>
      <trkpt lat="56.700091" lon="10.138390"><ele>28.3</ele></trkpt>
      <trkpt lat="56.699811" lon="10.139053"><ele>28.0</ele></trkpt>
      <trkpt lat="56.699807" lon="10.139310"><ele>27.8</ele></trkpt>
      <trkpt lat="56.699278" lon="10.139737"><ele>26.8</ele></trkpt>
      <trkpt lat="56.697719" lon="10.142827"><ele>22.2</ele></trkpt>
      <trkpt lat="56.697391" lon="10.143271"><ele>21.3</ele></trkpt>
      <trkpt lat="56.697013" lon="10.144227"><ele>21.2</ele></trkpt>
      <trkpt lat="56.697029" lon="10.144271"><ele>21.2</ele></trkpt>
      <trkpt lat="56.696720" lon="10.144632"><ele>21.9</ele></trkpt>
      <trkpt lat="56.696616" lon="10.144657"><ele>22.1</ele></trkpt>
      <trkpt lat="56.696505" lon="10.144604"><ele>22.3</ele></trkpt>
      <trkpt lat="56.696474" lon="10.144727"><ele>22.4</ele></trkpt>
      <trkpt lat="56.696300" lon="10.145080"><ele>22.9</ele></trkpt>
      <trkpt lat="56.696283" lon="10.145273"><ele>23.1</ele></trkpt>
      <trkpt lat="56.696306" lon="10.145585"><ele>23.4</ele></trkpt>
      <trkpt lat="56.696250" lon="10.145892"><ele>23.7</ele></trkpt>
      <trkpt lat="56.695168" lon="10.147649"><ele>30.2</ele></trkpt>
      <trkpt lat="56.693972" lon="10.149698"><ele>36.9</ele></trkpt>
      <trkpt lat="56.693610" lon="10.150525"><ele>39.2</ele></trkpt>
      <trkpt lat="56.693196" lon="10.151748"><ele>41.1</ele></trkpt>
      <trkpt lat="56.692909" lon="10.152467"><ele>42.2</ele></trkpt>
      <trkpt lat="56.692587" lon="10.153526"><ele>43.5</ele></trkpt>
      <trkpt lat="56.692307" lon="10.154227"><ele>43.5</ele></trkpt>
      <trkpt lat="56.691482" lon="10.155637"><ele>43.7</ele></trkpt>
      <trkpt lat="56.691069" lon="10.156195"><ele>43.3</ele></trkpt>
      <trkpt lat="56.690674" lon="10.156496"><ele>43.0</ele></trkpt>
      <trkpt lat="56.689520" lon="10.156721"><ele>42.1</ele></trkpt>
      <trkpt lat="56.688942" lon="10.157043"><ele>41.4</ele></trkpt>
      <trkpt lat="56.688142" lon="10.156801"><ele>40.6</ele></trkpt>
      <trkpt lat="56.687975" lon="10.156711"><ele>40.4</ele></trkpt>
      <trkpt lat="56.687846" lon="10.156717"><ele>40.3</ele></trkpt>
      <trkpt lat="56.687727" lon="10.156813"><ele>40.2</ele></trkpt>
      <trkpt lat="56.687616" lon="10.157016"><ele>40.1</ele></trkpt>
      <trkpt lat="56.687279" lon="10.158554"><ele>39.3</ele></trkpt>
      <trkpt lat="56.686853" lon="10.159451"><ele>38.8</ele></trkpt>
      <trkpt lat="56.686558" lon="10.160377"><ele>38.3</ele></trkpt>
      <trkpt lat="56.686083" lon="10.161307"><ele>37.8</ele></trkpt>
      <trkpt lat="56.685994" lon="10.161375"><ele>37.7</ele></trkpt>
      <trkpt lat="56.685973" lon="10.161149"><ele>37.7</ele></trkpt>
      <trkpt lat="56.685946" lon="10.161038"><ele>37.6</ele></trkpt>
      <trkpt lat="56.685243" lon="10.158141"><ele>38.8</ele></trkpt>
      <trkpt lat="56.684511" lon="10.155841"><ele>41.2</ele></trkpt>
      <trkpt lat="56.684451" lon="10.155741"><ele>41.4</ele></trkpt>
      <trkpt lat="56.684128" lon="10.155197"><ele>41.9</ele></trkpt>
      <trkpt lat="56.682437" lon="10.152805"><ele>42.7</ele></trkpt>
      <trkpt lat="56.681305" lon="10.151024"><ele>43.0</ele></trkpt>
      <trkpt lat="56.681010" lon="10.150788"><ele>43.0</ele></trkpt>
      <trkpt lat="56.679534" lon="10.150608"><ele>42.5</ele></trkpt>
      <trkpt lat="56.679403" lon="10.150546"><ele>42.4</ele></trkpt>
      <trkpt lat="56.679271" lon="10.150398"><ele>42.3</ele></trkpt>
      <trkpt lat="56.679147" lon="10.150144"><ele>42.1</ele></trkpt>
      <trkpt lat="56.678922" lon="10.149693"><ele>41.8</ele></trkpt>
      <trkpt lat="56.678038" lon="10.147978"><ele>41.1</ele></trkpt>
      <trkpt lat="56.677808" lon="10.147580"><ele>41.1</ele></trkpt>
      <trkpt lat="56.677380" lon="10.147001"><ele>41.1</ele></trkpt>
      <trkpt lat="56.675891" lon="10.145265"><ele>43.6</ele></trkpt>
      <trkpt lat="56.675806" lon="10.145032"><ele>43.8</ele></trkpt>
      <trkpt lat="56.674625" lon="10.145553"><ele>46.9</ele></trkpt>
      <trkpt lat="56.673236" lon="10.146199"><ele>49.9</ele></trkpt>
      <trkpt lat="56.672743" lon="10.146474"><ele>50.4</ele></trkpt>
      <trkpt lat="56.671945" lon="10.147063"><ele>51.1</ele></trkpt>
      <trkpt lat="56.670791" lon="10.148084"><ele>50.7</ele></trkpt>
      <trkpt lat="56.670007" lon="10.148836"><ele>50.6</ele></trkpt>
      <trkpt lat="56.667746" lon="10.150961"><ele>51.0</ele></trkpt>
      <trkpt lat="56.667000" lon="10.151662"><ele>50.7</ele></trkpt>
      <trkpt lat="56.666442" lon="10.152186"><ele>49.8</ele></trkpt>
      <trkpt lat="56.664376" lon="10.154120"><ele>46.2</ele></trkpt>
      <trkpt lat="56.663186" lon="10.155232"><ele>44.1</ele></trkpt>
      <trkpt lat="56.661499" lon="10.156831"><ele>41.5</ele></trkpt>
      <trkpt lat="56.661259" lon="10.157056"><ele>41.1</ele></trkpt>
      <trkpt lat="56.660077" lon="10.158167"><ele>38.8</ele></trkpt>
      <trkpt lat="56.659652" lon="10.158503"><ele>37.8</ele></trkpt>
      <trkpt lat="56.659558" lon="10.158700"><ele>37.5</ele></trkpt>
      <trkpt lat="56.659260" lon="10.158918"><ele>36.8</ele></trkpt>
      <trkpt lat="56.659129" lon="10.158896"><ele>36.5</ele></trkpt>
      <trkpt lat="56.659138" lon="10.159149"><ele>36.0</ele></trkpt>
      <trkpt lat="56.659116" lon="10.159306"><ele>35.8</ele></trkpt>
      <trkpt lat="56.658270" lon="10.160621"><ele>32.4</ele></trkpt>
      <trkpt lat="56.657424" lon="10.161935"><ele>28.2</ele></trkpt>
      <trkpt lat="56.657243" lon="10.162417"><ele>26.9</ele></trkpt>
      <trkpt lat="56.656729" lon="10.164185"><ele>22.2</ele></trkpt>
      <trkpt lat="56.656379" lon="10.165001"><ele>19.4</ele></trkpt>
      <trkpt lat="56.655717" lon="10.166359"><ele>14.9</ele></trkpt>
      <trkpt lat="56.655588" lon="10.166552"><ele>14.6</ele></trkpt>
      <trkpt lat="56.655406" lon="10.166743"><ele>14.1</ele></trkpt>
      <trkpt lat="56.654625" lon="10.167216"><ele>12.4</ele></trkpt>
      <trkpt lat="56.652850" lon="10.168315"><ele>11.0</ele></trkpt>
      <trkpt lat="56.651662" lon="10.169070"><ele>11.3</ele></trkpt>
      <trkpt lat="56.651507" lon="10.171323"><ele>12.1</ele></trkpt>
      <trkpt lat="56.651134" lon="10.176108"><ele>14.8</ele></trkpt>
      <trkpt lat="56.651083" lon="10.177217"><ele>15.4</ele></trkpt>
      <trkpt lat="56.651455" lon="10.178177"><ele>15.4</ele></trkpt>
      <trkpt lat="56.651606" lon="10.178661"><ele>15.4</ele></trkpt>
      <trkpt lat="56.652013" lon="10.180489"><ele>15.5</ele></trkpt>
      <trkpt lat="56.652222" lon="10.181505"><ele>15.8</ele></trkpt>
      <trkpt lat="56.652247" lon="10.181626"><ele>15.8</ele></trkpt>
      <trkpt lat="56.652319" lon="10.182039"><ele>15.9</ele></trkpt>
      <trkpt lat="56.652408" lon="10.183034"><ele>16.1</ele></trkpt>
      <trkpt lat="56.652414" lon="10.183124"><ele>16.1</ele></trkpt>
      <trkpt lat="56.652492" lon="10.183713"><ele>16.5</ele></trkpt>
      <trkpt lat="56.652505" lon="10.183810"><ele>16.5</ele></trkpt>
      <trkpt lat="56.652552" lon="10.184073"><ele>16.7</ele></trkpt>
      <trkpt lat="56.652597" lon="10.184306"><ele>16.8</ele></trkpt>
      <trkpt lat="56.652623" lon="10.184424"><ele>16.9</ele></trkpt>
      <trkpt lat="56.652698" lon="10.184774"><ele>17.1</ele></trkpt>
      <trkpt lat="56.652749" lon="10.185011"><ele>17.3</ele></trkpt>
      <trkpt lat="56.653056" lon="10.186434"><ele>18.3</ele></trkpt>
      <trkpt lat="56.653127" lon="10.186763"><ele>18.6</ele></trkpt>
      <trkpt lat="56.653313" lon="10.187628"><ele>19.5</ele></trkpt>
      <trkpt lat="56.653412" lon="10.188086"><ele>19.9</ele></trkpt>
      <trkpt lat="56.653494" lon="10.188647"><ele>20.5</ele></trkpt>
      <trkpt lat="56.653524" lon="10.189016"><ele>20.8</ele></trkpt>
      <trkpt lat="56.653549" lon="10.189610"><ele>21.2</ele></trkpt>
      <trkpt lat="56.653551" lon="10.189657"><ele>21.3</ele></trkpt>
      <trkpt lat="56.653556" lon="10.190104"><ele>21.3</ele></trkpt>
      <trkpt lat="56.653561" lon="10.190552"><ele>21.4</ele></trkpt>
      <trkpt lat="56.653557" lon="10.190712"><ele>21.4</ele></trkpt>
      <trkpt lat="56.653517" lon="10.191719"><ele>21.6</ele></trkpt>
      <trkpt lat="56.653509" lon="10.191881"><ele>21.7</ele></trkpt>
      <trkpt lat="56.653498" lon="10.192125"><ele>21.7</ele></trkpt>
      <trkpt lat="56.653467" lon="10.192789"><ele>21.7</ele></trkpt>
      <trkpt lat="56.653433" lon="10.193442"><ele>21.3</ele></trkpt>
      <trkpt lat="56.653414" lon="10.193811"><ele>21.1</ele></trkpt>
      <trkpt lat="56.653408" lon="10.193944"><ele>21.0</ele></trkpt>
      <trkpt lat="56.653374" lon="10.194736"><ele>20.5</ele></trkpt>
      <trkpt lat="56.653494" lon="10.194826"><ele>20.4</ele></trkpt>
      <trkpt lat="56.653744" lon="10.195183"><ele>20.0</ele></trkpt>
      <trkpt lat="56.654558" lon="10.196345"><ele>19.4</ele></trkpt>
      <trkpt lat="56.655285" lon="10.197311"><ele>19.1</ele></trkpt>
      <trkpt lat="56.655332" lon="10.197374"><ele>19.1</ele></trkpt>
      <trkpt lat="56.655679" lon="10.197836"><ele>19.0</ele></trkpt>
      <trkpt lat="56.656018" lon="10.198252"><ele>19.0</ele></trkpt>
      <trkpt lat="56.656625" lon="10.199010"><ele>18.9</ele></trkpt>
      <trkpt lat="56.656768" lon="10.199266"><ele>18.9</ele></trkpt>
      <trkpt lat="56.656956" lon="10.199705"><ele>18.6</ele></trkpt>
      <trkpt lat="56.657098" lon="10.200293"><ele>18.3</ele></trkpt>
      <trkpt lat="56.657207" lon="10.200817"><ele>18.0</ele></trkpt>
      <trkpt lat="56.657343" lon="10.201277"><ele>17.7</ele></trkpt>
      <trkpt lat="56.657769" lon="10.202405"><ele>16.9</ele></trkpt>
      <trkpt lat="56.657924" lon="10.202677"><ele>16.6</ele></trkpt>
      <trkpt lat="56.658182" lon="10.202999"><ele>16.1</ele></trkpt>
      <trkpt lat="56.658857" lon="10.203624"><ele>15.1</ele></trkpt>
      <trkpt lat="56.659752" lon="10.204918"><ele>15.4</ele></trkpt>
      <trkpt lat="56.660745" lon="10.206835"><ele>16.8</ele></trkpt>
      <trkpt lat="56.660813" lon="10.206959"><ele>17.0</ele></trkpt>
      <trkpt lat="56.660999" lon="10.207201"><ele>17.3</ele></trkpt>
      <trkpt lat="56.661378" lon="10.207577"><ele>17.8</ele></trkpt>
      <trkpt lat="56.661579" lon="10.207864"><ele>18.2</ele></trkpt>
      <trkpt lat="56.662341" lon="10.209292"><ele>18.4</ele></trkpt>
      <trkpt lat="56.663991" lon="10.212128"><ele>17.2</ele></trkpt>
      <trkpt lat="56.664954" lon="10.213824"><ele>16.4</ele></trkpt>
      <trkpt lat="56.665214" lon="10.214214"><ele>16.3</ele></trkpt>
      <trkpt lat="56.665450" lon="10.214491"><ele>16.2</ele></trkpt>
      <trkpt lat="56.665911" lon="10.215032"><ele>16.3</ele></trkpt>
      <trkpt lat="56.666039" lon="10.215301"><ele>16.8</ele></trkpt>
      <trkpt lat="56.666125" lon="10.215522"><ele>17.1</ele></trkpt>
      <trkpt lat="56.666277" lon="10.215711"><ele>17.5</ele></trkpt>
      <trkpt lat="56.666354" lon="10.215789"><ele>17.7</ele></trkpt>
      <trkpt lat="56.667059" lon="10.216502"><ele>19.5</ele></trkpt>
      <trkpt lat="56.667197" lon="10.216703"><ele>19.9</ele></trkpt>
      <trkpt lat="56.667371" lon="10.217118"><ele>20.4</ele></trkpt>
      <trkpt lat="56.667486" lon="10.217063"><ele>20.6</ele></trkpt>
      <trkpt lat="56.667549" lon="10.217085"><ele>20.7</ele></trkpt>
      <trkpt lat="56.668236" lon="10.217791"><ele>21.8</ele></trkpt>
      <trkpt lat="56.668451" lon="10.217963"><ele>22.1</ele></trkpt>
      <trkpt lat="56.669975" lon="10.218889"><ele>21.4</ele></trkpt>
      <trkpt lat="56.672135" lon="10.220202"><ele>18.2</ele></trkpt>
      <trkpt lat="56.675058" lon="10.221979"><ele>22.3</ele></trkpt>
      <trkpt lat="56.676014" lon="10.222561"><ele>23.4</ele></trkpt>
      <trkpt lat="56.676582" lon="10.222911"><ele>23.6</ele></trkpt>
      <trkpt lat="56.676713" lon="10.223045"><ele>23.7</ele></trkpt>
      <trkpt lat="56.676990" lon="10.223414"><ele>23.8</ele></trkpt>
      <trkpt lat="56.677127" lon="10.223540"><ele>23.9</ele></trkpt>
      <trkpt lat="56.678611" lon="10.224194"><ele>21.3</ele></trkpt>
      <trkpt lat="56.678944" lon="10.224267"><ele>20.7</ele></trkpt>
      <trkpt lat="56.679306" lon="10.224252"><ele>19.8</ele></trkpt>
      <trkpt lat="56.679879" lon="10.224135"><ele>18.2</ele></trkpt>
      <trkpt lat="56.680022" lon="10.224219"><ele>17.8</ele></trkpt>
      <trkpt lat="56.680315" lon="10.224215"><ele>17.0</ele></trkpt>
      <trkpt lat="56.680461" lon="10.224205"><ele>16.6</ele></trkpt>
      <trkpt lat="56.680819" lon="10.224048"><ele>15.6</ele></trkpt>
      <trkpt lat="56.681214" lon="10.223627"><ele>14.2</ele></trkpt>
      <trkpt lat="56.682071" lon="10.222346"><ele>10.7</ele></trkpt>
      <trkpt lat="56.682195" lon="10.222292"><ele>10.3</ele></trkpt>
      <trkpt lat="56.682407" lon="10.222629"><ele>9.8</ele></trkpt>
      <trkpt lat="56.682466" lon="10.222870"><ele>9.7</ele></trkpt>
      <trkpt lat="56.682555" lon="10.223078"><ele>9.6</ele></trkpt>
      <trkpt lat="56.682714" lon="10.223386"><ele>9.4</ele></trkpt>
      <trkpt lat="56.683046" lon="10.223895"><ele>9.1</ele></trkpt>
      <trkpt lat="56.683252" lon="10.224545"><ele>8.8</ele></trkpt>
      <trkpt lat="56.683575" lon="10.228133"><ele>10.2</ele></trkpt>
      <trkpt lat="56.683844" lon="10.229089"><ele>10.3</ele></trkpt>
      <trkpt lat="56.684088" lon="10.230528"><ele>10.3</ele></trkpt>
      <trkpt lat="56.684109" lon="10.231966"><ele>10.2</ele></trkpt>
      <trkpt lat="56.684176" lon="10.232647"><ele>10.1</ele></trkpt>
      <trkpt lat="56.684470" lon="10.233871"><ele>9.8</ele></trkpt>
      <trkpt lat="56.685497" lon="10.235916"><ele>8.3</ele></trkpt>
      <trkpt lat="56.685842" lon="10.236583"><ele>7.7</ele></trkpt>
      <trkpt lat="56.685905" lon="10.236785"><ele>7.6</ele></trkpt>
      <trkpt lat="56.687086" lon="10.241356"><ele>6.0</ele></trkpt>
      <trkpt lat="56.688287" lon="10.246007"><ele>6.1</ele></trkpt>
      <trkpt lat="56.690098" lon="10.248341"><ele>5.5</ele></trkpt>
      <trkpt lat="56.691468" lon="10.250525"><ele>5.8</ele></trkpt>
      <trkpt lat="56.691638" lon="10.251030"><ele>6.0</ele></trkpt>
      <trkpt lat="56.691749" lon="10.251653"><ele>6.2</ele></trkpt>
      <trkpt lat="56.691816" lon="10.253271"><ele>6.5</ele></trkpt>
      <trkpt lat="56.691860" lon="10.254338"><ele>6.5</ele></trkpt>
      <trkpt lat="56.691928" lon="10.254798"><ele>6.5</ele></trkpt>
      <trkpt lat="56.692100" lon="10.255310"><ele>6.5</ele></trkpt>
      <trkpt lat="56.693236" lon="10.257770"><ele>5.3</ele></trkpt>
      <trkpt lat="56.693303" lon="10.258068"><ele>5.2</ele></trkpt>
      <trkpt lat="56.693488" lon="10.259502"><ele>4.9</ele></trkpt>
      <trkpt lat="56.693627" lon="10.259824"><ele>4.8</ele></trkpt>
      <trkpt lat="56.694305" lon="10.260941"><ele>4.6</ele></trkpt>
      <trkpt lat="56.694690" lon="10.261786"><ele>4.8</ele></trkpt>
      <trkpt lat="56.694732" lon="10.262092"><ele>4.9</ele></trkpt>
      <trkpt lat="56.694688" lon="10.262421"><ele>5.0</ele></trkpt>
      <trkpt lat="56.694242" lon="10.263285"><ele>5.2</ele></trkpt>
      <trkpt lat="56.693037" lon="10.264869"><ele>6.0</ele></trkpt>
      <trkpt lat="56.692003" lon="10.265894"><ele>6.7</ele></trkpt>
      <trkpt lat="56.691600" lon="10.266234"><ele>6.9</ele></trkpt>
      <trkpt lat="56.691260" lon="10.266521"><ele>7.2</ele></trkpt>
      <trkpt lat="56.690591" lon="10.266891"><ele>7.1</ele></trkpt>
      <trkpt lat="56.690340" lon="10.267005"><ele>7.1</ele></trkpt>
      <trkpt lat="56.688936" lon="10.267657"><ele>6.5</ele></trkpt>
      <trkpt lat="56.688264" lon="10.267657"><ele>6.0</ele></trkpt>
      <trkpt lat="56.687983" lon="10.267573"><ele>5.8</ele></trkpt>
      <trkpt lat="56.687775" lon="10.267421"><ele>5.6</ele></trkpt>
      <trkpt lat="56.687141" lon="10.266802"><ele>5.0</ele></trkpt>
      <trkpt lat="56.687070" lon="10.267139"><ele>4.9</ele></trkpt>
      <trkpt lat="56.686846" lon="10.267802"><ele>4.5</ele></trkpt>
      <trkpt lat="56.686766" lon="10.267794"><ele>4.5</ele></trkpt>
      <trkpt lat="56.685658" lon="10.266513"><ele>3.6</ele></trkpt>
      <trkpt lat="56.684382" lon="10.271718"><ele>1.8</ele></trkpt>
      <trkpt lat="56.683978" lon="10.273374"><ele>1.5</ele></trkpt>
      <trkpt lat="56.681108" lon="10.285290"><ele>1.6</ele></trkpt>
      <trkpt lat="56.679920" lon="10.290188"><ele>0.7</ele></trkpt>
      <trkpt lat="56.679893" lon="10.290406"><ele>0.7</ele></trkpt>
      <trkpt lat="56.679923" lon="10.290674"><ele>0.6</ele></trkpt>
      <trkpt lat="56.679804" lon="10.290714"><ele>0.6</ele></trkpt>
      <trkpt lat="56.677533" lon="10.289288"><ele>0.4</ele></trkpt>
      <trkpt lat="56.677177" lon="10.289198"><ele>0.3</ele></trkpt>
      <trkpt lat="56.675877" lon="10.288310"><ele>0.1</ele></trkpt>
      <trkpt lat="56.675683" lon="10.288080"><ele>0.0</ele></trkpt>
      <trkpt lat="56.675397" lon="10.287553"><ele>-0.0</ele></trkpt>
      <trkpt lat="56.674851" lon="10.286809"><ele>-0.1</ele></trkpt>
      <trkpt lat="56.674729" lon="10.286551"><ele>-0.1</ele></trkpt>
      <trkpt lat="56.674660" lon="10.286334"><ele>-0.1</ele></trkpt>
      <trkpt lat="56.674619" lon="10.286077"><ele>-0.2</ele></trkpt>
      <trkpt lat="56.674259" lon="10.284567"><ele>-0.2</ele></trkpt>
      <trkpt lat="56.674121" lon="10.284346"><ele>-0.2</ele></trkpt>
      <trkpt lat="56.673759" lon="10.284239"><ele>-0.1</ele></trkpt>
      <trkpt lat="56.673445" lon="10.284238"><ele>-0.1</ele></trkpt>
      <trkpt lat="56.673347" lon="10.284156"><ele>-0.1</ele></trkpt>
      <trkpt lat="56.673281" lon="10.283939"><ele>-0.1</ele></trkpt>
      <trkpt lat="56.673297" lon="10.283679"><ele>-0.1</ele></trkpt>
      <trkpt lat="56.671173" lon="10.283659"><ele>-0.2</ele></trkpt>
      <trkpt lat="56.671014" lon="10.283471"><ele>-0.2</ele></trkpt>
      <trkpt lat="56.670496" lon="10.281321"><ele>-0.2</ele></trkpt>
      <trkpt lat="56.670358" lon="10.281374"><ele>-0.2</ele></trkpt>
      <trkpt lat="56.670153" lon="10.281299"><ele>-0.2</ele></trkpt>
      <trkpt lat="56.667095" lon="10.281144"><ele>0.3</ele></trkpt>
      <trkpt lat="56.664813" lon="10.281085"><ele>0.4</ele></trkpt>
      <trkpt lat="56.664822" lon="10.281186"><ele>0.4</ele></trkpt>
      <trkpt lat="56.661391" lon="10.284600"><ele>1.3</ele></trkpt>
      <trkpt lat="56.660537" lon="10.285467"><ele>1.5</ele></trkpt>
      <trkpt lat="56.660416" lon="10.285531"><ele>1.5</ele></trkpt>
      <trkpt lat="56.659437" lon="10.285644"><ele>1.5</ele></trkpt>
      <trkpt lat="56.659318" lon="10.285557"><ele>1.4</ele></trkpt>
      <trkpt lat="56.658590" lon="10.286633"><ele>1.2</ele></trkpt>
      <trkpt lat="56.658332" lon="10.286937"><ele>1.1</ele></trkpt>
      <trkpt lat="56.658356" lon="10.289426"><ele>0.4</ele></trkpt>
      <trkpt lat="56.658297" lon="10.290123"><ele>0.3</ele></trkpt>
      <trkpt lat="56.658284" lon="10.293541"><ele>-0.1</ele></trkpt>
      <trkpt lat="56.658872" lon="10.295215"><ele>-0.2</ele></trkpt>
      <trkpt lat="56.659416" lon="10.297261"><ele>-0.3</ele></trkpt>
      <trkpt lat="56.659353" lon="10.298602"><ele>-0.4</ele></trkpt>
      <trkpt lat="56.659340" lon="10.298885"><ele>-0.4</ele></trkpt>
      <trkpt lat="56.659370" lon="10.299027"><ele>-0.4</ele></trkpt>
      <trkpt lat="56.659407" lon="10.299182"><ele>-0.4</ele></trkpt>
      <trkpt lat="56.659440" lon="10.299367"><ele>-0.4</ele></trkpt>
      <trkpt lat="56.659420" lon="10.299450"><ele>-0.4</ele></trkpt>
      <trkpt lat="56.659343" lon="10.299520"><ele>-0.4</ele></trkpt>
      <trkpt lat="56.659150" lon="10.299537"><ele>-0.4</ele></trkpt>
      <trkpt lat="56.659048" lon="10.299637"><ele>-0.4</ele></trkpt>
      <trkpt lat="56.658986" lon="10.299910"><ele>-0.4</ele></trkpt>
      <trkpt lat="56.659265" lon="10.307305"><ele>-0.4</ele></trkpt>
      <trkpt lat="56.659199" lon="10.307436"><ele>-0.4</ele></trkpt>
      <trkpt lat="56.659120" lon="10.307492"><ele>-0.4</ele></trkpt>
      <trkpt lat="56.651448" lon="10.306699"><ele>-0.3</ele></trkpt>
      <trkpt lat="56.651162" lon="10.306700"><ele>-0.2</ele></trkpt>
      <trkpt lat="56.651136" lon="10.306341"><ele>-0.2</ele></trkpt>
      <trkpt lat="56.651106" lon="10.304602"><ele>-0.1</ele></trkpt>
      <trkpt lat="56.651084" lon="10.304496"><ele>-0.1</ele></trkpt>
      <trkpt lat="56.651030" lon="10.304417"><ele>-0.1</ele></trkpt>
      <trkpt lat="56.650948" lon="10.304425"><ele>-0.0</ele></trkpt>
      <trkpt lat="56.650859" lon="10.304477"><ele>-0.0</ele></trkpt>
      <trkpt lat="56.647996" lon="10.307353"><ele>0.8</ele></trkpt>
      <trkpt lat="56.647951" lon="10.307560"><ele>0.8</ele></trkpt>
      <trkpt lat="56.647951" lon="10.307846"><ele>0.9</ele></trkpt>
      <trkpt lat="56.647909" lon="10.308150"><ele>0.9</ele></trkpt>
      <trkpt lat="56.644250" lon="10.316322"><ele>2.5</ele></trkpt>
      <trkpt lat="56.644124" lon="10.316418"><ele>2.6</ele></trkpt>
      <trkpt lat="56.643944" lon="10.316405"><ele>2.6</ele></trkpt>
      <trkpt lat="56.643829" lon="10.316567"><ele>2.6</ele></trkpt>
      <trkpt lat="56.642628" lon="10.316278"><ele>2.7</ele></trkpt>
      <trkpt lat="56.640512" lon="10.315465"><ele>2.5</ele></trkpt>
      <trkpt lat="56.640063" lon="10.315340"><ele>2.5</ele></trkpt>
      <trkpt lat="56.638260" lon="10.315088"><ele>2.2</ele></trkpt>
      <trkpt lat="56.637239" lon="10.314934"><ele>2.5</ele></trkpt>
      <trkpt lat="56.636737" lon="10.314844"><ele>2.7</ele></trkpt>
      <trkpt lat="56.636509" lon="10.314736"><ele>2.8</ele></trkpt>
      <trkpt lat="56.635739" lon="10.314134"><ele>3.6</ele></trkpt>
      <trkpt lat="56.635205" lon="10.313717"><ele>4.2</ele></trkpt>
      <trkpt lat="56.634721" lon="10.313229"><ele>4.8</ele></trkpt>
      <trkpt lat="56.633303" lon="10.311287"><ele>5.3</ele></trkpt>
      <trkpt lat="56.633153" lon="10.311098"><ele>5.3</ele></trkpt>
      <trkpt lat="56.632771" lon="10.310769"><ele>5.3</ele></trkpt>
      <trkpt lat="56.632475" lon="10.310563"><ele>5.3</ele></trkpt>
      <trkpt lat="56.632095" lon="10.310441"><ele>5.3</ele></trkpt>
      <trkpt lat="56.631580" lon="10.310393"><ele>5.3</ele></trkpt>
      <trkpt lat="56.631273" lon="10.310408"><ele>5.4</ele></trkpt>
      <trkpt lat="56.630779" lon="10.310563"><ele>5.7</ele></trkpt>
      <trkpt lat="56.630441" lon="10.310739"><ele>5.9</ele></trkpt>
      <trkpt lat="56.630063" lon="10.311095"><ele>6.2</ele></trkpt>
      <trkpt lat="56.629329" lon="10.311695"><ele>6.0</ele></trkpt>
      <trkpt lat="56.628945" lon="10.312026"><ele>5.8</ele></trkpt>
      <trkpt lat="56.628393" lon="10.310999"><ele>5.6</ele></trkpt>
      <trkpt lat="56.628123" lon="10.310482"><ele>5.4</ele></trkpt>
      <trkpt lat="56.627789" lon="10.309841"><ele>5.2</ele></trkpt>
      <trkpt lat="56.627629" lon="10.309535"><ele>5.1</ele></trkpt>
      <trkpt lat="56.626921" lon="10.308178"><ele>4.5</ele></trkpt>
      <trkpt lat="56.626844" lon="10.308030"><ele>4.4</ele></trkpt>
      <trkpt lat="56.625541" lon="10.305529"><ele>3.2</ele></trkpt>
      <trkpt lat="56.624991" lon="10.304522"><ele>2.8</ele></trkpt>
      <trkpt lat="56.624860" lon="10.304338"><ele>2.7</ele></trkpt>
      <trkpt lat="56.624693" lon="10.304187"><ele>2.6</ele></trkpt>
      <trkpt lat="56.623975" lon="10.303819"><ele>2.3</ele></trkpt>
      <trkpt lat="56.623819" lon="10.303721"><ele>2.3</ele></trkpt>
      <trkpt lat="56.623729" lon="10.303570"><ele>2.2</ele></trkpt>
      <trkpt lat="56.623664" lon="10.303376"><ele>2.2</ele></trkpt>
      <trkpt lat="56.623615" lon="10.302368"><ele>2.0</ele></trkpt>
      <trkpt lat="56.623043" lon="10.296893"><ele>1.4</ele></trkpt>
      <trkpt lat="56.622956" lon="10.296062"><ele>1.3</ele></trkpt>
      <trkpt lat="56.622580" lon="10.296117"><ele>1.3</ele></trkpt>
      <trkpt lat="56.620619" lon="10.296139"><ele>1.2</ele></trkpt>
      <trkpt lat="56.620454" lon="10.296154"><ele>1.2</ele></trkpt>
      <trkpt lat="56.619855" lon="10.296208"><ele>1.3</ele></trkpt>
      <trkpt lat="56.618980" lon="10.296344"><ele>1.5</ele></trkpt>
      <trkpt lat="56.617863" lon="10.296363"><ele>1.8</ele></trkpt>
      <trkpt lat="56.617834" lon="10.296363"><ele>1.8</ele></trkpt>
      <trkpt lat="56.617456" lon="10.296365"><ele>1.9</ele></trkpt>
      <trkpt lat="56.617353" lon="10.296366"><ele>2.0</ele></trkpt>
      <trkpt lat="56.617177" lon="10.296382"><ele>1.9</ele></trkpt>
      <trkpt lat="56.617019" lon="10.296396"><ele>1.9</ele></trkpt>
      <trkpt lat="56.616759" lon="10.296420"><ele>1.9</ele></trkpt>
      <trkpt lat="56.616735" lon="10.296423"><ele>1.9</ele></trkpt>
      <trkpt lat="56.616548" lon="10.296449"><ele>1.9</ele></trkpt>
      <trkpt lat="56.616472" lon="10.296459"><ele>1.9</ele></trkpt>
      <trkpt lat="56.616305" lon="10.296482"><ele>1.9</ele></trkpt>
      <trkpt lat="56.616262" lon="10.296488"><ele>1.9</ele></trkpt>
      <trkpt lat="56.616122" lon="10.296508"><ele>1.9</ele></trkpt>
      <trkpt lat="56.614938" lon="10.296670"><ele>1.6</ele></trkpt>
      <trkpt lat="56.614920" lon="10.296671"><ele>1.6</ele></trkpt>
      <trkpt lat="56.614728" lon="10.296705"><ele>1.5</ele></trkpt>
      <trkpt lat="56.614556" lon="10.296752"><ele>1.5</ele></trkpt>
      <trkpt lat="56.614365" lon="10.296802"><ele>1.4</ele></trkpt>
      <trkpt lat="56.613546" lon="10.296931"><ele>1.2</ele></trkpt>
      <trkpt lat="56.613330" lon="10.296947"><ele>1.1</ele></trkpt>
      <trkpt lat="56.613271" lon="10.296958"><ele>1.1</ele></trkpt>
      <trkpt lat="56.612797" lon="10.297030"><ele>1.1</ele></trkpt>
      <trkpt lat="56.612358" lon="10.297135"><ele>1.0</ele></trkpt>
      <trkpt lat="56.611957" lon="10.297259"><ele>1.0</ele></trkpt>
      <trkpt lat="56.611830" lon="10.297303"><ele>1.0</ele></trkpt>
      <trkpt lat="56.611352" lon="10.297469"><ele>0.9</ele></trkpt>
      <trkpt lat="56.611219" lon="10.297515"><ele>0.9</ele></trkpt>
      <trkpt lat="56.610606" lon="10.297739"><ele>0.8</ele></trkpt>
      <trkpt lat="56.610465" lon="10.297825"><ele>0.8</ele></trkpt>
      <trkpt lat="56.610300" lon="10.297975"><ele>0.7</ele></trkpt>
      <trkpt lat="56.610186" lon="10.298145"><ele>0.7</ele></trkpt>
      <trkpt lat="56.610082" lon="10.298371"><ele>0.6</ele></trkpt>
      <trkpt lat="56.609901" lon="10.299056"><ele>0.5</ele></trkpt>
      <trkpt lat="56.609827" lon="10.299208"><ele>0.4</ele></trkpt>
      <trkpt lat="56.609701" lon="10.299353"><ele>0.4</ele></trkpt>
      <trkpt lat="56.609556" lon="10.300000"><ele>0.2</ele></trkpt>
      <trkpt lat="56.609519" lon="10.300157"><ele>0.2</ele></trkpt>
      <trkpt lat="56.609456" lon="10.300211"><ele>0.1</ele></trkpt>
      <trkpt lat="56.609385" lon="10.300271"><ele>0.1</ele></trkpt>
      <trkpt lat="56.607116" lon="10.302319"><ele>0.3</ele></trkpt>
      <trkpt lat="56.607002" lon="10.302406"><ele>0.4</ele></trkpt>
      <trkpt lat="56.606961" lon="10.302397"><ele>0.4</ele></trkpt>
      <trkpt lat="56.606793" lon="10.302392"><ele>0.5</ele></trkpt>
      <trkpt lat="56.606457" lon="10.302268"><ele>0.7</ele></trkpt>
      <trkpt lat="56.606251" lon="10.302352"><ele>0.9</ele></trkpt>
      <trkpt lat="56.606045" lon="10.302579"><ele>1.0</ele></trkpt>
      <trkpt lat="56.606004" lon="10.302626"><ele>1.0</ele></trkpt>
      <trkpt lat="56.605905" lon="10.302737"><ele>1.1</ele></trkpt>
      <trkpt lat="56.605871" lon="10.302776"><ele>1.2</ele></trkpt>
      <trkpt lat="56.605564" lon="10.303120"><ele>1.8</ele></trkpt>
      <trkpt lat="56.604749" lon="10.304016"><ele>3.5</ele></trkpt>
      <trkpt lat="56.604506" lon="10.304341"><ele>4.0</ele></trkpt>
      <trkpt lat="56.604380" lon="10.304531"><ele>4.3</ele></trkpt>
      <trkpt lat="56.603996" lon="10.305170"><ele>4.9</ele></trkpt>
      <trkpt lat="56.603746" lon="10.305696"><ele>5.2</ele></trkpt>
      <trkpt lat="56.603384" lon="10.306458"><ele>5.8</ele></trkpt>
      <trkpt lat="56.603042" lon="10.307180"><ele>6.1</ele></trkpt>
      <trkpt lat="56.602782" lon="10.307599"><ele>6.0</ele></trkpt>
      <trkpt lat="56.602051" lon="10.308463"><ele>5.8</ele></trkpt>
      <trkpt lat="56.601839" lon="10.308716"><ele>5.8</ele></trkpt>
      <trkpt lat="56.600445" lon="10.310373"><ele>5.2</ele></trkpt>
      <trkpt lat="56.599828" lon="10.311080"><ele>5.0</ele></trkpt>
      <trkpt lat="56.599047" lon="10.311967"><ele>4.9</ele></trkpt>
      <trkpt lat="56.598795" lon="10.312098"><ele>4.9</ele></trkpt>
      <trkpt lat="56.598692" lon="10.312399"><ele>4.8</ele></trkpt>
      <trkpt lat="56.598661" lon="10.312495"><ele>4.8</ele></trkpt>
      <trkpt lat="56.598490" lon="10.313021"><ele>4.7</ele></trkpt>
      <trkpt lat="56.598269" lon="10.313493"><ele>4.6</ele></trkpt>
      <trkpt lat="56.597092" lon="10.314722"><ele>4.1</ele></trkpt>
      <trkpt lat="56.596885" lon="10.314908"><ele>4.0</ele></trkpt>
      <trkpt lat="56.596118" lon="10.315782"><ele>3.7</ele></trkpt>
      <trkpt lat="56.595503" lon="10.316498"><ele>3.7</ele></trkpt>
      <trkpt lat="56.594811" lon="10.317458"><ele>3.7</ele></trkpt>
      <trkpt lat="56.594581" lon="10.317768"><ele>3.7</ele></trkpt>
      <trkpt lat="56.593888" lon="10.318684"><ele>3.9</ele></trkpt>
      <trkpt lat="56.593628" lon="10.318838"><ele>4.0</ele></trkpt>
      <trkpt lat="56.593127" lon="10.319303"><ele>4.2</ele></trkpt>
      <trkpt lat="56.592779" lon="10.319729"><ele>4.4</ele></trkpt>
      <trkpt lat="56.592660" lon="10.319818"><ele>4.6</ele></trkpt>
      <trkpt lat="56.592419" lon="10.319924"><ele>4.9</ele></trkpt>
      <trkpt lat="56.592012" lon="10.319966"><ele>5.4</ele></trkpt>
      <trkpt lat="56.591656" lon="10.320215"><ele>5.9</ele></trkpt>
      <trkpt lat="56.591118" lon="10.320561"><ele>6.6</ele></trkpt>
      <trkpt lat="56.590407" lon="10.321091"><ele>6.7</ele></trkpt>
      <trkpt lat="56.590196" lon="10.321249"><ele>6.7</ele></trkpt>
      <trkpt lat="56.589892" lon="10.321476"><ele>6.7</ele></trkpt>
      <trkpt lat="56.588860" lon="10.322091"><ele>6.3</ele></trkpt>
      <trkpt lat="56.588391" lon="10.322274"><ele>5.9</ele></trkpt>
      <trkpt lat="56.587275" lon="10.323069"><ele>5.9</ele></trkpt>
      <trkpt lat="56.586528" lon="10.323385"><ele>6.7</ele></trkpt>
      <trkpt lat="56.586026" lon="10.323779"><ele>7.2</ele></trkpt>
      <trkpt lat="56.584727" lon="10.324653"><ele>8.4</ele></trkpt>
      <trkpt lat="56.584019" lon="10.325251"><ele>9.1</ele></trkpt>
      <trkpt lat="56.583836" lon="10.325368"><ele>9.3</ele></trkpt>
      <trkpt lat="56.583674" lon="10.325382"><ele>9.4</ele></trkpt>
      <trkpt lat="56.583585" lon="10.325310"><ele>9.5</ele></trkpt>
      <trkpt lat="56.582507" lon="10.326585"><ele>10.8</ele></trkpt>
      <trkpt lat="56.579823" lon="10.329293"><ele>13.5</ele></trkpt>
      <trkpt lat="56.577711" lon="10.331257"><ele>16.7</ele></trkpt>
      <trkpt lat="56.576386" lon="10.332677"><ele>16.5</ele></trkpt>
      <trkpt lat="56.575922" lon="10.333009"><ele>13.8</ele></trkpt>
      <trkpt lat="56.575765" lon="10.333235"><ele>12.7</ele></trkpt>
      <trkpt lat="56.575641" lon="10.333524"><ele>11.7</ele></trkpt>
      <trkpt lat="56.575883" lon="10.334181"><ele>9.4</ele></trkpt>
      <trkpt lat="56.576270" lon="10.335083"><ele>6.8</ele></trkpt>
      <trkpt lat="56.576256" lon="10.335295"><ele>6.5</ele></trkpt>
      <trkpt lat="56.574198" lon="10.337636"><ele>2.0</ele></trkpt>
      <trkpt lat="56.573775" lon="10.337952"><ele>1.7</ele></trkpt>
      <trkpt lat="56.572683" lon="10.338832"><ele>1.4</ele></trkpt>
      <trkpt lat="56.572124" lon="10.339351"><ele>1.4</ele></trkpt>
      <trkpt lat="56.571466" lon="10.340084"><ele>1.4</ele></trkpt>
      <trkpt lat="56.570847" lon="10.340573"><ele>1.4</ele></trkpt>
      <trkpt lat="56.568405" lon="10.342804"><ele>2.4</ele></trkpt>
      <trkpt lat="56.567694" lon="10.343473"><ele>3.3</ele></trkpt>
      <trkpt lat="56.567103" lon="10.344088"><ele>4.1</ele></trkpt>
      <trkpt lat="56.566936" lon="10.344079"><ele>5.0</ele></trkpt>
      <trkpt lat="56.566693" lon="10.343881"><ele>6.5</ele></trkpt>
      <trkpt lat="56.566419" lon="10.343738"><ele>8.1</ele></trkpt>
      <trkpt lat="56.566027" lon="10.343609"><ele>10.3</ele></trkpt>
      <trkpt lat="56.565797" lon="10.343463"><ele>11.7</ele></trkpt>
      <trkpt lat="56.565638" lon="10.343201"><ele>12.9</ele></trkpt>
      <trkpt lat="56.565438" lon="10.342642"><ele>14.6</ele></trkpt>
      <trkpt lat="56.565251" lon="10.341917"><ele>15.9</ele></trkpt>
      <trkpt lat="56.565156" lon="10.341413"><ele>16.8</ele></trkpt>
      <trkpt lat="56.564931" lon="10.340588"><ele>18.2</ele></trkpt>
      <trkpt lat="56.564851" lon="10.340409"><ele>18.6</ele></trkpt>
      <trkpt lat="56.564744" lon="10.340291"><ele>19.0</ele></trkpt>
      <trkpt lat="56.564593" lon="10.340257"><ele>19.4</ele></trkpt>
      <trkpt lat="56.564485" lon="10.340241"><ele>19.2</ele></trkpt>
      <trkpt lat="56.564114" lon="10.340010"><ele>17.9</ele></trkpt>
      <trkpt lat="56.564076" lon="10.340264"><ele>17.5</ele></trkpt>
      <trkpt lat="56.563998" lon="10.340783"><ele>16.6</ele></trkpt>
      <trkpt lat="56.563988" lon="10.340836"><ele>16.5</ele></trkpt>
      <trkpt lat="56.563964" lon="10.340960"><ele>16.2</ele></trkpt>
      <trkpt lat="56.563828" lon="10.341702"><ele>14.9</ele></trkpt>
      <trkpt lat="56.563778" lon="10.342035"><ele>14.3</ele></trkpt>
      <trkpt lat="56.563744" lon="10.342269"><ele>13.9</ele></trkpt>
      <trkpt lat="56.563737" lon="10.342315"><ele>13.8</ele></trkpt>
      <trkpt lat="56.563614" lon="10.342863"><ele>12.8</ele></trkpt>
      <trkpt lat="56.562886" lon="10.345092"><ele>8.4</ele></trkpt>
      <trkpt lat="56.562583" lon="10.345804"><ele>7.5</ele></trkpt>
      <trkpt lat="56.561218" lon="10.348775"><ele>4.3</ele></trkpt>
      <trkpt lat="56.560342" lon="10.350380"><ele>3.5</ele></trkpt>
      <trkpt lat="56.560013" lon="10.351045"><ele>3.7</ele></trkpt>
      <trkpt lat="56.559948" lon="10.351112"><ele>3.8</ele></trkpt>
      <trkpt lat="56.559886" lon="10.351185"><ele>3.8</ele></trkpt>
      <trkpt lat="56.554833" lon="10.356623"><ele>6.8</ele></trkpt>
      <trkpt lat="56.554670" lon="10.356894"><ele>6.9</ele></trkpt>
      <trkpt lat="56.553342" lon="10.360770"><ele>6.9</ele></trkpt>
      <trkpt lat="56.553195" lon="10.361198"><ele>7.1</ele></trkpt>
      <trkpt lat="56.553109" lon="10.361360"><ele>7.1</ele></trkpt>
      <trkpt lat="56.552997" lon="10.361494"><ele>7.2</ele></trkpt>
      <trkpt lat="56.552890" lon="10.361530"><ele>7.3</ele></trkpt>
      <trkpt lat="56.552635" lon="10.361508"><ele>7.4</ele></trkpt>
      <trkpt lat="56.552322" lon="10.361332"><ele>7.6</ele></trkpt>
      <trkpt lat="56.552012" lon="10.361168"><ele>8.5</ele></trkpt>
      <trkpt lat="56.551792" lon="10.361147"><ele>9.3</ele></trkpt>
      <trkpt lat="56.551666" lon="10.361216"><ele>9.7</ele></trkpt>
      <trkpt lat="56.551158" lon="10.359170"><ele>13.9</ele></trkpt>
      <trkpt lat="56.551049" lon="10.358908"><ele>14.2</ele></trkpt>
      <trkpt lat="56.550774" lon="10.358455"><ele>14.7</ele></trkpt>
      <trkpt lat="56.550639" lon="10.358167"><ele>15.0</ele></trkpt>
      <trkpt lat="56.550461" lon="10.357685"><ele>15.5</ele></trkpt>
      <trkpt lat="56.550352" lon="10.357216"><ele>15.9</ele></trkpt>
      <trkpt lat="56.549977" lon="10.355251"><ele>16.2</ele></trkpt>
      <trkpt lat="56.549844" lon="10.354804"><ele>16.1</ele></trkpt>
      <trkpt lat="56.549768" lon="10.354678"><ele>16.0</ele></trkpt>
      <trkpt lat="56.549636" lon="10.354545"><ele>16.0</ele></trkpt>
      <trkpt lat="56.548939" lon="10.354065"><ele>15.7</ele></trkpt>
      <trkpt lat="56.548832" lon="10.353874"><ele>15.7</ele></trkpt>
      <trkpt lat="56.548807" lon="10.353772"><ele>15.7</ele></trkpt>
      <trkpt lat="56.548434" lon="10.347653"><ele>15.2</ele></trkpt>
      <trkpt lat="56.548298" lon="10.346480"><ele>14.5</ele></trkpt>
      <trkpt lat="56.547782" lon="10.343284"><ele>11.9</ele></trkpt>
      <trkpt lat="56.547775" lon="10.342907"><ele>11.6</ele></trkpt>
      <trkpt lat="56.548135" lon="10.341354"><ele>10.4</ele></trkpt>
      <trkpt lat="56.548144" lon="10.341116"><ele>10.3</ele></trkpt>
      <trkpt lat="56.548107" lon="10.340817"><ele>10.2</ele></trkpt>
      <trkpt lat="56.547471" lon="10.338101"><ele>10.0</ele></trkpt>
      <trkpt lat="56.546346" lon="10.333574"><ele>11.7</ele></trkpt>
      <trkpt lat="56.546319" lon="10.333404"><ele>11.7</ele></trkpt>
      <trkpt lat="56.546320" lon="10.333248"><ele>11.8</ele></trkpt>
      <trkpt lat="56.546498" lon="10.332270"><ele>11.9</ele></trkpt>
      <trkpt lat="56.546511" lon="10.331962"><ele>11.9</ele></trkpt>
      <trkpt lat="56.546470" lon="10.330739"><ele>12.0</ele></trkpt>
      <trkpt lat="56.543717" lon="10.333177"><ele>12.4</ele></trkpt>
      <trkpt lat="56.543611" lon="10.333214"><ele>12.4</ele></trkpt>
      <trkpt lat="56.543529" lon="10.333182"><ele>12.4</ele></trkpt>
      <trkpt lat="56.543446" lon="10.333061"><ele>12.4</ele></trkpt>
      <trkpt lat="56.541887" lon="10.326565"><ele>12.3</ele></trkpt>
      <trkpt lat="56.541790" lon="10.326413"><ele>12.3</ele></trkpt>
      <trkpt lat="56.541708" lon="10.326395"><ele>12.4</ele></trkpt>
      <trkpt lat="56.541612" lon="10.326444"><ele>12.4</ele></trkpt>
      <trkpt lat="56.539096" lon="10.329589"><ele>17.2</ele></trkpt>
      <trkpt lat="56.537568" lon="10.331505"><ele>20.4</ele></trkpt>
      <trkpt lat="56.536529" lon="10.332808"><ele>22.1</ele></trkpt>
      <trkpt lat="56.534872" lon="10.334905"><ele>23.8</ele></trkpt>
      <trkpt lat="56.533927" lon="10.336099"><ele>24.6</ele></trkpt>
      <trkpt lat="56.531261" lon="10.339438"><ele>26.2</ele></trkpt>
      <trkpt lat="56.530809" lon="10.339883"><ele>26.3</ele></trkpt>
      <trkpt lat="56.530459" lon="10.340087"><ele>26.2</ele></trkpt>
      <trkpt lat="56.530418" lon="10.340112"><ele>26.2</ele></trkpt>
      <trkpt lat="56.529924" lon="10.340269"><ele>26.1</ele></trkpt>
      <trkpt lat="56.529446" lon="10.340367"><ele>26.0</ele></trkpt>
      <trkpt lat="56.529041" lon="10.340461"><ele>25.5</ele></trkpt>
      <trkpt lat="56.528806" lon="10.340327"><ele>24.9</ele></trkpt>
      <trkpt lat="56.528644" lon="10.340215"><ele>24.6</ele></trkpt>
      <trkpt lat="56.527702" lon="10.339564"><ele>22.4</ele></trkpt>
      <trkpt lat="56.527366" lon="10.339393"><ele>22.1</ele></trkpt>
      <trkpt lat="56.527064" lon="10.339338"><ele>22.0</ele></trkpt>
      <trkpt lat="56.526002" lon="10.339307"><ele>21.7</ele></trkpt>
      <trkpt lat="56.524772" lon="10.339256"><ele>23.6</ele></trkpt>
      <trkpt lat="56.524536" lon="10.339191"><ele>24.0</ele></trkpt>
      <trkpt lat="56.524314" lon="10.339046"><ele>24.5</ele></trkpt>
      <trkpt lat="56.522548" lon="10.337647"><ele>26.6</ele></trkpt>
      <trkpt lat="56.520769" lon="10.336174"><ele>26.8</ele></trkpt>
      <trkpt lat="56.520555" lon="10.336064"><ele>26.7</ele></trkpt>
      <trkpt lat="56.519682" lon="10.335889"><ele>26.2</ele></trkpt>
      <trkpt lat="56.518363" lon="10.335629"><ele>25.3</ele></trkpt>
      <trkpt lat="56.517060" lon="10.335384"><ele>24.2</ele></trkpt>
      <trkpt lat="56.516194" lon="10.335222"><ele>23.9</ele></trkpt>
      <trkpt lat="56.515414" lon="10.335075"><ele>23.7</ele></trkpt>
      <trkpt lat="56.515000" lon="10.338653"><ele>26.5</ele></trkpt>
      <trkpt lat="56.514943" lon="10.339392"><ele>26.7</ele></trkpt>
      <trkpt lat="56.514801" lon="10.340729"><ele>27.0</ele></trkpt>
      <trkpt lat="56.514719" lon="10.340908"><ele>27.0</ele></trkpt>
      <trkpt lat="56.514622" lon="10.340993"><ele>27.0</ele></trkpt>
      <trkpt lat="56.511975" lon="10.340571"><ele>23.9</ele></trkpt>
      <trkpt lat="56.511897" lon="10.340623"><ele>23.8</ele></trkpt>
      <trkpt lat="56.511818" lon="10.340733"><ele>23.7</ele></trkpt>
      <trkpt lat="56.511616" lon="10.341371"><ele>23.3</ele></trkpt>
      <trkpt lat="56.511581" lon="10.341428"><ele>23.3</ele></trkpt>
      <trkpt lat="56.511426" lon="10.341474"><ele>23.1</ele></trkpt>
      <trkpt lat="56.510870" lon="10.342362"><ele>22.4</ele></trkpt>
      <trkpt lat="56.510799" lon="10.342429"><ele>22.3</ele></trkpt>
      <trkpt lat="56.510695" lon="10.342449"><ele>22.2</ele></trkpt>
      <trkpt lat="56.506516" lon="10.340018"><ele>18.2</ele></trkpt>
      <trkpt lat="56.506388" lon="10.339968"><ele>18.1</ele></trkpt>
      <trkpt lat="56.506320" lon="10.340006"><ele>18.0</ele></trkpt>
      <trkpt lat="56.506260" lon="10.339870"><ele>18.0</ele></trkpt>
      <trkpt lat="56.506052" lon="10.339760"><ele>17.8</ele></trkpt>
      <trkpt lat="56.505992" lon="10.339646"><ele>17.8</ele></trkpt>
      <trkpt lat="56.505969" lon="10.339355"><ele>17.7</ele></trkpt>
      <trkpt lat="56.505734" lon="10.339175"><ele>17.7</ele></trkpt>
      <trkpt lat="56.505477" lon="10.338950"><ele>17.6</ele></trkpt>
      <trkpt lat="56.505156" lon="10.338765"><ele>17.5</ele></trkpt>
      <trkpt lat="56.505177" lon="10.338615"><ele>17.4</ele></trkpt>
      <trkpt lat="56.504825" lon="10.338419"><ele>17.3</ele></trkpt>
      <trkpt lat="56.504553" lon="10.338172"><ele>17.0</ele></trkpt>
      <trkpt lat="56.504206" lon="10.337875"><ele>16.5</ele></trkpt>
      <trkpt lat="56.504345" lon="10.337397"><ele>16.1</ele></trkpt>
      <trkpt lat="56.504370" lon="10.337312"><ele>16.0</ele></trkpt>
      <trkpt lat="56.504386" lon="10.337227"><ele>15.9</ele></trkpt>
      <trkpt lat="56.504372" lon="10.336774"><ele>15.6</ele></trkpt>
      <trkpt lat="56.504401" lon="10.336769"><ele>15.5</ele></trkpt>
      <trkpt lat="56.504391" lon="10.336003"><ele>14.9</ele></trkpt>
      <trkpt lat="56.504388" lon="10.335470"><ele>14.4</ele></trkpt>
      <trkpt lat="56.504289" lon="10.335545"><ele>14.2</ele></trkpt>
      <trkpt lat="56.503990" lon="10.335772"><ele>13.5</ele></trkpt>
      <trkpt lat="56.503743" lon="10.335959"><ele>13.0</ele></trkpt>
      <trkpt lat="56.503515" lon="10.336129"><ele>12.5</ele></trkpt>
      <trkpt lat="56.503196" lon="10.336298"><ele>11.8</ele></trkpt>
      <trkpt lat="56.502634" lon="10.336310"><ele>10.6</ele></trkpt>
      <trkpt lat="56.502500" lon="10.336269"><ele>10.3</ele></trkpt>
      <trkpt lat="56.502332" lon="10.336154"><ele>10.0</ele></trkpt>
      <trkpt lat="56.502161" lon="10.335999"><ele>9.6</ele></trkpt>
      <trkpt lat="56.502051" lon="10.335831"><ele>9.3</ele></trkpt>
      <trkpt lat="56.501918" lon="10.335573"><ele>8.9</ele></trkpt>
      <trkpt lat="56.501711" lon="10.335169"><ele>8.3</ele></trkpt>
      <trkpt lat="56.501656" lon="10.335061"><ele>8.1</ele></trkpt>
      <trkpt lat="56.501565" lon="10.334884"><ele>7.8</ele></trkpt>
      <trkpt lat="56.501492" lon="10.334742"><ele>7.6</ele></trkpt>
      <trkpt lat="56.501316" lon="10.334456"><ele>7.3</ele></trkpt>
      <trkpt lat="56.501129" lon="10.334196"><ele>7.2</ele></trkpt>
      <trkpt lat="56.500984" lon="10.334092"><ele>7.1</ele></trkpt>
      <trkpt lat="56.500922" lon="10.334048"><ele>7.1</ele></trkpt>
      <trkpt lat="56.500712" lon="10.333898"><ele>6.9</ele></trkpt>
      <trkpt lat="56.500594" lon="10.333783"><ele>6.9</ele></trkpt>
      <trkpt lat="56.500389" lon="10.333484"><ele>6.8</ele></trkpt>
      <trkpt lat="56.500121" lon="10.332938"><ele>6.6</ele></trkpt>
      <trkpt lat="56.499942" lon="10.332640"><ele>6.5</ele></trkpt>
      <trkpt lat="56.499635" lon="10.332284"><ele>6.8</ele></trkpt>
      <trkpt lat="56.499348" lon="10.331983"><ele>7.1</ele></trkpt>
      <trkpt lat="56.499258" lon="10.331919"><ele>7.2</ele></trkpt>
      <trkpt lat="56.499195" lon="10.331873"><ele>7.3</ele></trkpt>
      <trkpt lat="56.498990" lon="10.331776"><ele>7.5</ele></trkpt>
      <trkpt lat="56.498536" lon="10.331590"><ele>7.9</ele></trkpt>
      <trkpt lat="56.498164" lon="10.331438"><ele>8.1</ele></trkpt>
      <trkpt lat="56.498111" lon="10.331416"><ele>8.0</ele></trkpt>
      <trkpt lat="56.497985" lon="10.331364"><ele>8.0</ele></trkpt>
      <trkpt lat="56.497883" lon="10.331323"><ele>8.0</ele></trkpt>
      <trkpt lat="56.496793" lon="10.330875"><ele>7.9</ele></trkpt>
      <trkpt lat="56.496569" lon="10.330784"><ele>7.9</ele></trkpt>
      <trkpt lat="56.495873" lon="10.330493"><ele>7.5</ele></trkpt>
      <trkpt lat="56.495859" lon="10.330593"><ele>7.4</ele></trkpt>
      <trkpt lat="56.495360" lon="10.330388"><ele>7.1</ele></trkpt>
      <trkpt lat="56.495080" lon="10.330229"><ele>7.0</ele></trkpt>
      <trkpt lat="56.493662" lon="10.329187"><ele>6.9</ele></trkpt>
      <trkpt lat="56.493197" lon="10.328804"><ele>7.0</ele></trkpt>
      <trkpt lat="56.486793" lon="10.322721"><ele>2.9</ele></trkpt>
      <trkpt lat="56.486428" lon="10.322418"><ele>2.7</ele></trkpt>
      <trkpt lat="56.483670" lon="10.320484"><ele>1.6</ele></trkpt>
      <trkpt lat="56.483467" lon="10.320400"><ele>1.5</ele></trkpt>
      <trkpt lat="56.483153" lon="10.320393"><ele>1.6</ele></trkpt>
      <trkpt lat="56.480991" lon="10.320762"><ele>1.8</ele></trkpt>
      <trkpt lat="56.477978" lon="10.321291"><ele>2.1</ele></trkpt>
      <trkpt lat="56.476041" lon="10.321631"><ele>1.4</ele></trkpt>
      <trkpt lat="56.475958" lon="10.321633"><ele>1.4</ele></trkpt>
      <trkpt lat="56.475652" lon="10.321607"><ele>1.2</ele></trkpt>
      <trkpt lat="56.472390" lon="10.320857"><ele>-0.5</ele></trkpt>
      <trkpt lat="56.472035" lon="10.320919"><ele>-0.5</ele></trkpt>
      <trkpt lat="56.471686" lon="10.320697"><ele>-0.5</ele></trkpt>
      <trkpt lat="56.469865" lon="10.320287"><ele>-0.3</ele></trkpt>
      <trkpt lat="56.469760" lon="10.320317"><ele>-0.2</ele></trkpt>
      <trkpt lat="56.469701" lon="10.320461"><ele>-0.2</ele></trkpt>
      <trkpt lat="56.469693" lon="10.320568"><ele>-0.2</ele></trkpt>
      <trkpt lat="56.469626" lon="10.320587"><ele>-0.2</ele></trkpt>
      <trkpt lat="56.469690" lon="10.321598"><ele>-0.1</ele></trkpt>
      <trkpt lat="56.470171" lon="10.328369"><ele>-0.7</ele></trkpt>
      <trkpt lat="56.470594" lon="10.334274"><ele>-1.5</ele></trkpt>
      <trkpt lat="56.470633" lon="10.335215"><ele>-0.8</ele></trkpt>
      <trkpt lat="56.470594" lon="10.334274"><ele>-0.0</ele></trkpt>
      <trkpt lat="56.470529" lon="10.334321"><ele>0.1</ele></trkpt>
      <trkpt lat="56.470512" lon="10.335112"><ele>0.7</ele></trkpt>
      <trkpt lat="56.470468" lon="10.335359"><ele>0.9</ele></trkpt>
      <trkpt lat="56.470078" lon="10.336729"><ele>2.8</ele></trkpt>
      <trkpt lat="56.469992" lon="10.336901"><ele>3.1</ele></trkpt>
      <trkpt lat="56.469918" lon="10.337327"><ele>3.7</ele></trkpt>
      <trkpt lat="56.470007" lon="10.337692"><ele>4.2</ele></trkpt>
      <trkpt lat="56.469861" lon="10.338342"><ele>5.0</ele></trkpt>
      <trkpt lat="56.469530" lon="10.338097"><ele>5.5</ele></trkpt>
      <trkpt lat="56.469321" lon="10.337991"><ele>5.7</ele></trkpt>
      <trkpt lat="56.469015" lon="10.337937"><ele>6.1</ele></trkpt>
      <trkpt lat="56.468603" lon="10.337996"><ele>6.6</ele></trkpt>
      <trkpt lat="56.467807" lon="10.338264"><ele>7.7</ele></trkpt>
      <trkpt lat="56.467574" lon="10.338381"><ele>8.1</ele></trkpt>
      <trkpt lat="56.467493" lon="10.338460"><ele>8.2</ele></trkpt>
      <trkpt lat="56.467374" lon="10.338630"><ele>8.4</ele></trkpt>
      <trkpt lat="56.467194" lon="10.338363"><ele>8.8</ele></trkpt>
      <trkpt lat="56.466733" lon="10.338414"><ele>9.5</ele></trkpt>
      <trkpt lat="56.466183" lon="10.338476"><ele>9.7</ele></trkpt>
      <trkpt lat="56.465569" lon="10.338523"><ele>9.1</ele></trkpt>
      <trkpt lat="56.465456" lon="10.338042"><ele>8.8</ele></trkpt>
      <trkpt lat="56.465371" lon="10.337683"><ele>8.5</ele></trkpt>
      <trkpt lat="56.465264" lon="10.337227"><ele>8.3</ele></trkpt>
      <trkpt lat="56.465095" lon="10.336680"><ele>7.7</ele></trkpt>
      <trkpt lat="56.464931" lon="10.336273"><ele>7.0</ele></trkpt>
      <trkpt lat="56.464804" lon="10.336002"><ele>6.6</ele></trkpt>
      <trkpt lat="56.464485" lon="10.335499"><ele>5.6</ele></trkpt>
      <trkpt lat="56.464434" lon="10.335584"><ele>5.4</ele></trkpt>
      <trkpt lat="56.464042" lon="10.335784"><ele>4.4</ele></trkpt>
      <trkpt lat="56.463994" lon="10.335807"><ele>4.3</ele></trkpt>
      <trkpt lat="56.463692" lon="10.335916"><ele>3.8</ele></trkpt>
      <trkpt lat="56.463663" lon="10.335927"><ele>3.8</ele></trkpt>
      <trkpt lat="56.463108" lon="10.336129"><ele>3.4</ele></trkpt>
      <trkpt lat="56.462536" lon="10.336336"><ele>3.0</ele></trkpt>
      <trkpt lat="56.461983" lon="10.336717"><ele>2.6</ele></trkpt>
      <trkpt lat="56.461722" lon="10.336991"><ele>2.4</ele></trkpt>
      <trkpt lat="56.461636" lon="10.337151"><ele>2.3</ele></trkpt>
      <trkpt lat="56.461516" lon="10.336979"><ele>2.2</ele></trkpt>
      <trkpt lat="56.461426" lon="10.336946"><ele>2.2</ele></trkpt>
      <trkpt lat="56.461095" lon="10.337801"><ele>1.8</ele></trkpt>
      <trkpt lat="56.460736" lon="10.338587"><ele>1.5</ele></trkpt>
      <trkpt lat="56.458957" lon="10.341911"><ele>1.8</ele></trkpt>
      <trkpt lat="56.458475" lon="10.342827"><ele>2.0</ele></trkpt>
      <trkpt lat="56.457210" lon="10.345249"><ele>3.5</ele></trkpt>
      <trkpt lat="56.456641" lon="10.346415"><ele>4.2</ele></trkpt>
      <trkpt lat="56.456084" lon="10.347663"><ele>4.9</ele></trkpt>
      <trkpt lat="56.454152" lon="10.351991"><ele>3.5</ele></trkpt>
      <trkpt lat="56.452383" lon="10.355939"><ele>2.4</ele></trkpt>
      <trkpt lat="56.451870" lon="10.357007"><ele>2.2</ele></trkpt>
      <trkpt lat="56.451388" lon="10.357859"><ele>2.1</ele></trkpt>
      <trkpt lat="56.450587" lon="10.359011"><ele>2.5</ele></trkpt>
      <trkpt lat="56.450463" lon="10.359152"><ele>2.6</ele></trkpt>
      <trkpt lat="56.449899" lon="10.359787"><ele>2.9</ele></trkpt>
      <trkpt lat="56.447010" lon="10.362338"><ele>5.7</ele></trkpt>
      <trkpt lat="56.444741" lon="10.364320"><ele>6.4</ele></trkpt>
      <trkpt lat="56.441298" lon="10.367327"><ele>6.5</ele></trkpt>
      <trkpt lat="56.441236" lon="10.367217"><ele>6.5</ele></trkpt>
      <trkpt lat="56.441036" lon="10.367109"><ele>6.4</ele></trkpt>
      <trkpt lat="56.438457" lon="10.364918"><ele>5.0</ele></trkpt>
      <trkpt lat="56.438020" lon="10.364725"><ele>5.2</ele></trkpt>
      <trkpt lat="56.437635" lon="10.364736"><ele>5.4</ele></trkpt>
      <trkpt lat="56.437480" lon="10.364691"><ele>5.5</ele></trkpt>
      <trkpt lat="56.437186" lon="10.364432"><ele>5.6</ele></trkpt>
      <trkpt lat="56.437113" lon="10.364462"><ele>5.6</ele></trkpt>
      <trkpt lat="56.437125" lon="10.364226"><ele>5.7</ele></trkpt>
      <trkpt lat="56.436844" lon="10.363682"><ele>5.8</ele></trkpt>
      <trkpt lat="56.436842" lon="10.363420"><ele>5.8</ele></trkpt>
      <trkpt lat="56.437641" lon="10.360010"><ele>5.9</ele></trkpt>
      <trkpt lat="56.439089" lon="10.354521"><ele>4.4</ele></trkpt>
      <trkpt lat="56.439186" lon="10.354311"><ele>4.4</ele></trkpt>
      <trkpt lat="56.439724" lon="10.353882"><ele>4.3</ele></trkpt>
      <trkpt lat="56.439935" lon="10.353664"><ele>4.2</ele></trkpt>
      <trkpt lat="56.440059" lon="10.353449"><ele>4.2</ele></trkpt>
      <trkpt lat="56.436796" lon="10.353308"><ele>3.8</ele></trkpt>
      <trkpt lat="56.434499" lon="10.353301"><ele>3.9</ele></trkpt>
      <trkpt lat="56.434141" lon="10.353192"><ele>3.9</ele></trkpt>
      <trkpt lat="56.434398" lon="10.351549"><ele>4.0</ele></trkpt>
      <trkpt lat="56.434141" lon="10.353192"><ele>4.3</ele></trkpt>
      <trkpt lat="56.433619" lon="10.356464"><ele>5.3</ele></trkpt>
      <trkpt lat="56.433096" lon="10.359740"><ele>5.3</ele></trkpt>
      <trkpt lat="56.433059" lon="10.360204"><ele>5.4</ele></trkpt>
      <trkpt lat="56.433010" lon="10.360179"><ele>5.4</ele></trkpt>
      <trkpt lat="56.432908" lon="10.360125"><ele>5.4</ele></trkpt>
      <trkpt lat="56.432868" lon="10.360729"><ele>5.5</ele></trkpt>
      <trkpt lat="56.432584" lon="10.362475"><ele>6.0</ele></trkpt>
      <trkpt lat="56.432387" lon="10.362418"><ele>6.1</ele></trkpt>
      <trkpt lat="56.432245" lon="10.362372"><ele>6.2</ele></trkpt>
      <trkpt lat="56.432076" lon="10.362329"><ele>6.3</ele></trkpt>
      <trkpt lat="56.431646" lon="10.362214"><ele>6.6</ele></trkpt>
      <trkpt lat="56.431569" lon="10.362193"><ele>6.7</ele></trkpt>
      <trkpt lat="56.431382" lon="10.363562"><ele>7.1</ele></trkpt>
      <trkpt lat="56.431322" lon="10.364012"><ele>7.3</ele></trkpt>
      <trkpt lat="56.431262" lon="10.364465"><ele>7.4</ele></trkpt>
      <trkpt lat="56.431185" lon="10.365031"><ele>7.6</ele></trkpt>
      <trkpt lat="56.431170" lon="10.365144"><ele>7.6</ele></trkpt>
      <trkpt lat="56.431113" lon="10.365567"><ele>7.7</ele></trkpt>
      <trkpt lat="56.431032" lon="10.366161"><ele>8.0</ele></trkpt>
      <trkpt lat="56.431024" lon="10.366224"><ele>8.0</ele></trkpt>
      <trkpt lat="56.430873" lon="10.367312"><ele>8.4</ele></trkpt>
      <trkpt lat="56.430708" lon="10.368510"><ele>8.9</ele></trkpt>
      <trkpt lat="56.430604" lon="10.369257"><ele>9.2</ele></trkpt>
      <trkpt lat="56.429825" lon="10.369258"><ele>9.7</ele></trkpt>
      <trkpt lat="56.429552" lon="10.371085"><ele>10.4</ele></trkpt>
      <trkpt lat="56.429297" lon="10.372933"><ele>10.3</ele></trkpt>
      <trkpt lat="56.429175" lon="10.373745"><ele>10.2</ele></trkpt>
      <trkpt lat="56.429076" lon="10.374447"><ele>10.2</ele></trkpt>
      <trkpt lat="56.429065" lon="10.374523"><ele>10.2</ele></trkpt>
      <trkpt lat="56.428948" lon="10.375353"><ele>10.2</ele></trkpt>
      <trkpt lat="56.428475" lon="10.375131"><ele>10.1</ele></trkpt>
      <trkpt lat="56.428261" lon="10.375030"><ele>10.1</ele></trkpt>
      <trkpt lat="56.428239" lon="10.375020"><ele>10.1</ele></trkpt>
      <trkpt lat="56.428023" lon="10.374918"><ele>10.1</ele></trkpt>
      <trkpt lat="56.427937" lon="10.374878"><ele>10.1</ele></trkpt>
      <trkpt lat="56.427552" lon="10.374698"><ele>10.3</ele></trkpt>
      <trkpt lat="56.427068" lon="10.374510"><ele>10.5</ele></trkpt>
      <trkpt lat="56.426925" lon="10.374699"><ele>10.6</ele></trkpt>
      <trkpt lat="56.426798" lon="10.375871"><ele>11.0</ele></trkpt>
      <trkpt lat="56.426824" lon="10.375908"><ele>11.0</ele></trkpt>
      <trkpt lat="56.426810" lon="10.376061"><ele>11.0</ele></trkpt>
      <trkpt lat="56.426772" lon="10.376048"><ele>11.0</ele></trkpt>
      <trkpt lat="56.426276" lon="10.375878"><ele>11.0</ele></trkpt>
      <trkpt lat="56.425260" lon="10.375511"><ele>11.0</ele></trkpt>
      <trkpt lat="56.425264" lon="10.375386"><ele>11.0</ele></trkpt>
      <trkpt lat="56.425238" lon="10.375270"><ele>11.0</ele></trkpt>
      <trkpt lat="56.425185" lon="10.375187"><ele>10.9</ele></trkpt>
      <trkpt lat="56.425118" lon="10.375155"><ele>10.9</ele></trkpt>
      <trkpt lat="56.425006" lon="10.375232"><ele>10.9</ele></trkpt>
      <trkpt lat="56.424962" lon="10.375168"><ele>10.8</ele></trkpt>
      <trkpt lat="56.424901" lon="10.375214"><ele>10.8</ele></trkpt>
      <trkpt lat="56.424648" lon="10.375181"><ele>10.7</ele></trkpt>
      <trkpt lat="56.422769" lon="10.374521"><ele>9.6</ele></trkpt>
      <trkpt lat="56.422408" lon="10.374394"><ele>9.3</ele></trkpt>
      <trkpt lat="56.422027" lon="10.374262"><ele>9.0</ele></trkpt>
      <trkpt lat="56.421400" lon="10.373898"><ele>8.3</ele></trkpt>
      <trkpt lat="56.420956" lon="10.373519"><ele>7.7</ele></trkpt>
      <trkpt lat="56.420563" lon="10.373079"><ele>7.0</ele></trkpt>
      <trkpt lat="56.420154" lon="10.372464"><ele>6.4</ele></trkpt>
      <trkpt lat="56.417455" lon="10.367874"><ele>7.1</ele></trkpt>
      <trkpt lat="56.416874" lon="10.366910"><ele>6.6</ele></trkpt>
      <trkpt lat="56.415315" lon="10.364237"><ele>4.3</ele></trkpt>
      <trkpt lat="56.414540" lon="10.362811"><ele>3.5</ele></trkpt>
      <trkpt lat="56.414185" lon="10.362342"><ele>3.4</ele></trkpt>
      <trkpt lat="56.413643" lon="10.361427"><ele>3.2</ele></trkpt>
      <trkpt lat="56.413341" lon="10.361024"><ele>3.6</ele></trkpt>
      <trkpt lat="56.412853" lon="10.360539"><ele>4.2</ele></trkpt>
      <trkpt lat="56.412398" lon="10.360214"><ele>4.8</ele></trkpt>
      <trkpt lat="56.412086" lon="10.360075"><ele>5.2</ele></trkpt>
      <trkpt lat="56.411119" lon="10.359851"><ele>6.1</ele></trkpt>
      <trkpt lat="56.411048" lon="10.359766"><ele>6.2</ele></trkpt>
      <trkpt lat="56.411007" lon="10.359608"><ele>6.3</ele></trkpt>
      <trkpt lat="56.410961" lon="10.359618"><ele>6.3</ele></trkpt>
      <trkpt lat="56.410917" lon="10.359655"><ele>6.4</ele></trkpt>
      <trkpt lat="56.410905" lon="10.359775"><ele>6.4</ele></trkpt>
      <trkpt lat="56.410847" lon="10.359810"><ele>6.5</ele></trkpt>
      <trkpt lat="56.406488" lon="10.359015"><ele>10.1</ele></trkpt>
      <trkpt lat="56.406049" lon="10.358858"><ele>10.6</ele></trkpt>
      <trkpt lat="56.405850" lon="10.358914"><ele>10.8</ele></trkpt>
      <trkpt lat="56.405795" lon="10.358984"><ele>10.9</ele></trkpt>
      <trkpt lat="56.405680" lon="10.358971"><ele>11.0</ele></trkpt>
      <trkpt lat="56.405588" lon="10.358953"><ele>11.1</ele></trkpt>
      <trkpt lat="56.405322" lon="10.358901"><ele>11.4</ele></trkpt>
      <trkpt lat="56.405146" lon="10.358867"><ele>11.6</ele></trkpt>
      <trkpt lat="56.404647" lon="10.358819"><ele>12.2</ele></trkpt>
      <trkpt lat="56.404560" lon="10.358823"><ele>12.3</ele></trkpt>
      <trkpt lat="56.404411" lon="10.358830"><ele>12.4</ele></trkpt>
      <trkpt lat="56.404282" lon="10.358837"><ele>12.6</ele></trkpt>
      <trkpt lat="56.403748" lon="10.358872"><ele>13.2</ele></trkpt>
      <trkpt lat="56.403433" lon="10.358899"><ele>13.6</ele></trkpt>
      <trkpt lat="56.402909" lon="10.358944"><ele>13.9</ele></trkpt>
      <trkpt lat="56.402451" lon="10.358984"><ele>14.1</ele></trkpt>
      <trkpt lat="56.401624" lon="10.359055"><ele>14.4</ele></trkpt>
      <trkpt lat="56.400598" lon="10.359143"><ele>14.2</ele></trkpt>
      <trkpt lat="56.399796" lon="10.359251"><ele>13.9</ele></trkpt>
      <trkpt lat="56.399356" lon="10.359399"><ele>14.5</ele></trkpt>
      <trkpt lat="56.399290" lon="10.359423"><ele>14.6</ele></trkpt>
      <trkpt lat="56.399248" lon="10.359239"><ele>14.9</ele></trkpt>
      <trkpt lat="56.398911" lon="10.358349"><ele>16.4</ele></trkpt>
      <trkpt lat="56.398075" lon="10.355870"><ele>21.0</ele></trkpt>
      <trkpt lat="56.397918" lon="10.355505"><ele>21.8</ele></trkpt>
      <trkpt lat="56.397617" lon="10.355000"><ele>23.2</ele></trkpt>
      <trkpt lat="56.396684" lon="10.353489"><ele>26.9</ele></trkpt>
      <trkpt lat="56.396296" lon="10.352832"><ele>28.4</ele></trkpt>
      <trkpt lat="56.394769" lon="10.350147"><ele>33.2</ele></trkpt>
      <trkpt lat="56.394708" lon="10.349918"><ele>33.4</ele></trkpt>
      <trkpt lat="56.394625" lon="10.349954"><ele>33.6</ele></trkpt>
      <trkpt lat="56.394604" lon="10.349858"><ele>33.7</ele></trkpt>
      <trkpt lat="56.393479" lon="10.347732"><ele>36.5</ele></trkpt>
      <trkpt lat="56.393027" lon="10.346823"><ele>37.9</ele></trkpt>
      <trkpt lat="56.392004" lon="10.344497"><ele>41.5</ele></trkpt>
      <trkpt lat="56.391112" lon="10.342952"><ele>44.6</ele></trkpt>
      <trkpt lat="56.390928" lon="10.342695"><ele>45.4</ele></trkpt>
      <trkpt lat="56.390517" lon="10.342421"><ele>46.8</ele></trkpt>
      <trkpt lat="56.390249" lon="10.342352"><ele>47.7</ele></trkpt>
      <trkpt lat="56.389939" lon="10.342325"><ele>48.7</ele></trkpt>
      <trkpt lat="56.389665" lon="10.342357"><ele>49.7</ele></trkpt>
      <trkpt lat="56.389157" lon="10.342534"><ele>51.9</ele></trkpt>
      <trkpt lat="56.388950" lon="10.342526"><ele>53.0</ele></trkpt>
      <trkpt lat="56.388673" lon="10.342342"><ele>54.4</ele></trkpt>
      <trkpt lat="56.388575" lon="10.342234"><ele>55.0</ele></trkpt>
      <trkpt lat="56.388087" lon="10.341505"><ele>58.1</ele></trkpt>
      <trkpt lat="56.388024" lon="10.341437"><ele>58.5</ele></trkpt>
      <trkpt lat="56.387859" lon="10.341353"><ele>59.3</ele></trkpt>
      <trkpt lat="56.387682" lon="10.341379"><ele>60.2</ele></trkpt>
      <trkpt lat="56.387157" lon="10.341606"><ele>62.7</ele></trkpt>
      <trkpt lat="56.386323" lon="10.341893"><ele>66.7</ele></trkpt>
      <trkpt lat="56.385624" lon="10.342240"><ele>69.1</ele></trkpt>
      <trkpt lat="56.385449" lon="10.342297"><ele>69.6</ele></trkpt>
      <trkpt lat="56.385267" lon="10.342296"><ele>70.1</ele></trkpt>
      <trkpt lat="56.385135" lon="10.342211"><ele>70.5</ele></trkpt>
      <trkpt lat="56.384994" lon="10.341982"><ele>71.0</ele></trkpt>
      <trkpt lat="56.384650" lon="10.341266"><ele>72.4</ele></trkpt>
      <trkpt lat="56.384411" lon="10.340600"><ele>72.3</ele></trkpt>
      <trkpt lat="56.384238" lon="10.340474"><ele>72.1</ele></trkpt>
      <trkpt lat="56.384121" lon="10.340562"><ele>72.0</ele></trkpt>
      <trkpt lat="56.383664" lon="10.340510"><ele>71.7</ele></trkpt>
      <trkpt lat="56.382777" lon="10.340323"><ele>70.8</ele></trkpt>
      <trkpt lat="56.382290" lon="10.340119"><ele>69.9</ele></trkpt>
      <trkpt lat="56.379041" lon="10.339422"><ele>64.9</ele></trkpt>
      <trkpt lat="56.377163" lon="10.338881"><ele>61.3</ele></trkpt>
      <trkpt lat="56.375639" lon="10.338453"><ele>59.7</ele></trkpt>
      <trkpt lat="56.375448" lon="10.340852"><ele>60.0</ele></trkpt>
      <trkpt lat="56.375411" lon="10.341310"><ele>60.0</ele></trkpt>
      <trkpt lat="56.375039" lon="10.345830"><ele>56.6</ele></trkpt>
      <trkpt lat="56.374945" lon="10.346566"><ele>55.7</ele></trkpt>
      <trkpt lat="56.373968" lon="10.346561"><ele>54.0</ele></trkpt>
      <trkpt lat="56.373786" lon="10.346555"><ele>53.8</ele></trkpt>
      <trkpt lat="56.373229" lon="10.346538"><ele>53.2</ele></trkpt>
      <trkpt lat="56.372854" lon="10.346526"><ele>52.8</ele></trkpt>
      <trkpt lat="56.372485" lon="10.346612"><ele>52.7</ele></trkpt>
      <trkpt lat="56.371350" lon="10.346945"><ele>55.0</ele></trkpt>
      <trkpt lat="56.370905" lon="10.347181"><ele>56.0</ele></trkpt>
      <trkpt lat="56.370757" lon="10.347295"><ele>56.1</ele></trkpt>
      <trkpt lat="56.370572" lon="10.347438"><ele>55.8</ele></trkpt>
      <trkpt lat="56.370068" lon="10.347701"><ele>55.0</ele></trkpt>
      <trkpt lat="56.369682" lon="10.347896"><ele>54.4</ele></trkpt>
      <trkpt lat="56.369492" lon="10.348918"><ele>53.6</ele></trkpt>
      <trkpt lat="56.369474" lon="10.349016"><ele>53.4</ele></trkpt>
      <trkpt lat="56.369364" lon="10.349010"><ele>53.1</ele></trkpt>
      <trkpt lat="56.368957" lon="10.349201"><ele>52.1</ele></trkpt>
      <trkpt lat="56.367702" lon="10.349983"><ele>48.7</ele></trkpt>
      <trkpt lat="56.367572" lon="10.350114"><ele>48.5</ele></trkpt>
      <trkpt lat="56.367466" lon="10.350303"><ele>48.2</ele></trkpt>
      <trkpt lat="56.367415" lon="10.350598"><ele>47.9</ele></trkpt>
      <trkpt lat="56.366982" lon="10.350413"><ele>47.1</ele></trkpt>
      <trkpt lat="56.366479" lon="10.350276"><ele>46.2</ele></trkpt>
      <trkpt lat="56.363383" lon="10.349706"><ele>40.5</ele></trkpt>
      <trkpt lat="56.360198" lon="10.349110"><ele>32.8</ele></trkpt>
      <trkpt lat="56.357389" lon="10.348579"><ele>34.6</ele></trkpt>
      <trkpt lat="56.356718" lon="10.348406"><ele>35.2</ele></trkpt>
      <trkpt lat="56.356643" lon="10.348373"><ele>35.3</ele></trkpt>
      <trkpt lat="56.355731" lon="10.347920"><ele>36.0</ele></trkpt>
      <trkpt lat="56.355533" lon="10.347793"><ele>36.2</ele></trkpt>
      <trkpt lat="56.355335" lon="10.347665"><ele>35.9</ele></trkpt>
      <trkpt lat="56.354181" lon="10.346758"><ele>34.3</ele></trkpt>
      <trkpt lat="56.354052" lon="10.346555"><ele>34.0</ele></trkpt>
      <trkpt lat="56.353913" lon="10.346404"><ele>33.8</ele></trkpt>
      <trkpt lat="56.353888" lon="10.346333"><ele>33.7</ele></trkpt>
      <trkpt lat="56.353897" lon="10.346228"><ele>33.6</ele></trkpt>
      <trkpt lat="56.353867" lon="10.346045"><ele>33.4</ele></trkpt>
      <trkpt lat="56.353820" lon="10.345915"><ele>33.3</ele></trkpt>
      <trkpt lat="56.353777" lon="10.345817"><ele>33.2</ele></trkpt>
      <trkpt lat="56.353756" lon="10.345755"><ele>33.1</ele></trkpt>
      <trkpt lat="56.353636" lon="10.345830"><ele>32.9</ele></trkpt>
      <trkpt lat="56.353477" lon="10.345823"><ele>32.6</ele></trkpt>
      <trkpt lat="56.353364" lon="10.345884"><ele>32.4</ele></trkpt>
      <trkpt lat="56.353245" lon="10.345854"><ele>32.1</ele></trkpt>
      <trkpt lat="56.352884" lon="10.345745"><ele>31.5</ele></trkpt>
      <trkpt lat="56.352651" lon="10.345562"><ele>31.0</ele></trkpt>
      <trkpt lat="56.351721" lon="10.344822"><ele>27.1</ele></trkpt>
      <trkpt lat="56.351422" lon="10.344677"><ele>25.8</ele></trkpt>
      <trkpt lat="56.350890" lon="10.344670"><ele>23.4</ele></trkpt>
      <trkpt lat="56.350370" lon="10.344741"><ele>21.5</ele></trkpt>
      <trkpt lat="56.350130" lon="10.344871"><ele>20.7</ele></trkpt>
      <trkpt lat="56.349884" lon="10.345078"><ele>19.8</ele></trkpt>
      <trkpt lat="56.349679" lon="10.345330"><ele>19.0</ele></trkpt>
      <trkpt lat="56.349303" lon="10.345792"><ele>17.6</ele></trkpt>
      <trkpt lat="56.349106" lon="10.345994"><ele>16.9</ele></trkpt>
      <trkpt lat="56.348961" lon="10.346090"><ele>16.6</ele></trkpt>
      <trkpt lat="56.348602" lon="10.346215"><ele>16.1</ele></trkpt>
      <trkpt lat="56.348410" lon="10.346239"><ele>15.9</ele></trkpt>
      <trkpt lat="56.346871" lon="10.346415"><ele>14.1</ele></trkpt>
      <trkpt lat="56.346493" lon="10.346332"><ele>13.8</ele></trkpt>
      <trkpt lat="56.346294" lon="10.346229"><ele>13.7</ele></trkpt>
      <trkpt lat="56.346109" lon="10.346070"><ele>13.5</ele></trkpt>
      <trkpt lat="56.345204" lon="10.345110"><ele>12.7</ele></trkpt>
      <trkpt lat="56.344847" lon="10.344731"><ele>12.3</ele></trkpt>
      <trkpt lat="56.344666" lon="10.344477"><ele>12.0</ele></trkpt>
      <trkpt lat="56.344494" lon="10.344148"><ele>11.8</ele></trkpt>
      <trkpt lat="56.344338" lon="10.343765"><ele>11.5</ele></trkpt>
      <trkpt lat="56.343769" lon="10.341834"><ele>10.5</ele></trkpt>
      <trkpt lat="56.343548" lon="10.341332"><ele>10.3</ele></trkpt>
      <trkpt lat="56.343419" lon="10.341098"><ele>10.1</ele></trkpt>
      <trkpt lat="56.343295" lon="10.340911"><ele>10.0</ele></trkpt>
      <trkpt lat="56.341791" lon="10.338677"><ele>9.0</ele></trkpt>
      <trkpt lat="56.341486" lon="10.338364"><ele>9.2</ele></trkpt>
      <trkpt lat="56.340236" lon="10.337260"><ele>10.0</ele></trkpt>
      <trkpt lat="56.339842" lon="10.336954"><ele>10.6</ele></trkpt>
      <trkpt lat="56.337068" lon="10.335687"><ele>14.0</ele></trkpt>
      <trkpt lat="56.335295" lon="10.335058"><ele>14.6</ele></trkpt>
      <trkpt lat="56.334955" lon="10.334872"><ele>14.8</ele></trkpt>
      <trkpt lat="56.334334" lon="10.334343"><ele>15.7</ele></trkpt>
      <trkpt lat="56.333639" lon="10.333702"><ele>16.6</ele></trkpt>
      <trkpt lat="56.333165" lon="10.333267"><ele>17.2</ele></trkpt>
      <trkpt lat="56.333107" lon="10.333594"><ele>17.3</ele></trkpt>
      <trkpt lat="56.333045" lon="10.333512"><ele>17.4</ele></trkpt>
      <trkpt lat="56.333063" lon="10.333366"><ele>17.4</ele></trkpt>
      <trkpt lat="56.332995" lon="10.333264"><ele>17.5</ele></trkpt>
      <trkpt lat="56.331291" lon="10.331889"><ele>17.9</ele></trkpt>
      <trkpt lat="56.331164" lon="10.331743"><ele>17.9</ele></trkpt>
      <trkpt lat="56.330323" lon="10.331075"><ele>17.5</ele></trkpt>
      <trkpt lat="56.330217" lon="10.331035"><ele>17.5</ele></trkpt>
      <trkpt lat="56.323014" lon="10.325402"><ele>22.5</ele></trkpt>
      <trkpt lat="56.322791" lon="10.325237"><ele>22.8</ele></trkpt>
      <trkpt lat="56.322596" lon="10.325147"><ele>23.0</ele></trkpt>
      <trkpt lat="56.322587" lon="10.325111"><ele>23.0</ele></trkpt>
      <trkpt lat="56.322204" lon="10.324658"><ele>23.6</ele></trkpt>
      <trkpt lat="56.322175" lon="10.324636"><ele>23.6</ele></trkpt>
      <trkpt lat="56.321980" lon="10.324502"><ele>23.9</ele></trkpt>
      <trkpt lat="56.320979" lon="10.323934"><ele>25.2</ele></trkpt>
      <trkpt lat="56.320656" lon="10.323748"><ele>25.6</ele></trkpt>
      <trkpt lat="56.320302" lon="10.323553"><ele>25.8</ele></trkpt>
      <trkpt lat="56.320031" lon="10.323403"><ele>25.8</ele></trkpt>
      <trkpt lat="56.319582" lon="10.323161"><ele>25.7</ele></trkpt>
      <trkpt lat="56.319282" lon="10.322995"><ele>25.7</ele></trkpt>
      <trkpt lat="56.318950" lon="10.322809"><ele>25.7</ele></trkpt>
      <trkpt lat="56.318825" lon="10.322740"><ele>25.7</ele></trkpt>
      <trkpt lat="56.318259" lon="10.322424"><ele>25.4</ele></trkpt>
      <trkpt lat="56.317404" lon="10.321943"><ele>24.9</ele></trkpt>
      <trkpt lat="56.316649" lon="10.321523"><ele>24.8</ele></trkpt>
      <trkpt lat="56.316475" lon="10.321428"><ele>24.8</ele></trkpt>
      <trkpt lat="56.316324" lon="10.321361"><ele>24.8</ele></trkpt>
      <trkpt lat="56.316103" lon="10.321264"><ele>24.9</ele></trkpt>
      <trkpt lat="56.315669" lon="10.321248"><ele>24.9</ele></trkpt>
      <trkpt lat="56.315625" lon="10.321249"><ele>24.9</ele></trkpt>
      <trkpt lat="56.315598" lon="10.321250"><ele>24.9</ele></trkpt>
      <trkpt lat="56.315557" lon="10.321250"><ele>24.9</ele></trkpt>
      <trkpt lat="56.315159" lon="10.321205"><ele>25.2</ele></trkpt>
      <trkpt lat="56.315129" lon="10.321194"><ele>25.3</ele></trkpt>
      <trkpt lat="56.314959" lon="10.321100"><ele>25.6</ele></trkpt>
      <trkpt lat="56.314759" lon="10.320931"><ele>26.0</ele></trkpt>
      <trkpt lat="56.314595" lon="10.320781"><ele>26.4</ele></trkpt>
      <trkpt lat="56.314260" lon="10.320562"><ele>27.0</ele></trkpt>
      <trkpt lat="56.313957" lon="10.320438"><ele>27.6</ele></trkpt>
      <trkpt lat="56.313709" lon="10.320339"><ele>28.1</ele></trkpt>
      <trkpt lat="56.313391" lon="10.320209"><ele>28.7</ele></trkpt>
      <trkpt lat="56.313157" lon="10.320114"><ele>29.2</ele></trkpt>
      <trkpt lat="56.312690" lon="10.319865"><ele>30.3</ele></trkpt>
      <trkpt lat="56.312566" lon="10.319801"><ele>30.6</ele></trkpt>
      <trkpt lat="56.312262" lon="10.319645"><ele>31.2</ele></trkpt>
      <trkpt lat="56.312203" lon="10.319616"><ele>31.4</ele></trkpt>
      <trkpt lat="56.311944" lon="10.319527"><ele>31.9</ele></trkpt>
      <trkpt lat="56.311462" lon="10.319265"><ele>32.8</ele></trkpt>
      <trkpt lat="56.310455" lon="10.318716"><ele>34.7</ele></trkpt>
      <trkpt lat="56.310053" lon="10.318479"><ele>35.4</ele></trkpt>
      <trkpt lat="56.309541" lon="10.318178"><ele>35.9</ele></trkpt>
      <trkpt lat="56.309503" lon="10.318156"><ele>36.0</ele></trkpt>
      <trkpt lat="56.309000" lon="10.317829"><ele>36.5</ele></trkpt>
      <trkpt lat="56.308465" lon="10.317483"><ele>37.1</ele></trkpt>
      <trkpt lat="56.308221" lon="10.317341"><ele>37.4</ele></trkpt>
      <trkpt lat="56.306697" lon="10.316358"><ele>39.1</ele></trkpt>
      <trkpt lat="56.306331" lon="10.316325"><ele>39.5</ele></trkpt>
      <trkpt lat="56.305769" lon="10.316523"><ele>40.2</ele></trkpt>
      <trkpt lat="56.305535" lon="10.316551"><ele>40.5</ele></trkpt>
      <trkpt lat="56.305446" lon="10.316526"><ele>40.6</ele></trkpt>
      <trkpt lat="56.305430" lon="10.316494"><ele>40.6</ele></trkpt>
      <trkpt lat="56.305361" lon="10.316429"><ele>40.7</ele></trkpt>
      <trkpt lat="56.305244" lon="10.316467"><ele>40.8</ele></trkpt>
      <trkpt lat="56.305205" lon="10.316532"><ele>40.9</ele></trkpt>
      <trkpt lat="56.305149" lon="10.316476"><ele>41.0</ele></trkpt>
      <trkpt lat="56.305108" lon="10.316447"><ele>41.0</ele></trkpt>
      <trkpt lat="56.305056" lon="10.316460"><ele>41.1</ele></trkpt>
      <trkpt lat="56.304912" lon="10.316630"><ele>41.3</ele></trkpt>
      <trkpt lat="56.304480" lon="10.316873"><ele>41.8</ele></trkpt>
      <trkpt lat="56.304028" lon="10.316913"><ele>42.3</ele></trkpt>
      <trkpt lat="56.302304" lon="10.316835"><ele>44.4</ele></trkpt>
      <trkpt lat="56.300187" lon="10.316412"><ele>47.5</ele></trkpt>
      <trkpt lat="56.299619" lon="10.316375"><ele>48.3</ele></trkpt>
      <trkpt lat="56.299009" lon="10.316485"><ele>49.5</ele></trkpt>
      <trkpt lat="56.297651" lon="10.316918"><ele>52.1</ele></trkpt>
      <trkpt lat="56.297261" lon="10.316953"><ele>53.1</ele></trkpt>
      <trkpt lat="56.296592" lon="10.316865"><ele>54.8</ele></trkpt>
      <trkpt lat="56.296476" lon="10.316822"><ele>55.1</ele></trkpt>
      <trkpt lat="56.296420" lon="10.316750"><ele>55.2</ele></trkpt>
      <trkpt lat="56.296187" lon="10.316768"><ele>55.8</ele></trkpt>
      <trkpt lat="56.295915" lon="10.316642"><ele>56.4</ele></trkpt>
      <trkpt lat="56.294638" lon="10.315894"><ele>59.3</ele></trkpt>
      <trkpt lat="56.294075" lon="10.315594"><ele>60.3</ele></trkpt>
      <trkpt lat="56.292792" lon="10.315347"><ele>62.2</ele></trkpt>
      <trkpt lat="56.292234" lon="10.315127"><ele>62.8</ele></trkpt>
      <trkpt lat="56.291939" lon="10.314856"><ele>63.1</ele></trkpt>
      <trkpt lat="56.290149" lon="10.312592"><ele>65.4</ele></trkpt>
      <trkpt lat="56.289681" lon="10.312259"><ele>66.0</ele></trkpt>
      <trkpt lat="56.288248" lon="10.311734"><ele>69.2</ele></trkpt>
      <trkpt lat="56.288157" lon="10.311653"><ele>69.4</ele></trkpt>
      <trkpt lat="56.288051" lon="10.311619"><ele>69.7</ele></trkpt>
      <trkpt lat="56.287872" lon="10.311557"><ele>70.1</ele></trkpt>
      <trkpt lat="56.287560" lon="10.311598"><ele>71.0</ele></trkpt>
      <trkpt lat="56.287449" lon="10.311656"><ele>71.4</ele></trkpt>
      <trkpt lat="56.287344" lon="10.311733"><ele>71.9</ele></trkpt>
      <trkpt lat="56.287372" lon="10.311870"><ele>72.1</ele></trkpt>
      <trkpt lat="56.287103" lon="10.312068"><ele>73.2</ele></trkpt>
      <trkpt lat="56.287008" lon="10.312097"><ele>73.6</ele></trkpt>
      <trkpt lat="56.286140" lon="10.312087"><ele>76.7</ele></trkpt>
      <trkpt lat="56.285785" lon="10.312244"><ele>77.5</ele></trkpt>
      <trkpt lat="56.285715" lon="10.312279"><ele>77.6</ele></trkpt>
      <trkpt lat="56.285404" lon="10.312452"><ele>78.2</ele></trkpt>
      <trkpt lat="56.285133" lon="10.312606"><ele>78.7</ele></trkpt>
      <trkpt lat="56.285069" lon="10.312640"><ele>78.8</ele></trkpt>
      <trkpt lat="56.284860" lon="10.312750"><ele>79.2</ele></trkpt>
      <trkpt lat="56.284357" lon="10.313014"><ele>80.2</ele></trkpt>
      <trkpt lat="56.283872" lon="10.313226"><ele>79.2</ele></trkpt>
      <trkpt lat="56.283568" lon="10.313359"><ele>78.6</ele></trkpt>
      <trkpt lat="56.283373" lon="10.313428"><ele>78.2</ele></trkpt>
      <trkpt lat="56.283065" lon="10.313497"><ele>77.6</ele></trkpt>
      <trkpt lat="56.283044" lon="10.313499"><ele>77.5</ele></trkpt>
      <trkpt lat="56.282618" lon="10.313519"><ele>76.7</ele></trkpt>
      <trkpt lat="56.282470" lon="10.313474"><ele>76.3</ele></trkpt>
      <trkpt lat="56.281880" lon="10.313194"><ele>74.5</ele></trkpt>
      <trkpt lat="56.281525" lon="10.313026"><ele>73.4</ele></trkpt>
      <trkpt lat="56.281155" lon="10.312858"><ele>72.3</ele></trkpt>
      <trkpt lat="56.281102" lon="10.312831"><ele>72.1</ele></trkpt>
      <trkpt lat="56.280610" lon="10.312565"><ele>71.1</ele></trkpt>
      <trkpt lat="56.280332" lon="10.312417"><ele>70.9</ele></trkpt>
      <trkpt lat="56.279370" lon="10.311914"><ele>70.2</ele></trkpt>
      <trkpt lat="56.279302" lon="10.311873"><ele>70.2</ele></trkpt>
      <trkpt lat="56.279260" lon="10.311850"><ele>70.2</ele></trkpt>
      <trkpt lat="56.278501" lon="10.311456"><ele>70.5</ele></trkpt>
      <trkpt lat="56.276693" lon="10.310541"><ele>71.7</ele></trkpt>
      <trkpt lat="56.276601" lon="10.310492"><ele>71.8</ele></trkpt>
      <trkpt lat="56.276426" lon="10.310402"><ele>71.9</ele></trkpt>
      <trkpt lat="56.276412" lon="10.310488"><ele>71.9</ele></trkpt>
      <trkpt lat="56.275802" lon="10.310155"><ele>72.4</ele></trkpt>
      <trkpt lat="56.275654" lon="10.309907"><ele>72.5</ele></trkpt>
      <trkpt lat="56.275421" lon="10.309752"><ele>72.7</ele></trkpt>
      <trkpt lat="56.275007" lon="10.309465"><ele>73.0</ele></trkpt>
      <trkpt lat="56.274332" lon="10.308904"><ele>73.6</ele></trkpt>
      <trkpt lat="56.273930" lon="10.308485"><ele>73.9</ele></trkpt>
      <trkpt lat="56.273868" lon="10.308453"><ele>73.9</ele></trkpt>
      <trkpt lat="56.273806" lon="10.308490"><ele>74.0</ele></trkpt>
      <trkpt lat="56.273286" lon="10.307910"><ele>74.4</ele></trkpt>
      <trkpt lat="56.273261" lon="10.307965"><ele>74.4</ele></trkpt>
      <trkpt lat="56.272407" lon="10.306769"><ele>75.1</ele></trkpt>
      <trkpt lat="56.272180" lon="10.306544"><ele>75.2</ele></trkpt>
      <trkpt lat="56.272110" lon="10.306098"><ele>75.3</ele></trkpt>
      <trkpt lat="56.271920" lon="10.305834"><ele>75.5</ele></trkpt>
      <trkpt lat="56.271825" lon="10.305808"><ele>75.5</ele></trkpt>
      <trkpt lat="56.271789" lon="10.305850"><ele>75.5</ele></trkpt>
      <trkpt lat="56.271744" lon="10.305997"><ele>75.6</ele></trkpt>
      <trkpt lat="56.271681" lon="10.306068"><ele>75.6</ele></trkpt>
      <trkpt lat="56.271610" lon="10.306063"><ele>75.7</ele></trkpt>
      <trkpt lat="56.271638" lon="10.305914"><ele>75.7</ele></trkpt>
      <trkpt lat="56.271661" lon="10.305928"><ele>75.7</ele></trkpt>
      <trkpt lat="56.271692" lon="10.305861"><ele>75.8</ele></trkpt>
      <trkpt lat="56.271728" lon="10.305671"><ele>75.8</ele></trkpt>
      <trkpt lat="56.271357" lon="10.305442"><ele>75.7</ele></trkpt>
      <trkpt lat="56.271307" lon="10.305709"><ele>75.5</ele></trkpt>
      <trkpt lat="56.271242" lon="10.305712"><ele>75.5</ele></trkpt>
      <trkpt lat="56.271178" lon="10.305657"><ele>75.4</ele></trkpt>
      <trkpt lat="56.270945" lon="10.305412"><ele>75.2</ele></trkpt>
      <trkpt lat="56.270426" lon="10.305033"><ele>74.7</ele></trkpt>
      <trkpt lat="56.270161" lon="10.304882"><ele>74.4</ele></trkpt>
      <trkpt lat="56.269898" lon="10.304736"><ele>74.2</ele></trkpt>
      <trkpt lat="56.269087" lon="10.304395"><ele>73.5</ele></trkpt>
      <trkpt lat="56.269102" lon="10.304286"><ele>73.5</ele></trkpt>
      <trkpt lat="56.269022" lon="10.303338"><ele>73.1</ele></trkpt>
      <trkpt lat="56.268928" lon="10.302242"><ele>72.4</ele></trkpt>
      <trkpt lat="56.268628" lon="10.302180"><ele>72.0</ele></trkpt>
      <trkpt lat="56.267823" lon="10.301876"><ele>70.9</ele></trkpt>
      <trkpt lat="56.267920" lon="10.301303"><ele>70.5</ele></trkpt>
      <trkpt lat="56.268073" lon="10.299778"><ele>69.8</ele></trkpt>
      <trkpt lat="56.267920" lon="10.301303"><ele>69.2</ele></trkpt>
      <trkpt lat="56.267823" lon="10.301876"><ele>68.3</ele></trkpt>
      <trkpt lat="56.267701" lon="10.302604"><ele>67.1</ele></trkpt>
      <trkpt lat="56.267665" lon="10.302885"><ele>66.7</ele></trkpt>
      <trkpt lat="56.267558" lon="10.303791"><ele>65.2</ele></trkpt>
      <trkpt lat="56.267016" lon="10.303577"><ele>63.3</ele></trkpt>
      <trkpt lat="56.266827" lon="10.303502"><ele>62.5</ele></trkpt>
      <trkpt lat="56.266788" lon="10.303487"><ele>62.3</ele></trkpt>
      <trkpt lat="56.266439" lon="10.303349"><ele>60.7</ele></trkpt>
      <trkpt lat="56.265645" lon="10.303035"><ele>57.1</ele></trkpt>
      <trkpt lat="56.265262" lon="10.302876"><ele>55.5</ele></trkpt>
      <trkpt lat="56.265140" lon="10.302825"><ele>55.0</ele></trkpt>
      <trkpt lat="56.264797" lon="10.302695"><ele>53.8</ele></trkpt>
      <trkpt lat="56.264754" lon="10.302678"><ele>53.6</ele></trkpt>
      <trkpt lat="56.264331" lon="10.302506"><ele>52.1</ele></trkpt>
      <trkpt lat="56.263991" lon="10.302370"><ele>50.9</ele></trkpt>
      <trkpt lat="56.263194" lon="10.302053"><ele>48.7</ele></trkpt>
      <trkpt lat="56.262723" lon="10.301865"><ele>47.8</ele></trkpt>
      <trkpt lat="56.262455" lon="10.301756"><ele>47.2</ele></trkpt>
      <trkpt lat="56.262434" lon="10.302202"><ele>46.8</ele></trkpt>
      <trkpt lat="56.262446" lon="10.302445"><ele>46.5</ele></trkpt>
      <trkpt lat="56.262481" lon="10.302768"><ele>46.1</ele></trkpt>
      <trkpt lat="56.262505" lon="10.302937"><ele>45.9</ele></trkpt>
      <trkpt lat="56.262546" lon="10.303297"><ele>45.4</ele></trkpt>
      <trkpt lat="56.262535" lon="10.303584"><ele>44.9</ele></trkpt>
      <trkpt lat="56.262506" lon="10.303697"><ele>44.8</ele></trkpt>
      <trkpt lat="56.262382" lon="10.303976"><ele>44.2</ele></trkpt>
      <trkpt lat="56.262335" lon="10.304054"><ele>44.1</ele></trkpt>
      <trkpt lat="56.262062" lon="10.304396"><ele>43.2</ele></trkpt>
      <trkpt lat="56.261958" lon="10.304491"><ele>42.9</ele></trkpt>
      <trkpt lat="56.261692" lon="10.304644"><ele>42.1</ele></trkpt>
      <trkpt lat="56.261340" lon="10.304730"><ele>41.2</ele></trkpt>
      <trkpt lat="56.261128" lon="10.304736"><ele>40.6</ele></trkpt>
      <trkpt lat="56.260940" lon="10.304747"><ele>40.1</ele></trkpt>
      <trkpt lat="56.260354" lon="10.304778"><ele>38.5</ele></trkpt>
      <trkpt lat="56.260240" lon="10.304824"><ele>38.2</ele></trkpt>
      <trkpt lat="56.260134" lon="10.304903"><ele>37.9</ele></trkpt>
      <trkpt lat="56.259920" lon="10.305418"><ele>37.0</ele></trkpt>
      <trkpt lat="56.259845" lon="10.305409"><ele>36.8</ele></trkpt>
      <trkpt lat="56.259789" lon="10.305500"><ele>36.6</ele></trkpt>
      <trkpt lat="56.259282" lon="10.305170"><ele>36.0</ele></trkpt>
      <trkpt lat="56.258948" lon="10.304937"><ele>35.6</ele></trkpt>
      <trkpt lat="56.258923" lon="10.304919"><ele>35.6</ele></trkpt>
      <trkpt lat="56.258539" lon="10.304654"><ele>35.2</ele></trkpt>
      <trkpt lat="56.258196" lon="10.304415"><ele>34.8</ele></trkpt>
      <trkpt lat="56.257736" lon="10.304128"><ele>34.3</ele></trkpt>
      <trkpt lat="56.257380" lon="10.303976"><ele>34.0</ele></trkpt>
      <trkpt lat="56.257267" lon="10.303942"><ele>33.9</ele></trkpt>
      <trkpt lat="56.257224" lon="10.303930"><ele>33.9</ele></trkpt>
      <trkpt lat="56.256776" lon="10.303819"><ele>33.5</ele></trkpt>
      <trkpt lat="56.256078" lon="10.303639"><ele>32.7</ele></trkpt>
      <trkpt lat="56.254986" lon="10.303355"><ele>30.5</ele></trkpt>
      <trkpt lat="56.254687" lon="10.303275"><ele>30.0</ele></trkpt>
      <trkpt lat="56.254105" lon="10.303119"><ele>28.1</ele></trkpt>
      <trkpt lat="56.252237" lon="10.302636"><ele>21.8</ele></trkpt>
      <trkpt lat="56.251932" lon="10.302558"><ele>21.0</ele></trkpt>
      <trkpt lat="56.251574" lon="10.302415"><ele>20.1</ele></trkpt>
      <trkpt lat="56.251397" lon="10.302302"><ele>19.6</ele></trkpt>
      <trkpt lat="56.251131" lon="10.302057"><ele>18.9</ele></trkpt>
      <trkpt lat="56.250781" lon="10.301534"><ele>18.8</ele></trkpt>
      <trkpt lat="56.250622" lon="10.301190"><ele>19.0</ele></trkpt>
      <trkpt lat="56.250649" lon="10.301095"><ele>19.1</ele></trkpt>
      <trkpt lat="56.250533" lon="10.300623"><ele>19.3</ele></trkpt>
      <trkpt lat="56.250374" lon="10.300201"><ele>19.5</ele></trkpt>
      <trkpt lat="56.250268" lon="10.300033"><ele>19.6</ele></trkpt>
      <trkpt lat="56.249990" lon="10.299739"><ele>19.8</ele></trkpt>
      <trkpt lat="56.249479" lon="10.299338"><ele>19.5</ele></trkpt>
      <trkpt lat="56.248552" lon="10.298749"><ele>18.6</ele></trkpt>
      <trkpt lat="56.248177" lon="10.298411"><ele>18.3</ele></trkpt>
      <trkpt lat="56.247847" lon="10.298056"><ele>18.3</ele></trkpt>
      <trkpt lat="56.247306" lon="10.297287"><ele>18.3</ele></trkpt>
      <trkpt lat="56.246772" lon="10.296298"><ele>18.3</ele></trkpt>
      <trkpt lat="56.246646" lon="10.296514"><ele>18.2</ele></trkpt>
      <trkpt lat="56.246230" lon="10.297275"><ele>18.0</ele></trkpt>
      <trkpt lat="56.245872" lon="10.297923"><ele>17.8</ele></trkpt>
      <trkpt lat="56.245529" lon="10.298476"><ele>17.6</ele></trkpt>
      <trkpt lat="56.245108" lon="10.298954"><ele>17.1</ele></trkpt>
      <trkpt lat="56.245134" lon="10.299097"><ele>17.1</ele></trkpt>
      <trkpt lat="56.245101" lon="10.299528"><ele>16.8</ele></trkpt>
      <trkpt lat="56.245027" lon="10.300362"><ele>16.4</ele></trkpt>
      <trkpt lat="56.234272" lon="10.296716"><ele>7.0</ele></trkpt>
      <trkpt lat="56.233573" lon="10.296377"><ele>6.9</ele></trkpt>
      <trkpt lat="56.232902" lon="10.295936"><ele>6.9</ele></trkpt>
      <trkpt lat="56.231575" lon="10.294949"><ele>6.8</ele></trkpt>
      <trkpt lat="56.230687" lon="10.294289"><ele>6.7</ele></trkpt>
      <trkpt lat="56.230569" lon="10.294197"><ele>6.7</ele></trkpt>
      <trkpt lat="56.230579" lon="10.293984"><ele>6.8</ele></trkpt>
      <trkpt lat="56.230594" lon="10.293117"><ele>7.1</ele></trkpt>
      <trkpt lat="56.230607" lon="10.292428"><ele>7.3</ele></trkpt>
      <trkpt lat="56.230476" lon="10.292366"><ele>7.4</ele></trkpt>
      <trkpt lat="56.229903" lon="10.291835"><ele>7.7</ele></trkpt>
      <trkpt lat="56.229752" lon="10.291599"><ele>7.5</ele></trkpt>
      <trkpt lat="56.229691" lon="10.291310"><ele>7.3</ele></trkpt>
      <trkpt lat="56.229486" lon="10.291419"><ele>7.1</ele></trkpt>
      <trkpt lat="56.229412" lon="10.291393"><ele>7.0</ele></trkpt>
      <trkpt lat="56.228497" lon="10.290621"><ele>5.9</ele></trkpt>
      <trkpt lat="56.227411" lon="10.289704"><ele>4.5</ele></trkpt>
      <trkpt lat="56.227238" lon="10.289850"><ele>4.3</ele></trkpt>
      <trkpt lat="56.226908" lon="10.290013"><ele>3.9</ele></trkpt>
      <trkpt lat="56.226719" lon="10.289933"><ele>3.7</ele></trkpt>
      <trkpt lat="56.225382" lon="10.288742"><ele>5.0</ele></trkpt>
      <trkpt lat="56.225192" lon="10.288693"><ele>5.1</ele></trkpt>
      <trkpt lat="56.224945" lon="10.288727"><ele>5.3</ele></trkpt>
      <trkpt lat="56.224526" lon="10.288775"><ele>5.7</ele></trkpt>
      <trkpt lat="56.224212" lon="10.288613"><ele>5.9</ele></trkpt>
      <trkpt lat="56.224093" lon="10.288473"><ele>6.1</ele></trkpt>
      <trkpt lat="56.221967" lon="10.286513"><ele>7.9</ele></trkpt>
      <trkpt lat="56.215557" lon="10.280682"><ele>10.3</ele></trkpt>
      <trkpt lat="56.214595" lon="10.279752"><ele>10.2</ele></trkpt>
      <trkpt lat="56.213548" lon="10.278566"><ele>10.0</ele></trkpt>
      <trkpt lat="56.212821" lon="10.277836"><ele>9.5</ele></trkpt>
      <trkpt lat="56.211824" lon="10.277055"><ele>8.0</ele></trkpt>
      <trkpt lat="56.211173" lon="10.276390"><ele>6.2</ele></trkpt>
      <trkpt lat="56.210568" lon="10.275593"><ele>4.6</ele></trkpt>
      <trkpt lat="56.209741" lon="10.274312"><ele>3.3</ele></trkpt>
      <trkpt lat="56.208947" lon="10.272650"><ele>2.8</ele></trkpt>
      <trkpt lat="56.208500" lon="10.271543"><ele>3.0</ele></trkpt>
      <trkpt lat="56.208476" lon="10.271442"><ele>3.0</ele></trkpt>
      <trkpt lat="56.208473" lon="10.271279"><ele>3.0</ele></trkpt>
      <trkpt lat="56.208525" lon="10.271104"><ele>3.1</ele></trkpt>
      <trkpt lat="56.208578" lon="10.271019"><ele>3.1</ele></trkpt>
      <trkpt lat="56.208716" lon="10.270939"><ele>3.2</ele></trkpt>
      <trkpt lat="56.208760" lon="10.270862"><ele>3.2</ele></trkpt>
      <trkpt lat="56.208765" lon="10.270743"><ele>3.3</ele></trkpt>
      <trkpt lat="56.208692" lon="10.270421"><ele>3.4</ele></trkpt>
      <trkpt lat="56.208558" lon="10.270522"><ele>3.5</ele></trkpt>
      <trkpt lat="56.208222" lon="10.270799"><ele>3.8</ele></trkpt>
      <trkpt lat="56.208122" lon="10.270880"><ele>3.9</ele></trkpt>
      <trkpt lat="56.207997" lon="10.270984"><ele>4.0</ele></trkpt>
      <trkpt lat="56.207902" lon="10.271062"><ele>4.0</ele></trkpt>
      <trkpt lat="56.207599" lon="10.271311"><ele>4.3</ele></trkpt>
      <trkpt lat="56.207471" lon="10.271308"><ele>4.4</ele></trkpt>
      <trkpt lat="56.207344" lon="10.271235"><ele>4.5</ele></trkpt>
      <trkpt lat="56.207130" lon="10.271082"><ele>4.6</ele></trkpt>
      <trkpt lat="56.205927" lon="10.270222"><ele>5.1</ele></trkpt>
      <trkpt lat="56.205601" lon="10.269986"><ele>5.0</ele></trkpt>
      <trkpt lat="56.204960" lon="10.269537"><ele>4.2</ele></trkpt>
      <trkpt lat="56.204677" lon="10.269387"><ele>3.9</ele></trkpt>
      <trkpt lat="56.204354" lon="10.269262"><ele>3.6</ele></trkpt>
      <trkpt lat="56.203782" lon="10.269037"><ele>3.0</ele></trkpt>
      <trkpt lat="56.203635" lon="10.268985"><ele>2.9</ele></trkpt>
      <trkpt lat="56.203429" lon="10.268911"><ele>2.7</ele></trkpt>
      <trkpt lat="56.203219" lon="10.268834"><ele>2.5</ele></trkpt>
      <trkpt lat="56.203104" lon="10.268793"><ele>2.4</ele></trkpt>
      <trkpt lat="56.202909" lon="10.268717"><ele>2.3</ele></trkpt>
      <trkpt lat="56.202652" lon="10.268703"><ele>2.1</ele></trkpt>
      <trkpt lat="56.202586" lon="10.268322"><ele>1.9</ele></trkpt>
      <trkpt lat="56.202503" lon="10.267831"><ele>1.8</ele></trkpt>
      <trkpt lat="56.202408" lon="10.267282"><ele>1.9</ele></trkpt>
      <trkpt lat="56.202310" lon="10.266714"><ele>2.0</ele></trkpt>
      <trkpt lat="56.202145" lon="10.265756"><ele>2.1</ele></trkpt>
      <trkpt lat="56.202114" lon="10.265577"><ele>2.1</ele></trkpt>
      <trkpt lat="56.202093" lon="10.265453"><ele>2.2</ele></trkpt>
      <trkpt lat="56.202075" lon="10.265366"><ele>2.2</ele></trkpt>
      <trkpt lat="56.201854" lon="10.264022"><ele>2.2</ele></trkpt>
      <trkpt lat="56.201738" lon="10.263362"><ele>2.2</ele></trkpt>
      <trkpt lat="56.201614" lon="10.262627"><ele>2.2</ele></trkpt>
      <trkpt lat="56.201600" lon="10.262545"><ele>2.2</ele></trkpt>
      <trkpt lat="56.201525" lon="10.262107"><ele>2.2</ele></trkpt>
      <trkpt lat="56.201497" lon="10.261945"><ele>2.2</ele></trkpt>
      <trkpt lat="56.201436" lon="10.261588"><ele>2.2</ele></trkpt>
      <trkpt lat="56.201384" lon="10.261274"><ele>2.3</ele></trkpt>
      <trkpt lat="56.201275" lon="10.260651"><ele>2.3</ele></trkpt>
      <trkpt lat="56.201124" lon="10.259940"><ele>2.4</ele></trkpt>
      <trkpt lat="56.201099" lon="10.259830"><ele>2.4</ele></trkpt>
      <trkpt lat="56.200912" lon="10.259182"><ele>2.5</ele></trkpt>
      <trkpt lat="56.200819" lon="10.258899"><ele>2.5</ele></trkpt>
      <trkpt lat="56.200729" lon="10.258651"><ele>2.5</ele></trkpt>
      <trkpt lat="56.200576" lon="10.258283"><ele>2.5</ele></trkpt>
      <trkpt lat="56.200524" lon="10.257990"><ele>2.5</ele></trkpt>
      <trkpt lat="56.200197" lon="10.257344"><ele>2.6</ele></trkpt>
      <trkpt lat="56.199780" lon="10.256512"><ele>2.6</ele></trkpt>
      <trkpt lat="56.199667" lon="10.256469"><ele>2.6</ele></trkpt>
      <trkpt lat="56.199487" lon="10.256113"><ele>2.6</ele></trkpt>
      <trkpt lat="56.199419" lon="10.255978"><ele>2.6</ele></trkpt>
      <trkpt lat="56.199357" lon="10.255856"><ele>2.6</ele></trkpt>
      <trkpt lat="56.199165" lon="10.255474"><ele>2.6</ele></trkpt>
      <trkpt lat="56.199077" lon="10.255301"><ele>2.6</ele></trkpt>
      <trkpt lat="56.199003" lon="10.255158"><ele>2.6</ele></trkpt>
      <trkpt lat="56.198996" lon="10.254970"><ele>2.6</ele></trkpt>
      <trkpt lat="56.198845" lon="10.254675"><ele>2.6</ele></trkpt>
      <trkpt lat="56.198689" lon="10.254367"><ele>2.6</ele></trkpt>
      <trkpt lat="56.198432" lon="10.253863"><ele>2.7</ele></trkpt>
      <trkpt lat="56.198213" lon="10.253434"><ele>2.7</ele></trkpt>
      <trkpt lat="56.198121" lon="10.253246"><ele>2.7</ele></trkpt>
      <trkpt lat="56.198005" lon="10.253191"><ele>2.7</ele></trkpt>
      <trkpt lat="56.197947" lon="10.253078"><ele>2.7</ele></trkpt>
      <trkpt lat="56.197794" lon="10.252777"><ele>2.8</ele></trkpt>
      <trkpt lat="56.197571" lon="10.252337"><ele>2.8</ele></trkpt>
      <trkpt lat="56.197450" lon="10.252099"><ele>2.8</ele></trkpt>
      <trkpt lat="56.197153" lon="10.251516"><ele>2.9</ele></trkpt>
      <trkpt lat="56.197142" lon="10.251496"><ele>2.9</ele></trkpt>
      <trkpt lat="56.196928" lon="10.251068"><ele>2.9</ele></trkpt>
      <trkpt lat="56.196647" lon="10.250516"><ele>2.9</ele></trkpt>
      <trkpt lat="56.196542" lon="10.250304"><ele>2.9</ele></trkpt>
      <trkpt lat="56.196349" lon="10.249936"><ele>2.9</ele></trkpt>
      <trkpt lat="56.196350" lon="10.249757"><ele>2.9</ele></trkpt>
      <trkpt lat="56.196181" lon="10.249425"><ele>3.0</ele></trkpt>
      <trkpt lat="56.196026" lon="10.249118"><ele>2.9</ele></trkpt>
      <trkpt lat="56.195929" lon="10.248926"><ele>2.9</ele></trkpt>
      <trkpt lat="56.195844" lon="10.248931"><ele>2.9</ele></trkpt>
      <trkpt lat="56.195563" lon="10.248381"><ele>2.8</ele></trkpt>
      <trkpt lat="56.195228" lon="10.247721"><ele>2.8</ele></trkpt>
      <trkpt lat="56.195017" lon="10.247299"><ele>2.7</ele></trkpt>
      <trkpt lat="56.194969" lon="10.247039"><ele>2.7</ele></trkpt>
      <trkpt lat="56.194856" lon="10.246816"><ele>2.7</ele></trkpt>
      <trkpt lat="56.194761" lon="10.246630"><ele>2.8</ele></trkpt>
      <trkpt lat="56.194655" lon="10.246586"><ele>2.8</ele></trkpt>
      <trkpt lat="56.194588" lon="10.246453"><ele>2.8</ele></trkpt>
      <trkpt lat="56.194468" lon="10.246158"><ele>2.9</ele></trkpt>
      <trkpt lat="56.194392" lon="10.245981"><ele>2.9</ele></trkpt>
      <trkpt lat="56.194307" lon="10.245800"><ele>2.9</ele></trkpt>
      <trkpt lat="56.194270" lon="10.245722"><ele>2.9</ele></trkpt>
      <trkpt lat="56.194206" lon="10.245585"><ele>3.0</ele></trkpt>
      <trkpt lat="56.194015" lon="10.245322"><ele>3.0</ele></trkpt>
      <trkpt lat="56.193896" lon="10.245096"><ele>3.1</ele></trkpt>
      <trkpt lat="56.193744" lon="10.244794"><ele>3.1</ele></trkpt>
      <trkpt lat="56.193650" lon="10.244606"><ele>3.1</ele></trkpt>
      <trkpt lat="56.193416" lon="10.244144"><ele>3.1</ele></trkpt>
      <trkpt lat="56.193202" lon="10.243727"><ele>3.2</ele></trkpt>
      <trkpt lat="56.193008" lon="10.243345"><ele>3.2</ele></trkpt>
      <trkpt lat="56.192866" lon="10.243066"><ele>3.2</ele></trkpt>
      <trkpt lat="56.192803" lon="10.242941"><ele>3.2</ele></trkpt>
      <trkpt lat="56.192720" lon="10.242779"><ele>3.2</ele></trkpt>
      <trkpt lat="56.192447" lon="10.242239"><ele>3.2</ele></trkpt>
      <trkpt lat="56.192390" lon="10.242130"><ele>3.2</ele></trkpt>
      <trkpt lat="56.192128" lon="10.241629"><ele>3.4</ele></trkpt>
      <trkpt lat="56.191903" lon="10.241192"><ele>3.5</ele></trkpt>
      <trkpt lat="56.191726" lon="10.240858"><ele>3.5</ele></trkpt>
      <trkpt lat="56.191560" lon="10.240587"><ele>3.6</ele></trkpt>
      <trkpt lat="56.191273" lon="10.240261"><ele>3.7</ele></trkpt>
      <trkpt lat="56.191246" lon="10.240236"><ele>3.7</ele></trkpt>
      <trkpt lat="56.190977" lon="10.239954"><ele>3.8</ele></trkpt>
      <trkpt lat="56.190755" lon="10.239722"><ele>3.9</ele></trkpt>
      <trkpt lat="56.190444" lon="10.239392"><ele>4.0</ele></trkpt>
      <trkpt lat="56.190198" lon="10.239133"><ele>4.1</ele></trkpt>
      <trkpt lat="56.190111" lon="10.238991"><ele>4.2</ele></trkpt>
      <trkpt lat="56.190044" lon="10.238706"><ele>4.2</ele></trkpt>
      <trkpt lat="56.189812" lon="10.238613"><ele>4.3</ele></trkpt>
      <trkpt lat="56.189726" lon="10.238626"><ele>4.3</ele></trkpt>
      <trkpt lat="56.189509" lon="10.238490"><ele>4.4</ele></trkpt>
      <trkpt lat="56.189381" lon="10.238444"><ele>4.3</ele></trkpt>
      <trkpt lat="56.189110" lon="10.238371"><ele>4.3</ele></trkpt>
      <trkpt lat="56.188895" lon="10.238320"><ele>4.3</ele></trkpt>
      <trkpt lat="56.188776" lon="10.238292"><ele>4.3</ele></trkpt>
      <trkpt lat="56.188573" lon="10.238231"><ele>4.3</ele></trkpt>
      <trkpt lat="56.187808" lon="10.238049"><ele>4.3</ele></trkpt>
      <trkpt lat="56.187623" lon="10.238003"><ele>4.1</ele></trkpt>
      <trkpt lat="56.187562" lon="10.237991"><ele>4.1</ele></trkpt>
      <trkpt lat="56.186800" lon="10.237797"><ele>3.6</ele></trkpt>
      <trkpt lat="56.186686" lon="10.237769"><ele>3.6</ele></trkpt>
      <trkpt lat="56.185910" lon="10.237513"><ele>3.2</ele></trkpt>
      <trkpt lat="56.185455" lon="10.237184"><ele>3.0</ele></trkpt>
      <trkpt lat="56.185428" lon="10.237165"><ele>3.0</ele></trkpt>
      <trkpt lat="56.185210" lon="10.236997"><ele>3.0</ele></trkpt>
      <trkpt lat="56.185157" lon="10.236961"><ele>2.9</ele></trkpt>
      <trkpt lat="56.184549" lon="10.236482"><ele>2.8</ele></trkpt>
      <trkpt lat="56.183896" lon="10.235975"><ele>3.0</ele></trkpt>
      <trkpt lat="56.183810" lon="10.235909"><ele>3.1</ele></trkpt>
      <trkpt lat="56.183336" lon="10.235554"><ele>3.3</ele></trkpt>
      <trkpt lat="56.182986" lon="10.235306"><ele>3.5</ele></trkpt>
      <trkpt lat="56.182518" lon="10.235061"><ele>3.8</ele></trkpt>
      <trkpt lat="56.181845" lon="10.234666"><ele>4.4</ele></trkpt>
      <trkpt lat="56.181530" lon="10.234508"><ele>4.6</ele></trkpt>
      <trkpt lat="56.180919" lon="10.234285"><ele>4.9</ele></trkpt>
      <trkpt lat="56.180530" lon="10.234136"><ele>4.8</ele></trkpt>
      <trkpt lat="56.180198" lon="10.233922"><ele>4.6</ele></trkpt>
      <trkpt lat="56.179601" lon="10.233659"><ele>4.3</ele></trkpt>
      <trkpt lat="56.178938" lon="10.233009"><ele>4.3</ele></trkpt>
      <trkpt lat="56.178154" lon="10.232177"><ele>4.6</ele></trkpt>
      <trkpt lat="56.176743" lon="10.230647"><ele>4.2</ele></trkpt>
      <trkpt lat="56.176398" lon="10.230309"><ele>4.0</ele></trkpt>
      <trkpt lat="56.173893" lon="10.227636"><ele>2.8</ele></trkpt>
      <trkpt lat="56.171211" lon="10.224164"><ele>2.9</ele></trkpt>
      <trkpt lat="56.170574" lon="10.223416"><ele>2.9</ele></trkpt>
      <trkpt lat="56.170037" lon="10.222851"><ele>2.8</ele></trkpt>
      <trkpt lat="56.169948" lon="10.222719"><ele>2.8</ele></trkpt>
      <trkpt lat="56.169750" lon="10.222417"><ele>2.7</ele></trkpt>
      <trkpt lat="56.169544" lon="10.222200"><ele>2.6</ele></trkpt>
      <trkpt lat="56.169312" lon="10.222014"><ele>2.5</ele></trkpt>
      <trkpt lat="56.169094" lon="10.221972"><ele>2.5</ele></trkpt>
      <trkpt lat="56.167468" lon="10.220323"><ele>3.1</ele></trkpt>
      <trkpt lat="56.167079" lon="10.219630"><ele>3.3</ele></trkpt>
      <trkpt lat="56.166950" lon="10.219384"><ele>3.4</ele></trkpt>
      <trkpt lat="56.166610" lon="10.218869"><ele>3.7</ele></trkpt>
      <trkpt lat="56.166239" lon="10.218438"><ele>3.9</ele></trkpt>
      <trkpt lat="56.166193" lon="10.218387"><ele>3.9</ele></trkpt>
      <trkpt lat="56.165547" lon="10.217804"><ele>4.1</ele></trkpt>
      <trkpt lat="56.165194" lon="10.217539"><ele>3.9</ele></trkpt>
      <trkpt lat="56.165169" lon="10.217527"><ele>3.9</ele></trkpt>
      <trkpt lat="56.165048" lon="10.217574"><ele>3.9</ele></trkpt>
      <trkpt lat="56.164231" lon="10.216919"><ele>3.5</ele></trkpt>
      <trkpt lat="56.164149" lon="10.216845"><ele>3.4</ele></trkpt>
      <trkpt lat="56.163998" lon="10.216713"><ele>3.5</ele></trkpt>
      <trkpt lat="56.163807" lon="10.216545"><ele>3.9</ele></trkpt>
      <trkpt lat="56.163736" lon="10.216480"><ele>4.1</ele></trkpt>
      <trkpt lat="56.163663" lon="10.216409"><ele>4.2</ele></trkpt>
      <trkpt lat="56.163369" lon="10.216119"><ele>4.8</ele></trkpt>
      <trkpt lat="56.163415" lon="10.215948"><ele>5.0</ele></trkpt>
      <trkpt lat="56.163622" lon="10.215192"><ele>5.9</ele></trkpt>
      <trkpt lat="56.163653" lon="10.215080"><ele>6.0</ele></trkpt>
      <trkpt lat="56.163680" lon="10.214918"><ele>6.2</ele></trkpt>
      <trkpt lat="56.163611" lon="10.214849"><ele>6.3</ele></trkpt>
      <trkpt lat="56.163032" lon="10.213834"><ele>6.8</ele></trkpt>
      <trkpt lat="56.162943" lon="10.213577"><ele>6.9</ele></trkpt>
      <trkpt lat="56.162823" lon="10.213181"><ele>6.9</ele></trkpt>
      <trkpt lat="56.162590" lon="10.212421"><ele>7.1</ele></trkpt>
      <trkpt lat="56.162541" lon="10.212255"><ele>7.1</ele></trkpt>
      <trkpt lat="56.162374" lon="10.211801"><ele>7.1</ele></trkpt>
      <trkpt lat="56.162225" lon="10.211466"><ele>7.1</ele></trkpt>
      <trkpt lat="56.162190" lon="10.211414"><ele>7.1</ele></trkpt>
      <trkpt lat="56.162122" lon="10.211314"><ele>7.1</ele></trkpt>
      <trkpt lat="56.161942" lon="10.211128"><ele>7.1</ele></trkpt>
      <trkpt lat="56.161844" lon="10.211205"><ele>7.1</ele></trkpt>
      <trkpt lat="56.161749" lon="10.211284"><ele>7.1</ele></trkpt>
    </trkseg>
  </trk>
</gpx>
